measure_datetime,water_level,temperature_2m,rain,showers,cloud_cover,relative_humidity_2m,dew_point_2m,precipitation,weather_code,pressure_msl,surface_pressure,wind_speed_10m,wind_direction_10m,wind_gusts_10m,et0_fao_evapotranspiration,river_discharge,water_level_pct,risk_level
2019-01-01,0.6472222222222223,24.2,0.0,0.0,55.875,65.875,17.191666666666666,0.0,1.6666666666666667,1016.1875,1016.0875,6.916666666666667,70.33333333333333,14.545833333333334,0.16958333333333334,1135.1614583333333,91.52467511461968,High Risk
2019-01-02,0.6929861111111112,24.195833333333336,0.0,0.0,86.70833333333333,63.041666666666664,16.504166666666666,0.0,2.625,1015.5583333333334,1015.4583333333334,7.358333333333333,138.0,15.433333333333332,0.1729166666666667,1141.7704166666665,91.78089754835177,High Risk
2019-01-03,0.5154861111111111,25.3625,0.0,0.0,83.41666666666667,56.916666666666664,16.162499999999998,0.0,2.5833333333333335,1015.3708333333334,1015.2708333333334,12.512500000000001,183.375,23.650000000000002,0.18916666666666668,1141.9895833333333,90.78711220598574,High Risk
2019-01-04,0.7979166666666666,24.8125,0.125,0.0,99.95833333333333,70.91666666666667,19.008333333333333,0.125,11.666666666666666,1014.475,1014.375,8.549999999999999,93.33333333333333,16.150000000000002,0.09958333333333334,1050.4795833333333,92.36838176287254,High Risk
2019-01-05,1.1558333333333333,24.516666666666666,0.17916666666666667,0.0,100.0,75.375,19.8125,0.17916666666666667,15.666666666666666,1013.5958333333333,1013.4958333333334,11.6625,211.25,22.833333333333332,0.08583333333333333,809.34875,94.37228225369985,High Risk
2019-01-06,0.8897916666666666,26.116666666666664,0.07083333333333333,0.0,92.25,78.70833333333333,21.929166666666664,0.07083333333333333,13.083333333333334,1013.2583333333333,1013.1583333333333,7.55,222.75,15.345833333333333,0.12875,504.9347916666666,92.88277065487188,High Risk
2019-01-07,0.89875,27.0125,0.05833333333333333,0.0,25.5,77.08333333333333,22.45,0.05833333333333333,13.166666666666666,1012.2291666666666,1012.1291666666666,8.049999999999999,225.625,17.695833333333333,0.14708333333333332,237.5875,92.9329264878786,High Risk
2019-01-08,1.0299305555555556,26.941666666666666,0.029166666666666664,0.0,28.083333333333332,83.45833333333333,23.770833333333332,0.029166666666666664,11.333333333333334,1012.2541666666666,1012.1541666666667,9.325000000000001,198.20833333333334,19.650000000000002,0.14416666666666667,70.91333333333334,93.66737895725633,High Risk
2019-01-09,0.7604166666666666,26.895833333333332,0.13749999999999998,0.0,56.041666666666664,84.20833333333333,23.875,0.13749999999999998,22.291666666666668,1012.8541666666666,1012.7541666666666,4.7375,193.5,14.083333333333334,0.12458333333333334,8.635416666666666,92.15842711307691,High Risk
2019-01-10,0.7855555555555555,27.083333333333332,0.02916666666666667,0.0,61.166666666666664,82.41666666666667,23.6375,0.02916666666666667,9.875,1012.2333333333332,1012.1333333333333,6.158333333333334,217.29166666666666,14.708333333333334,0.13541666666666666,0.0,92.29917448942138,High Risk
2019-01-11,0.7609722222222222,27.183333333333334,0.020833333333333332,0.0,79.79166666666667,77.91666666666667,22.7375,0.020833333333333332,6.5,1012.2624999999999,1012.1625,5.683333333333334,212.83333333333334,14.950000000000001,0.13833333333333334,0.0,92.16153755233313,High Risk
2019-01-12,0.6570138888888889,27.820833333333336,0.012500000000000002,0.0,70.125,73.16666666666667,22.133333333333336,0.012500000000000002,6.333333333333333,1011.8041666666667,1011.7041666666668,7.545833333333333,232.0,14.879166666666668,0.16874999999999998,0.0,91.57949660651077,High Risk
2019-01-13,0.7581944444444444,28.041666666666668,0.0375,0.0,51.25,71.04166666666667,22.108333333333334,0.0375,7.791666666666667,1011.6041666666666,1011.5041666666666,6.670833333333333,223.125,14.9125,0.16208333333333333,0.0,92.14598535605198,High Risk
2019-01-14,0.7943055555555555,28.099999999999998,0.0,0.0,17.208333333333332,72.29166666666667,22.1875,0.0,0.375,1010.2958333333332,1010.1958333333333,6.3625,199.45833333333334,12.924999999999999,0.16416666666666666,0.0,92.34816390770705,High Risk
2019-01-15,0.7053472222222222,27.566666666666666,0.19999999999999998,0.0,63.583333333333336,80.54166666666667,23.745833333333334,0.19999999999999998,8.5,1010.6958333333333,1010.5958333333333,6.008333333333333,186.58333333333334,14.558333333333332,0.13791666666666666,0.0,91.85010482180293,High Risk
2019-01-16,0.6127777777777778,27.087500000000002,0.03333333333333333,0.0,34.791666666666664,76.75,22.429166666666664,0.03333333333333333,5.125,1011.1333333333333,1011.0333333333333,8.020833333333334,249.5,17.754166666666666,0.14958333333333332,0.0,91.33182788073331,High Risk
2019-01-17,0.7506944444444444,27.275000000000002,0.012500000000000002,0.0,40.041666666666664,69.04166666666667,20.545833333333334,0.012500000000000002,7.5,1011.225,1011.125,9.779166666666667,120.91666666666667,18.5625,0.19208333333333336,0.0,92.10399442609285,High Risk
2019-01-18,0.9125694444444444,26.304166666666664,0.0,0.0,79.83333333333333,60.458333333333336,17.991666666666667,0.0,2.5833333333333335,1012.35,1012.25,13.4375,141.04166666666666,25.191666666666666,0.17875,0.0,93.01029866437737,High Risk
2019-01-19,0.88,26.333333333333332,0.0,0.0,48.958333333333336,63.458333333333336,18.666666666666668,0.0,1.4583333333333333,1012.0333333333333,1011.9333333333334,8.333333333333334,193.41666666666666,16.670833333333334,0.15666666666666665,0.0,92.82794916298079,High Risk
2019-01-20,0.8117361111111111,27.245833333333334,0.004166666666666667,0.0,25.708333333333332,65.33333333333333,19.9125,0.004166666666666667,2.7083333333333335,1011.5041666666666,1011.4041666666667,8.275,205.125,16.320833333333333,0.18541666666666667,0.0,92.4457539393713,High Risk
2019-01-21,0.8554166666666667,27.366666666666664,0.012500000000000002,0.0,29.583333333333332,70.83333333333333,21.304166666666667,0.012500000000000002,7.125,1012.0708333333333,1011.9708333333333,7.754166666666666,207.91666666666666,15.991666666666667,0.16541666666666668,0.0,92.69031222589254,High Risk
2019-01-22,0.8584722222222222,27.099999999999998,0.0,0.0,31.75,65.08333333333333,19.566666666666666,0.0,1.0,1013.2958333333332,1013.1958333333333,11.183333333333335,98.70833333333333,20.0875,0.20583333333333334,0.6277083333333333,92.7074196418018,High Risk
2019-01-23,0.8844444444444445,26.354166666666668,0.0,0.0,34.833333333333336,58.083333333333336,17.091666666666665,0.0,1.0,1013.4083333333333,1013.3083333333334,10.129166666666666,73.33333333333333,19.1375,0.21208333333333332,13.308333333333335,92.85283267703063,High Risk
2019-01-24,1.0115277777777778,25.804166666666664,0.0,0.0,2.875,59.875,16.770833333333332,0.0,0.041666666666666664,1013.2291666666666,1013.1291666666666,9.3125,109.625,16.820833333333333,0.21083333333333334,40.883125,93.56434565689366,High Risk
2019-01-25,0.8103472222222222,25.795833333333334,0.0,0.0,36.583333333333336,63.708333333333336,17.6125,0.0,1.0416666666666667,1013.6458333333334,1013.5458333333332,8.045833333333333,123.08333333333333,14.833333333333334,0.2004166666666667,68.711875,92.43797784123073,High Risk
2019-01-26,0.6731944444444444,25.412499999999998,0.0,0.0,58.666666666666664,58.25,15.958333333333334,0.0,1.8333333333333333,1014.5458333333332,1014.4458333333333,11.241666666666667,85.375,20.8875,0.22083333333333333,90.256875,91.67008814984851,High Risk
2019-01-27,0.804236111111111,25.695833333333336,0.0,0.0,48.208333333333336,53.291666666666664,15.133333333333333,0.0,1.4583333333333333,1014.6708333333332,1014.5708333333333,11.416666666666666,102.16666666666667,21.929166666666664,0.21833333333333335,104.47208333333333,92.40376300941219,High Risk
2019-01-28,0.7202083333333333,25.291666666666668,0.0,0.0,0.3333333333333333,57.458333333333336,15.654166666666667,0.0,0.0,1013.8125,1013.7125,8.808333333333334,94.79166666666667,16.925,0.20833333333333334,112.809375,91.93330907190712,High Risk
2019-01-29,0.7118055555555555,25.724999999999998,0.0,0.0,2.3333333333333335,59.791666666666664,16.8625,0.0,0.0,1013.0083333333333,1012.9083333333333,5.279166666666667,189.79166666666666,11.674999999999999,0.18416666666666667,118.86333333333334,91.88626367815664,High Risk
2019-01-30,0.7786111111111111,26.675,0.0,0.0,7.875,67.0,19.525000000000002,0.0,0.20833333333333334,1012.7666666666668,1012.6666666666666,6.3625,177.79166666666666,13.375,0.18666666666666668,126.39041666666667,92.2602939987185,High Risk
2019-01-31,0.8988541666666666,27.52916666666667,0.025000000000000005,0.0,25.833333333333332,74.95833333333333,22.15416666666667,0.025000000000000005,8.916666666666666,1013.1416666666668,1013.0416666666666,6.104166666666667,210.91666666666666,13.320833333333333,0.15666666666666668,136.12770833333335,92.93350969523915,High Risk
2019-02-01,0.804236111111111,27.920833333333334,0.08333333333333333,0.0,22.625,75.58333333333333,22.6125,0.08333333333333333,11.25,1012.9791666666666,1012.8791666666666,8.0,141.29166666666666,19.004166666666666,0.14666666666666667,145.110625,92.40376300941219,High Risk
2019-02-02,0.8490972222222223,27.054166666666664,0.21666666666666667,0.0,30.791666666666668,82.79166666666667,23.6875,0.21666666666666667,9.583333333333334,1012.4083333333333,1012.3083333333334,7.983333333333333,190.66666666666666,16.525000000000002,0.15583333333333335,149.46833333333333,92.6549309793529,High Risk
2019-02-03,0.8211805555555555,27.920833333333334,0.0,0.0,65.875,75.875,22.858333333333334,0.0,2.1666666666666665,1012.75,1012.65,8.370833333333334,200.25,17.554166666666667,0.18583333333333332,146.59354166666665,92.49863140672726,High Risk
2019-02-04,0.6830555555555556,28.59166666666667,0.008333333333333333,0.0,29.833333333333332,77.20833333333333,23.90416666666667,0.008333333333333333,4.958333333333333,1012.9,1012.8000000000001,6.770833333333333,188.20833333333334,15.645833333333334,0.16749999999999998,137.690625,91.72529844664662,High Risk
2019-02-05,0.7243055555555555,28.570833333333336,0.041666666666666664,0.0,37.666666666666664,81.0,24.787499999999998,0.041666666666666664,11.583333333333334,1012.2125,1012.1125000000001,11.620833333333332,183.0,23.108333333333334,0.1725,125.63875000000002,91.95624856142184,High Risk
2019-02-06,0.7490972222222222,28.420833333333334,0.012500000000000002,0.0,45.041666666666664,79.58333333333333,24.441666666666666,0.012500000000000002,7.458333333333333,1011.1916666666666,1011.0916666666667,14.5875,183.41666666666666,28.104166666666668,0.17500000000000002,112.43604166666667,92.09505191323117,High Risk
2019-02-07,0.7026388888888889,28.537499999999998,0.004166666666666667,0.0,9.0,76.5,23.775000000000002,0.004166666666666667,2.25,1012.0375,1011.9375,12.379166666666668,191.08333333333334,23.900000000000002,0.19083333333333333,99.68479166666667,91.8349414304288,High Risk
2019-02-08,0.6335416666666667,28.8125,0.008333333333333333,0.0,4.041666666666667,75.16666666666667,23.645833333333332,0.008333333333333333,4.25,1011.7125,1011.6125000000001,9.858333333333333,193.375,20.066666666666666,0.19666666666666666,87.09499999999998,91.44808054793498,High Risk
2019-02-09,0.6325694444444444,29.004166666666666,0.0,0.0,9.875,78.625,24.691666666666666,0.0,0.08333333333333333,1011.5749999999999,1011.475,10.004166666666666,186.08333333333334,20.279166666666665,0.18666666666666665,75.27583333333332,91.44263727923658,High Risk
2019-02-10,0.6465972222222222,29.179166666666664,0.03333333333333333,0.0,23.0,78.58333333333333,24.90416666666667,0.03333333333333333,8.958333333333334,1012.9458333333333,1012.8458333333333,11.591666666666667,181.25,23.1875,0.18416666666666667,65.67208333333333,91.52117587045642,High Risk
2019-02-11,0.705486111111111,28.65416666666667,0.020833333333333332,0.0,26.25,77.0,24.129166666666666,0.020833333333333332,8.958333333333334,1014.225,1014.125,12.304166666666667,183.5,25.087500000000002,0.17666666666666667,61.02979166666666,91.85088243161698,High Risk
2019-02-12,0.6871527777777778,28.233333333333334,0.041666666666666664,0.0,20.625,76.54166666666667,23.52916666666667,0.041666666666666664,15.041666666666666,1015.4083333333333,1015.3083333333334,6.233333333333333,173.25,16.195833333333333,0.15833333333333333,64.64666666666666,91.74823793616135,High Risk
2019-02-13,0.7649305555555556,28.59583333333333,0.0,0.0,5.833333333333333,71.125,22.15416666666667,0.0,0.041666666666666664,1014.6999999999999,1014.6,8.108333333333333,195.45833333333334,16.616666666666667,0.19541666666666668,75.85604166666667,92.18369943203378,High Risk
2019-02-14,0.7973611111111111,28.333333333333332,0.008333333333333333,0.0,18.875,75.95833333333333,23.474999999999998,0.008333333333333333,4.583333333333333,1013.1875,1013.0875,12.179166666666667,188.08333333333334,24.041666666666668,0.18500000000000003,92.18020833333333,92.36527132361631,High Risk
2019-02-15,0.7705555555555555,28.320833333333336,0.012500000000000002,0.0,35.541666666666664,75.91666666666667,23.458333333333332,0.012500000000000002,7.375,1013.1791666666667,1013.0791666666668,12.783333333333333,189.25,25.545833333333334,0.17958333333333334,106.67791666666666,92.21519262950314,High Risk
2019-02-16,0.7836805555555556,28.133333333333336,0.012500000000000002,0.0,35.041666666666664,74.625,23.004166666666666,0.012500000000000002,7.291666666666667,1013.2083333333334,1013.1083333333332,14.2875,186.29166666666666,27.099999999999998,0.17916666666666667,111.361875,92.28867675693161,High Risk
2019-02-17,0.7440972222222223,28.287499999999998,0.025000000000000005,0.0,35.75,70.125,22.025000000000002,0.025000000000000005,9.291666666666666,1011.8833333333333,1011.7833333333333,14.191666666666668,198.95833333333334,27.333333333333332,0.1991666666666667,111.43270833333332,92.0670579599251,High Risk
2019-02-18,0.7679861111111111,28.070833333333336,0.012500000000000002,0.0,11.583333333333334,71.91666666666667,22.320833333333336,0.012500000000000002,6.583333333333333,1011.3791666666666,1011.2791666666667,12.825000000000001,190.91666666666666,24.662499999999998,0.19625,114.66458333333333,92.20080684794306,High Risk
2019-02-19,0.7549305555555555,28.09166666666667,0.0,0.0,9.791666666666666,71.79166666666667,22.245833333333334,0.0,0.125,1012.4625,1012.3625000000001,12.629166666666668,181.54166666666666,24.670833333333334,0.205,119.02499999999999,92.12771152542162,High Risk
2019-02-20,0.7418055555555556,28.52916666666667,0.0,0.0,4.791666666666667,69.5,21.837500000000002,0.0,0.08333333333333333,1013.8958333333334,1013.7958333333332,10.200000000000001,189.20833333333334,20.75,0.21333333333333335,118.91625,92.05422739799315,High Risk
2019-02-21,0.6661111111111111,28.745833333333334,0.004166666666666667,0.0,6.291666666666667,72.29166666666667,22.858333333333334,0.004166666666666667,2.1666666666666665,1013.475,1013.375,9.520833333333334,201.16666666666666,19.454166666666666,0.20583333333333334,109.931875,91.63043004933155,High Risk
2019-02-22,0.7377083333333333,28.983333333333334,0.0,0.0,7.041666666666667,70.91666666666667,22.666666666666668,0.0,0.16666666666666666,1011.1916666666666,1011.0916666666667,10.950000000000001,196.16666666666666,22.183333333333334,0.22,94.74270833333333,92.03128790847843,High Risk
2019-02-23,0.668888888888889,28.695833333333336,0.012500000000000002,0.0,9.583333333333334,76.83333333333333,23.962500000000002,0.012500000000000002,6.5,1010.1166666666667,1010.0166666666668,14.299999999999999,185.91666666666666,26.837500000000002,0.2004166666666667,78.62854166666666,91.64598224561273,High Risk
2019-02-24,0.6810416666666667,28.974999999999998,0.016666666666666666,0.0,35.708333333333336,76.41666666666667,24.254166666666666,0.016666666666666666,7.208333333333333,1010.0291666666667,1009.9291666666667,14.254166666666668,182.875,27.679166666666664,0.19625,63.01145833333334,91.71402310434277,High Risk
2019-02-25,0.6150694444444444,28.9875,0.04583333333333334,0.0,19.958333333333332,75.875,24.116666666666664,0.04583333333333334,10.916666666666666,1010.4791666666666,1010.3791666666666,16.1,180.0,30.691666666666666,0.19583333333333333,48.66,91.34465844266526,High Risk
2019-02-26,0.7044444444444444,28.616666666666664,0.02916666666666667,0.0,29.416666666666668,72.16666666666667,22.920833333333334,0.02916666666666667,11.208333333333334,1010.85,1010.75,13.720833333333333,183.16666666666666,26.65833333333333,0.19874999999999998,37.304375,91.84505035801155,High Risk
2019-02-27,0.7995833333333334,28.462500000000002,0.016666666666666666,0.0,31.833333333333332,72.58333333333333,22.84583333333333,0.016666666666666666,9.125,1009.6958333333333,1009.5958333333333,9.670833333333333,202.33333333333334,21.583333333333332,0.18500000000000003,30.020833333333332,92.37771308064124,High Risk
2019-02-28,0.8114583333333334,28.916666666666668,0.0,0.0,4.791666666666667,71.04166666666667,22.77916666666667,0.0,0.041666666666666664,1009.4458333333333,1009.3458333333333,13.604166666666666,188.25,26.058333333333334,0.22333333333333336,25.232708333333335,92.4441987197432,High Risk
2019-03-01,0.6664583333333334,29.037499999999998,0.0,0.0,25.5,72.83333333333333,23.329166666666666,0.0,0.7083333333333334,1010.1374999999999,1010.0375,13.5,180.58333333333334,26.22083333333333,0.22041666666666668,20.610625,91.63237407386671,High Risk
2019-03-02,0.8261111111111111,29.129166666666666,0.0,0.0,15.625,73.08333333333333,23.59583333333333,0.0,0.375,1008.7958333333332,1008.6958333333333,17.625,182.125,33.13333333333333,0.23124999999999998,14.5775,92.5262365551263,High Risk
2019-03-03,0.7225694444444445,29.40416666666667,0.016666666666666666,0.0,71.70833333333333,71.91666666666667,23.625,0.016666666666666666,10.291666666666666,1007.875,1007.775,15.629166666666668,184.5,30.708333333333332,0.21708333333333332,7.722708333333334,91.94652843874613,High Risk
2019-03-04,0.7009722222222222,29.22083333333333,0.012500000000000002,0.0,52.416666666666664,73.75,23.90833333333333,0.012500000000000002,5.75,1008.2583333333333,1008.1583333333333,18.483333333333334,185.875,34.69166666666667,0.21958333333333335,2.5885416666666665,91.8256101126601,High Risk
2019-03-05,0.7351388888888889,28.854166666666668,0.012500000000000002,0.0,83.125,72.20833333333333,23.195833333333336,0.012500000000000002,8.666666666666666,1009.3083333333334,1009.2083333333334,16.141666666666666,192.25,31.5125,0.21791666666666668,0.40499999999999997,92.01690212691837,High Risk
2019-03-06,0.6056944444444444,28.4375,0.0,0.0,9.125,68.16666666666667,21.483333333333334,0.0,0.25,1010.3333333333334,1010.2333333333332,12.15,219.125,25.09166666666667,0.23875000000000002,0.015625,91.29216978021635,High Risk
2019-03-07,0.5647916666666667,28.675,0.0,0.0,38.416666666666664,68.20833333333333,21.308333333333334,0.0,1.1666666666666667,1010.0708333333333,1009.9708333333333,11.299999999999999,194.70833333333334,23.170833333333334,0.23916666666666667,0.0,91.0631636899763,High Risk
2019-03-08,0.6461805555555556,28.40416666666667,0.0,0.0,22.375,74.91666666666667,23.1125,0.0,0.6666666666666666,1010.2208333333333,1010.1208333333334,12.320833333333333,178.5,24.329166666666666,0.22458333333333333,0.0,91.51884304101425,High Risk
2019-03-09,0.7064583333333334,28.3875,0.0,0.0,13.5,72.5,22.65416666666667,0.0,0.4166666666666667,1010.4958333333334,1010.3958333333334,16.541666666666668,178.83333333333334,31.46666666666667,0.2304166666666667,0.0,91.8563257003154,High Risk
2019-03-10,0.5686111111111111,28.745833333333334,0.0,0.0,20.208333333333332,72.29166666666667,23.03333333333333,0.0,0.5,1010.8583333333332,1010.7583333333333,13.208333333333334,184.33333333333334,26.237499999999997,0.22208333333333333,0.0,91.08454795986289,High Risk
2019-03-11,0.5676388888888889,28.849999999999998,0.012500000000000002,0.0,5.208333333333333,74.45833333333333,23.616666666666664,0.012500000000000002,6.416666666666667,1010.8458333333333,1010.7458333333334,11.629166666666668,181.95833333333334,23.474999999999998,0.22083333333333333,0.0,91.07910469116447,High Risk
2019-03-12,0.5983333333333334,28.75,0.0,0.0,18.75,67.5,21.0125,0.0,0.625,1010.5166666666668,1010.4166666666666,8.316666666666666,218.41666666666666,17.958333333333332,0.23750000000000002,0.0,91.25095646007128,High Risk
2019-03-13,0.6319444444444444,29.320833333333336,0.0,0.0,36.166666666666664,72.70833333333333,23.433333333333334,0.0,1.0833333333333333,1011.1416666666668,1011.0416666666666,11.5,208.04166666666666,23.650000000000002,0.2325,0.0,91.4391380350733,High Risk
2019-03-14,0.7299305555555556,29.308333333333334,0.004166666666666667,0.0,24.708333333333332,74.45833333333333,24.0625,0.004166666666666667,2.7916666666666665,1012.1333333333333,1012.0333333333333,15.366666666666667,177.625,29.204166666666666,0.22208333333333333,0.0,91.98774175889119,High Risk
2019-03-15,0.6261111111111112,29.520833333333332,0.0,0.0,34.291666666666664,70.79166666666667,23.304166666666664,0.0,1.0,1012.4166666666666,1012.3166666666666,12.475000000000001,183.20833333333334,25.09166666666667,0.2283333333333333,0.0,91.40647842288287,High Risk
2019-03-16,0.7250694444444444,27.683333333333334,0.3333333333333333,0.0,67.375,79.08333333333333,23.72083333333333,0.3333333333333333,23.875,1013.0625,1012.9625,11.416666666666666,161.66666666666666,23.541666666666668,0.1075,0.0,91.96052541539915,High Risk
2019-03-17,0.7127777777777777,29.224999999999998,0.008333333333333333,0.0,17.416666666666668,76.04166666666667,24.34583333333333,0.008333333333333333,4.583333333333333,1012.0958333333333,1011.9958333333334,9.008333333333333,182.58333333333334,19.904166666666665,0.19875,0.0,91.89170694685502,High Risk
2019-03-18,0.7734027777777778,29.5125,0.008333333333333333,0.0,34.416666666666664,74.83333333333333,24.3625,0.008333333333333333,5.125,1011.0,1010.9,12.9375,185.83333333333334,25.425,0.205,0.0,92.23113363069133,High Risk
2019-03-19,0.8013194444444444,29.5125,0.05416666666666667,0.0,25.375,74.41666666666667,24.275000000000002,0.05416666666666667,13.25,1010.1999999999999,1010.1,14.470833333333333,186.16666666666666,28.358333333333334,0.2125,0.0,92.38743320331697,High Risk
2019-03-20,0.8515972222222222,29.53333333333333,0.008333333333333333,0.0,8.0,73.95833333333333,24.15416666666667,0.008333333333333333,4.25,1009.9,1009.8000000000001,14.8125,188.66666666666666,28.266666666666666,0.22166666666666668,0.0,92.66892795600593,High Risk
2019-03-21,0.7440277777777777,29.900000000000002,0.016666666666666666,0.0,21.583333333333332,76.08333333333333,24.962500000000002,0.016666666666666666,9.0,1009.6166666666667,1009.5166666666668,11.299999999999999,183.83333333333334,23.099999999999998,0.21083333333333334,0.0,92.06666915501806,High Risk
2019-03-22,0.7129166666666666,30.537499999999998,0.0,0.0,2.9583333333333335,71.375,23.95,0.0,0.08333333333333333,1008.8958333333334,1008.7958333333332,10.895833333333334,187.70833333333334,22.379166666666666,0.245,0.0,91.8924845566691,High Risk
2019-03-23,0.68,29.929166666666664,0.0,0.0,36.833333333333336,76.95833333333333,25.004166666666666,0.0,1.125,1008.5833333333334,1008.4833333333332,11.512500000000001,166.0,22.84166666666667,0.2275,0.0,91.70819103073735,High Risk
2019-03-24,0.7047222222222222,30.116666666666664,0.0,0.0,58.208333333333336,75.83333333333333,25.083333333333332,0.0,1.7916666666666667,1008.8958333333334,1008.7958333333332,15.537500000000001,168.45833333333334,30.03333333333333,0.22541666666666668,0.38812500000000005,91.84660557763968,High Risk
2019-03-25,0.7427777777777779,28.3875,0.41250000000000003,0.0,95.91666666666667,80.54166666666667,24.679166666666664,0.41250000000000003,18.5,1010.775,1010.6750000000001,11.887500000000001,160.75,24.5625,0.1425,2.1133333333333333,92.05967066669155,High Risk
2019-03-26,0.6479166666666667,29.070833333333336,0.016666666666666666,0.0,65.83333333333333,76.08333333333333,24.15833333333333,0.016666666666666666,8.125,1011.7041666666668,1011.6041666666666,8.924999999999999,145.79166666666666,19.079166666666666,0.19625,3.170625,91.52856316368997,High Risk
2019-03-27,0.7842013888888889,28.9875,0.32916666666666666,0.0,49.875,79.95833333333333,25.099999999999998,0.32916666666666666,17.0,1012.2583333333333,1012.1583333333333,11.129166666666668,201.25,22.208333333333332,0.1758333333333333,1.7929166666666667,92.29159279373432,High Risk
2019-03-28,0.688888888888889,30.133333333333336,0.04583333333333334,0.0,68.25,72.08333333333333,24.316666666666666,0.04583333333333334,12.583333333333334,1010.5166666666668,1010.4166666666666,13.116666666666667,192.125,26.266666666666666,0.22791666666666666,0.46604166666666663,91.75795805883706,High Risk
2019-03-29,0.65,30.25,0.016666666666666666,0.0,69.625,71.79166666666667,24.349999999999998,0.016666666666666666,8.125,1008.6083333333332,1008.5083333333333,14.266666666666666,185.54166666666666,28.329166666666666,0.2333333333333333,0.12770833333333334,91.54022731090083,High Risk
2019-03-30,0.6809722222222222,30.175,0.020833333333333332,0.0,51.083333333333336,74.875,25.087500000000002,0.020833333333333332,5.583333333333333,1008.6291666666666,1008.5291666666667,13.583333333333334,176.91666666666666,26.579166666666666,0.2008333333333333,0.045625,91.71363429943577,High Risk
2019-03-31,0.5879861111111111,30.183333333333334,0.025000000000000005,0.0,43.458333333333336,75.04166666666667,25.070833333333336,0.025000000000000005,9.541666666666666,1009.9499999999999,1009.85,12.6625,176.54166666666666,25.65833333333333,0.21625000000000003,0.015625,91.19302452892396,High Risk
2019-04-01,0.57,29.791666666666668,0.09583333333333333,0.0,72.41666666666667,73.5,24.395833333333332,0.09583333333333333,12.916666666666666,1011.2541666666666,1011.1541666666667,12.424999999999999,169.70833333333334,24.883333333333336,0.21208333333333332,0.0,91.09232405800347,High Risk
2019-04-02,0.6443055555555556,29.849999999999998,0.020833333333333332,0.0,69.875,72.29166666666667,24.066666666666666,0.020833333333333332,10.166666666666666,1010.8375,1010.7375000000001,10.908333333333333,168.16666666666666,22.691666666666666,0.21208333333333332,0.014374999999999999,91.50834530852445,High Risk
2019-04-03,0.6826388888888889,29.3625,0.125,0.0,70.66666666666667,74.16666666666667,24.191666666666666,0.125,18.791666666666668,1011.3625000000001,1011.2624999999999,11.616666666666667,171.125,24.541666666666668,0.20083333333333334,0.03,91.72296561720445,High Risk
2019-04-04,0.6238194444444445,30.104166666666668,0.029166666666666664,0.0,54.375,68.16666666666667,23.333333333333332,0.029166666666666664,7.958333333333333,1011.1374999999999,1011.0375,10.6125,188.04166666666666,22.083333333333332,0.22583333333333333,0.09229166666666666,91.3936478609509,High Risk
2019-04-05,0.7020833333333334,30.429166666666664,0.0,0.0,43.291666666666664,65.58333333333333,22.870833333333334,0.0,1.3333333333333333,1010.7166666666667,1010.6166666666667,13.579166666666667,179.95833333333334,26.97083333333333,0.25458333333333333,0.17437500000000003,91.83183099117257,High Risk
2019-04-06,0.7250694444444444,30.349999999999998,0.016666666666666666,0.0,60.458333333333336,71.0,24.329166666666666,0.016666666666666666,8.166666666666666,1010.2916666666666,1010.1916666666666,12.049999999999999,172.125,24.325,0.22416666666666665,0.12770833333333334,91.96052541539915,High Risk
2019-04-07,0.7484722222222223,30.0625,0.075,0.0,51.083333333333336,72.29166666666667,24.3625,0.075,13.958333333333334,1010.4250000000001,1010.3249999999999,13.295833333333334,189.625,27.175,0.22166666666666668,0.12229166666666667,92.09155266906792,High Risk
2019-04-08,0.673263888888889,30.05,0.004166666666666667,0.0,66.54166666666667,72.91666666666667,24.266666666666666,0.004166666666666667,4.166666666666667,1009.225,1009.125,8.870833333333334,203.41666666666666,20.2,0.23208333333333334,0.19000000000000003,91.67047695475556,High Risk
2019-04-09,0.7301388888888889,30.879166666666666,0.0,0.0,34.5,72.125,25.037499999999998,0.0,1.0,1008.8416666666667,1008.7416666666667,14.137500000000001,183.5,27.55,0.22958333333333333,0.12770833333333334,91.98890817361226,High Risk
2019-04-10,0.6636111111111112,31.21666666666667,0.029166666666666664,0.0,66.125,71.125,25.058333333333334,0.029166666666666664,8.083333333333334,1008.7708333333334,1008.6708333333332,14.183333333333332,184.79166666666666,27.8,0.2383333333333333,0.045625,91.61643307267853,High Risk
2019-04-11,0.6491666666666667,31.358333333333334,0.008333333333333333,0.0,61.333333333333336,72.45833333333333,25.558333333333334,0.008333333333333333,5.958333333333333,1007.3666666666667,1007.2666666666668,16.279166666666665,180.20833333333334,31.179166666666664,0.25375,0.015625,91.53556165201648,High Risk
2019-04-12,0.6403472222222222,31.4875,0.0,0.0,31.458333333333332,69.5,24.929166666666664,0.0,0.9583333333333334,1007.3000000000001,1007.1999999999999,17.054166666666667,181.75,32.454166666666666,0.27166666666666667,0.0,91.48618342882381,High Risk
2019-04-13,0.6484027777777778,30.900000000000002,0.012500000000000002,0.0,47.416666666666664,74.41666666666667,25.695833333333336,0.012500000000000002,7.458333333333333,1008.1875,1008.0875,17.195833333333333,173.83333333333334,32.52916666666667,0.21166666666666667,0.0,91.53128479803918,High Risk
2019-04-14,0.6110416666666666,30.90833333333333,0.024999999999999998,0.0,77.125,73.125,25.433333333333334,0.024999999999999998,6.583333333333333,1008.8916666666668,1008.7916666666666,15.320833333333333,173.16666666666666,29.733333333333334,0.21625000000000003,0.0,91.32210775805758,High Risk
2019-04-15,0.6139583333333333,30.8625,0.020833333333333332,0.0,86.45833333333333,72.83333333333333,25.333333333333332,0.020833333333333332,8.75,1009.0083333333333,1008.9083333333333,15.466666666666667,181.0,29.400000000000002,0.21,0.0,91.3384375641528,High Risk
2019-04-16,0.6118750000000001,31.212500000000002,0.0,0.0,75.29166666666667,73.875,25.791666666666668,0.0,2.375,1008.8916666666668,1008.7916666666666,13.754166666666668,181.54166666666666,26.9375,0.22958333333333333,0.0,91.32677341694195,High Risk
2019-04-17,0.6325694444444444,31.700000000000003,0.0,0.0,47.041666666666664,71.58333333333333,25.633333333333336,0.0,1.375,1008.6166666666667,1008.5166666666668,15.579166666666666,179.20833333333334,30.150000000000002,0.2558333333333333,0.0,91.44263727923658,High Risk
2019-04-18,0.7363194444444444,31.691666666666666,0.0625,0.0,82.20833333333333,75.45833333333333,26.675,0.0625,8.708333333333334,1007.7208333333333,1007.6208333333334,15.362499999999999,183.33333333333334,29.945833333333336,0.20333333333333334,0.0,92.02351181033784,High Risk
2019-04-19,0.7088194444444444,32.03333333333334,0.0,0.0,50.375,70.83333333333333,25.75,0.0,1.625,1006.5583333333334,1006.4583333333334,15.0,188.70833333333334,29.72083333333333,0.26625000000000004,0.0,91.86954506715438,High Risk
2019-04-20,0.6665972222222222,32.262499999999996,0.0,0.0,47.75,68.70833333333333,24.90833333333333,0.0,1.4583333333333333,1004.8958333333334,1004.7958333333332,11.595833333333333,219.58333333333334,23.69583333333333,0.27499999999999997,0.0,91.63315168368075,High Risk
2019-04-21,0.720625,32.125,0.020833333333333332,0.0,15.333333333333334,69.20833333333333,25.508333333333336,0.020833333333333332,2.5,1004.6583333333333,1004.5583333333334,15.887500000000001,173.41666666666666,30.412499999999998,0.26958333333333334,0.0,91.9356419013493,High Risk
2019-04-22,0.710486111111111,31.541666666666668,0.004166666666666667,0.0,32.708333333333336,72.16666666666667,25.795833333333334,0.004166666666666667,2.9166666666666665,1005.8708333333334,1005.7708333333334,17.170833333333334,174.58333333333334,33.300000000000004,0.25,0.0,91.87887638492307,High Risk
2019-04-23,0.6269444444444444,30.625,0.020833333333333332,0.0,26.625,71.95833333333333,24.625,0.020833333333333332,4.833333333333333,1007.7666666666668,1007.6666666666666,8.541666666666666,157.70833333333334,19.5125,0.22375,0.0,91.41114408176722,High Risk
2019-04-24,0.6234722222222223,31.849999999999998,0.0,0.0,11.416666666666666,66.16666666666667,24.204166666666666,0.0,0.125,1007.8666666666667,1007.7666666666668,9.387500000000001,208.58333333333334,20.079166666666666,0.26375,0.0,91.39170383641577,High Risk
2019-04-25,0.6614236111111111,31.90416666666667,0.15416666666666667,0.0,33.833333333333336,72.45833333333333,26.104166666666668,0.15416666666666667,11.958333333333334,1007.1208333333334,1007.0208333333334,10.362499999999999,199.25,22.416666666666668,0.22624999999999998,0.014374999999999999,91.6041857181071,High Risk
2019-04-26,0.56875,31.72083333333333,0.05416666666666666,0.0,61.083333333333336,72.25,25.895833333333332,0.05416666666666666,8.208333333333334,1006.6666666666666,1006.5666666666666,10.316666666666666,181.625,21.820833333333336,0.22708333333333333,0.12104166666666667,91.08532556967695,High Risk
2019-04-27,0.6444492894056847,31.275000000000002,0.0,0.0,61.166666666666664,73.0,25.65833333333333,0.0,1.8333333333333333,1007.7083333333334,1007.6083333333332,14.191666666666668,169.20833333333334,27.579166666666666,0.24208333333333332,12.563333333333334,91.50915004426227,High Risk
2019-04-28,0.5621527777777778,31.287499999999998,0.0,0.0,31.0,68.25,24.541666666666668,0.0,0.9166666666666666,1008.6958333333333,1008.5958333333333,16.695833333333333,181.125,31.916666666666668,0.26833333333333337,164.22916666666666,91.0483891035092,High Risk
2019-04-29,0.4885069444444445,31.575,0.0,0.0,13.166666666666666,69.0,24.933333333333334,0.0,0.16666666666666666,1008.3916666666668,1008.2916666666666,14.583333333333334,181.04166666666666,28.729166666666668,0.2625,375.39729166666666,90.63606149960496,High Risk
2019-04-30,0.5732638888888889,31.34583333333333,0.07916666666666666,0.0,37.75,69.95833333333333,24.933333333333334,0.07916666666666666,9.458333333333334,1008.2208333333333,1008.1208333333334,10.654166666666667,208.58333333333334,24.037499999999998,0.24083333333333332,460.45,91.11059788863383,High Risk
2019-05-01,0.4565277777777778,31.458333333333332,0.08333333333333333,0.0,37.791666666666664,66.375,24.087500000000002,0.08333333333333333,5.625,1007.9041666666667,1007.8041666666667,11.520833333333334,246.5,23.679166666666664,0.24291666666666667,503.23125000000005,90.45701683991814,High Risk
2019-05-02,0.5354861111111111,32.7125,0.0,0.0,52.333333333333336,59.583333333333336,23.3,0.0,1.7083333333333333,1007.3958333333334,1007.2958333333332,12.591666666666667,241.83333333333334,25.991666666666664,0.2870833333333333,548.7010416666667,90.89908801921007,High Risk
2019-05-03,0.654375,32.395833333333336,0.04583333333333334,0.0,61.291666666666664,67.54166666666667,25.204166666666666,0.04583333333333334,7.916666666666667,1008.275,1008.1750000000001,10.120833333333334,223.04166666666666,21.3125,0.215,608.1352083333333,91.56472202004367,High Risk
2019-05-04,0.5814583333333333,31.291666666666668,0.5625000000000001,0.0,89.33333333333333,71.04166666666667,25.099999999999998,0.5625000000000001,14.375,1008.7541666666666,1008.6541666666667,10.179166666666667,253.125,23.329166666666666,0.21166666666666667,686.3610416666667,91.15647686766324,High Risk
2019-05-05,0.5229166666666666,31.108333333333334,0.016666666666666666,0.0,96.25,70.25,24.78333333333333,0.016666666666666666,7.0,1007.7333333333332,1007.6333333333333,11.670833333333334,239.45833333333334,23.991666666666664,0.23416666666666666,742.4133333333334,90.82871433103783,High Risk
2019-05-06,0.46631944444444445,31.620833333333334,0.008333333333333333,0.0,88.125,65.375,24.0625,0.008333333333333333,6.75,1006.0416666666666,1005.9416666666666,13.379166666666668,235.58333333333334,27.40833333333333,0.25333333333333335,761.7870833333333,90.51183833180922,High Risk
2019-05-07,0.45645833333333335,31.59583333333333,0.0,0.0,95.95833333333333,63.583333333333336,23.53333333333333,0.0,3.0,1004.625,1004.525,13.299999999999999,240.45833333333334,26.78333333333333,0.255,768.05625,90.4566280350111,High Risk
2019-05-08,0.5032638888888888,31.375,0.1625,0.0,91.54166666666667,65.5,23.84166666666667,0.1625,13.583333333333334,1004.6416666666668,1004.5416666666666,13.566666666666668,243.91666666666666,27.5625,0.23375,774.1789583333334,90.71868254234862,High Risk
2019-05-09,0.43083333333333335,31.016666666666666,0.041666666666666664,0.0,99.20833333333333,66.08333333333333,23.741666666666664,0.041666666666666664,9.083333333333334,1005.1791666666667,1005.0791666666668,11.008333333333333,224.66666666666666,23.495833333333334,0.20750000000000002,790.1862500000001,90.3131590243174,High Risk
2019-05-10,0.4375,30.05,0.7083333333333334,0.0,96.45833333333333,73.91666666666667,24.59166666666667,0.7083333333333334,24.416666666666668,1007.0041666666666,1006.9041666666667,7.129166666666666,239.66666666666666,17.875,0.1729166666666667,822.5352083333333,90.35048429539219,High Risk
2019-05-11,0.53625,30.183333333333334,0.020833333333333332,0.0,92.70833333333333,68.70833333333333,23.541666666666668,0.020833333333333332,12.875,1007.8916666666668,1007.7916666666666,8.645833333333334,250.625,19.133333333333333,0.18333333333333332,870.2604166666666,90.90336487318737,High Risk
2019-05-12,0.5374305555555555,30.133333333333336,0.8958333333333334,0.0,87.5,73.20833333333333,24.295833333333334,0.8958333333333334,27.791666666666668,1007.1625,1007.0625,7.829166666666667,216.04166666666666,18.316666666666666,0.18666666666666665,940.0820833333333,90.90997455660687,High Risk
2019-05-13,0.5339583333333334,28.679166666666664,0.25416666666666665,0.0,97.91666666666667,77.70833333333333,24.083333333333332,0.25416666666666665,28.083333333333332,1007.3125,1007.2125,8.716666666666667,277.2083333333333,18.070833333333333,0.1575,1024.940625,90.89053431125544,High Risk
2019-05-14,0.5194444444444445,27.429166666666664,0.7916666666666666,0.0,92.16666666666667,84.54166666666667,24.5125,0.7916666666666666,32.458333333333336,1007.25,1007.15,6.5874999999999995,257.0416666666667,16.941666666666666,0.12708333333333333,1090.9589583333334,90.80927408568638,High Risk
2019-05-15,0.6324305555555555,28.804166666666664,0.24166666666666667,0.0,92.75,81.91666666666667,25.316666666666666,0.24166666666666667,27.916666666666668,1008.1083333333332,1008.0083333333333,7.7749999999999995,197.79166666666666,18.724999999999998,0.17208333333333334,1134.6672916666666,91.4418596694225,High Risk
2019-05-16,0.630625,29.170833333333334,0.19583333333333333,0.0,93.58333333333333,79.75,25.241666666666664,0.19583333333333333,15.833333333333334,1008.3708333333334,1008.2708333333334,7.816666666666666,208.875,18.895833333333332,0.17458333333333334,1160.2370833333332,91.43175074183975,High Risk
2019-05-17,0.5299305555555556,29.90833333333333,0.004166666666666667,0.0,94.41666666666667,74.41666666666667,24.641666666666666,0.004166666666666667,5.0,1007.3833333333333,1007.2833333333333,11.233333333333334,235.41666666666666,22.741666666666664,0.22125000000000003,1158.1385416666665,90.86798362664776,High Risk
2019-05-18,0.5896527777777778,30.541666666666668,0.03333333333333333,0.0,76.83333333333333,69.5,24.104166666666668,0.03333333333333333,6.5,1006.4499999999999,1006.35,10.316666666666666,229.95833333333334,21.029166666666665,0.24208333333333334,1128.6304166666666,91.20235584669267,High Risk
2019-05-19,0.5888194444444445,31.0125,0.012499999999999999,0.0,27.041666666666668,68.54166666666667,24.204166666666666,0.012499999999999999,2.7916666666666665,1006.9666666666667,1006.8666666666667,11.095833333333333,232.16666666666666,23.066666666666666,0.26,1077.1143749999999,91.1976901878083,High Risk
2019-05-20,0.5059027777777778,31.070833333333336,0.012499999999999999,0.0,46.625,69.91666666666667,24.708333333333332,0.012499999999999999,3.5,1007.5375,1007.4375,9.104166666666666,211.33333333333334,20.625,0.235,1016.9727083333333,90.73345712881572,High Risk
2019-05-21,0.4697222222222222,31.154166666666665,0.004166666666666667,0.0,74.625,71.0,25.020833333333332,0.004166666666666667,4.291666666666667,1007.375,1007.275,9.6625,211.83333333333334,20.95,0.2383333333333333,964.0097916666667,90.53088977225364,High Risk
2019-05-22,0.4761805555555556,29.420833333333334,0.32916666666666666,0.0,97.79166666666667,80.25,25.441666666666666,0.32916666666666666,20.25,1008.0333333333333,1007.9333333333334,8.195833333333333,202.125,20.575,0.19458333333333333,940.89,90.56704862860731,High Risk
2019-05-23,0.456875,28.545833333333334,0.3125,0.0,77.54166666666667,84.25,25.5625,0.3125,23.625,1008.7708333333334,1008.6708333333332,7.5125,188.75,17.183333333333334,0.17041666666666666,955.6770833333334,90.45896086445327,High Risk
2019-05-24,0.4633333333333333,29.379166666666666,0.020833333333333332,0.0,94.70833333333333,77.70833333333333,24.770833333333332,0.020833333333333332,6.958333333333333,1008.0791666666668,1007.9791666666666,6.3374999999999995,183.79166666666666,15.416666666666666,0.1991666666666667,994.8410416666667,90.49511972080697,High Risk
2019-05-25,0.5489583333333333,29.65416666666667,0.041666666666666664,0.0,58.958333333333336,75.125,24.462500000000002,0.041666666666666664,11.958333333333334,1006.25,1006.15,9.504166666666666,234.125,20.570833333333333,0.22125000000000003,1032.489375,90.97451617117369,High Risk
2019-05-26,0.502986111111111,29.40416666666667,0.1125,0.0,96.66666666666667,76.16666666666667,24.6125,0.1125,11.416666666666666,1005.9833333333332,1005.8833333333333,9.529166666666667,227.41666666666666,21.745833333333334,0.21,1034.7066666666667,90.7171273227205,High Risk
2019-05-27,0.5235763888888889,29.420833333333334,0.02916666666666667,0.0,88.45833333333333,74.79166666666667,24.349999999999998,0.02916666666666667,12.75,1005.6958333333333,1005.5958333333333,8.875,215.875,19.308333333333334,0.19791666666666666,999.1462499999999,90.8324079776546,High Risk
2019-05-28,0.6195833333333333,29.175,0.4083333333333334,0.0,96.0,80.08333333333333,25.245833333333334,0.4083333333333334,24.083333333333332,1005.8083333333334,1005.7083333333334,9.579166666666667,178.45833333333334,22.083333333333332,0.17458333333333334,959.169375,91.36993076162216,High Risk
2019-05-29,0.6292361111111111,29.1375,0.09166666666666667,0.0,96.33333333333333,78.625,24.820833333333336,0.09166666666666667,21.375,1006.3083333333334,1006.2083333333334,13.416666666666666,171.54166666666666,26.90416666666667,0.21125000000000002,945.1491666666666,91.42397464369918,High Risk
2019-05-30,0.6167708333333334,29.245833333333334,0.041666666666666664,0.0,97.08333333333333,76.33333333333333,24.541666666666668,0.041666666666666664,11.083333333333334,1007.1541666666667,1007.0541666666667,12.558333333333332,183.375,25.3,0.18041666666666667,963.390625,91.35418416288748,High Risk
2019-05-31,0.6425347222222222,29.320833333333336,0.13333333333333333,0.0,87.125,77.04166666666667,24.662499999999998,0.13333333333333333,17.333333333333332,1007.1833333333334,1007.0833333333334,11.458333333333334,188.29166666666666,23.46666666666667,0.19499999999999998,1015.5566666666667,91.49843078339522,High Risk
2019-06-01,0.6315972222222223,29.816666666666666,0.008333333333333333,0.0,80.0,75.375,24.708333333333332,0.008333333333333333,4.5,1007.2583333333333,1007.1583333333333,6.995833333333334,227.54166666666666,17.816666666666666,0.22,1090.7697916666668,91.43719401053816,High Risk
2019-06-02,0.6229166666666667,29.912499999999998,0.041666666666666664,0.0,75.79166666666667,76.16666666666667,25.041666666666668,0.041666666666666664,14.541666666666666,1007.4333333333334,1007.3333333333334,7.266666666666667,192.875,18.675,0.22499999999999998,1159.5941666666668,91.38859339715954,High Risk
2019-06-03,0.5603472222222222,29.599999999999998,0.0,0.0,71.0,77.58333333333333,25.09583333333333,0.0,2.2916666666666665,1007.4833333333332,1007.3833333333333,6.3,161.0,16.558333333333334,0.21083333333333332,1214.3947916666668,91.03828017592645,High Risk
2019-06-04,0.6063194444444444,30.8,0.004166666666666667,0.0,57.916666666666664,71.54166666666667,24.816666666666666,0.004166666666666667,3.7916666666666665,1006.8791666666666,1006.7791666666667,7.9375,250.70833333333334,17.912499999999998,0.22124999999999997,1253.1083333333333,91.29566902437962,High Risk
2019-06-05,0.6202777777777778,29.991666666666664,0.05833333333333333,0.0,96.58333333333333,77.125,25.320833333333336,0.05833333333333333,15.041666666666666,1007.0583333333334,1006.9583333333334,9.658333333333333,171.45833333333334,20.945833333333333,0.18000000000000002,1254.1916666666668,91.37381881069243,High Risk
2019-06-06,0.5819444444444445,29.541666666666668,0.4166666666666667,0.0,95.29166666666667,80.0,25.6125,0.4166666666666667,30.25,1007.9291666666667,1007.8291666666668,6.933333333333334,168.29166666666666,16.375,0.1825,1225.7718750000001,91.15919850201244,High Risk
2019-06-07,0.49638888888888894,27.516666666666666,0.46666666666666673,0.0,99.45833333333333,86.45833333333333,24.979166666666668,0.46666666666666673,36.583333333333336,1008.725,1008.625,6.229166666666667,161.75,16.287499999999998,0.11375,1224.4781249999999,90.68019085655274,High Risk
2019-06-08,0.5520833333333334,27.675,0.5541666666666667,0.0,96.25,84.70833333333333,24.775000000000002,0.5541666666666667,35.25,1007.7375000000001,1007.6374999999999,7.154166666666666,155.75,16.475,0.15333333333333335,1251.7139583333335,90.99201239198999,High Risk
2019-06-09,0.43430555555555556,28.745833333333334,0.2625,0.0,91.70833333333333,80.58333333333333,24.95,0.2625,19.916666666666668,1006.7333333333332,1006.6333333333333,8.058333333333334,237.625,18.304166666666667,0.18666666666666668,1260.9560416666666,90.33259926966886,High Risk
2019-06-10,0.44097222222222227,29.03333333333333,0.31666666666666665,0.0,89.54166666666667,76.95833333333333,24.525000000000002,0.31666666666666665,19.791666666666668,1005.9958333333334,1005.8958333333334,11.579166666666666,223.45833333333334,25.34166666666667,0.16541666666666668,1245.5579166666666,90.36992454074363,High Risk
2019-06-11,0.5468055555555555,28.670833333333334,0.11666666666666665,0.0,89.29166666666667,79.95833333333333,24.849999999999998,0.11666666666666665,23.083333333333332,1006.4583333333334,1006.3583333333332,10.4625,198.875,22.462500000000002,0.13,1202.9239583333333,90.96246321905578,High Risk
2019-06-12,0.5218055555555555,29.229166666666668,0.12916666666666668,0.0,91.625,78.45833333333333,25.066666666666666,0.12916666666666668,17.166666666666668,1006.7375000000001,1006.6374999999999,13.429166666666667,201.5,28.037499999999998,0.1825,1143.4514583333332,90.82249345252535,High Risk
2019-06-13,0.5129166666666667,29.516666666666666,0.2625,0.0,88.79166666666667,77.83333333333333,25.170833333333334,0.2625,18.125,1006.6833333333334,1006.5833333333334,13.762500000000001,207.25,26.995833333333334,0.20916666666666664,1095.1679166666665,90.77272642442564,High Risk
2019-06-14,0.5373611111111111,29.2625,0.07916666666666666,0.0,91.33333333333333,78.83333333333333,25.141666666666666,0.07916666666666666,11.125,1006.6041666666666,1006.5041666666666,12.112499999999999,201.70833333333334,26.054166666666664,0.165,1064.89,90.90958575169984,High Risk
2019-06-15,0.5280555555555556,29.891666666666666,0.075,0.0,65.125,78.0,25.537499999999998,0.075,12.25,1006.7416666666667,1006.6416666666668,10.104166666666666,223.08333333333334,23.920833333333334,0.21,1055.71875,90.85748589415797,High Risk
2019-06-16,0.48694444444444446,29.066666666666666,0.3875,0.0,94.70833333333333,78.16666666666667,24.775000000000002,0.3875,26.5,1006.6583333333333,1006.5583333333334,7.8999999999999995,236.75,19.891666666666666,0.15875,1076.089375,90.6273133891968,High Risk
2019-06-17,0.5033333333333333,28.070833333333336,0.26666666666666666,0.0,97.04166666666667,83.20833333333333,24.954166666666666,0.26666666666666666,22.166666666666668,1006.9041666666667,1006.8041666666667,10.704166666666666,214.125,27.641666666666666,0.09625,1135.6533333333334,90.71907134725565,High Risk
2019-06-18,0.49527777777777776,28.275000000000002,0.4791666666666667,0.0,95.91666666666667,82.5,24.962500000000002,0.4791666666666667,29.25,1006.6333333333333,1006.5333333333333,10.237499999999999,205.58333333333334,26.28333333333333,0.12208333333333334,1218.376875,90.67396997804028,High Risk
2019-06-19,0.4872222222222222,28.375,0.15833333333333333,0.0,81.95833333333333,83.625,25.270833333333332,0.15833333333333333,30.958333333333332,1007.0416666666666,1006.9416666666666,11.079166666666666,197.20833333333334,22.8625,0.14375000000000002,1279.20125,90.62886860882493,High Risk
2019-06-20,0.4927083333333333,28.858333333333334,0.024999999999999998,0.0,45.25,79.125,24.766666666666666,0.024999999999999998,9.541666666666666,1007.3541666666666,1007.2541666666666,7.816666666666666,217.91666666666666,20.545833333333334,0.19791666666666666,1299.17,90.65958419648021,High Risk
2019-06-21,0.4665972222222223,29.633333333333336,0.041666666666666664,0.0,33.416666666666664,75.91666666666667,24.78333333333333,0.041666666666666664,7.291666666666667,1006.5166666666668,1006.4166666666666,9.091666666666667,248.0,19.695833333333333,0.225,1287.799375,90.51339355143733,High Risk
2019-06-22,0.3541666666666667,30.5,0.0,0.0,62.5,72.25,24.650000000000002,0.0,2.0,1004.9875000000001,1004.8874999999999,12.787500000000001,250.29166666666666,24.704166666666666,0.2383333333333333,1257.4041666666667,89.88391840695743,High Risk
2019-06-23,0.5185416666666667,30.241666666666664,0.12083333333333333,0.0,85.33333333333333,74.79166666666667,25.083333333333332,0.12083333333333333,7.458333333333333,1004.8000000000001,1004.6999999999999,10.166666666666666,230.20833333333334,22.179166666666664,0.19208333333333336,1215.0108333333333,90.804219621895,High Risk
2019-06-24,0.5156944444444443,28.395833333333332,0.7291666666666666,0.0,98.91666666666667,85.5,25.629166666666666,0.7291666666666666,45.583333333333336,1006.6083333333332,1006.5083333333333,7.129166666666666,185.41666666666666,17.891666666666666,0.17625,1177.2497916666669,90.78827862070682,High Risk
2019-06-25,0.43263888888888885,28.72083333333333,0.09166666666666667,0.0,94.25,84.5,25.7375,0.09166666666666667,19.333333333333332,1007.8125,1007.7125,8.058333333333334,188.54166666666666,19.308333333333334,0.18499999999999997,1150.4320833333334,90.32326795190015,High Risk
2019-06-26,0.38104166666666667,28.916666666666668,0.34583333333333327,0.0,92.79166666666667,77.83333333333333,24.587500000000002,0.34583333333333327,17.958333333333332,1007.4125,1007.3125,10.354166666666666,234.625,24.054166666666664,0.18041666666666667,1119.336875,90.03438590597764,High Risk
2019-06-27,0.29625,28.979166666666668,0.125,0.0,93.375,75.29166666666667,24.09166666666667,0.125,17.208333333333332,1006.2125,1006.1125000000001,11.870833333333332,241.875,29.075,0.18208333333333335,1105.4227083333333,89.55965511449526,High Risk
2019-06-28,0.48305555555555557,28.28333333333333,0.0625,0.0,89.91666666666667,79.58333333333333,24.320833333333336,0.0625,14.875,1005.775,1005.6750000000001,11.012500000000001,224.75,26.795833333333334,0.16291666666666668,1124.3958333333333,90.60554031440319,High Risk
2019-06-29,0.5570833333333333,28.3625,0.024999999999999998,0.0,88.0,78.33333333333333,24.175,0.024999999999999998,8.75,1005.8041666666667,1005.7041666666668,12.966666666666667,212.33333333333334,25.52916666666667,0.14666666666666667,1136.7391666666665,91.02000634529608,High Risk
2019-06-30,0.5213888888888889,28.287499999999998,0.08750000000000001,0.0,91.83333333333333,81.08333333333333,24.662499999999998,0.08750000000000001,17.041666666666668,1006.3583333333332,1006.2583333333333,11.195833333333333,211.20833333333334,24.349999999999998,0.12791666666666665,1126.549375,90.8201606230832,High Risk
2019-07-01,0.4532638888888889,28.245833333333334,0.28750000000000003,0.0,72.83333333333333,81.25,24.608333333333334,0.28750000000000003,17.416666666666668,1006.5375,1006.4375,9.112499999999999,227.54166666666666,22.608333333333334,0.1475,1111.08,90.43874300928776,High Risk
2019-07-02,0.4446527777777778,27.65416666666667,0.24583333333333335,0.0,99.83333333333333,80.66666666666667,23.9875,0.24583333333333335,25.666666666666668,1006.2791666666667,1006.1791666666667,9.479166666666666,253.125,21.133333333333333,0.1075,1104.2970833333331,90.39053120081618,High Risk
2019-07-03,0.38548611111111114,26.425,0.5291666666666667,0.0,100.0,88.54166666666667,24.354166666666668,0.5291666666666667,43.333333333333336,1007.0041666666666,1006.9041666666667,8.025,257.5,16.8125,0.06791666666666667,1139.6360416666664,90.05926942002748,High Risk
2019-07-04,0.43593750000000003,27.083333333333332,0.24583333333333335,0.0,99.79166666666667,86.04166666666667,24.479166666666668,0.24583333333333335,35.75,1007.1041666666666,1007.0041666666666,9.75,222.29166666666666,22.354166666666668,0.09458333333333334,1270.7327083333332,90.34173618498404,High Risk
2019-07-05,0.6482291666666666,27.354166666666668,0.15416666666666667,0.0,88.79166666666667,84.58333333333333,24.454166666666666,0.15416666666666667,27.333333333333332,1007.3208333333333,1007.2208333333333,11.200000000000001,207.5,26.083333333333332,0.12291666666666667,1513.5364583333333,91.5303127857716,High Risk
2019-07-06,0.5503472222222222,28.1375,0.08750000000000001,0.0,75.58333333333333,81.16666666666667,24.495833333333334,0.08750000000000001,16.75,1007.6083333333332,1007.5083333333333,7.820833333333333,235.375,17.845833333333335,0.16541666666666668,1729.3179166666666,90.98229226931426,High Risk
2019-07-07,0.4543402777777778,28.079166666666666,0.020833333333333332,0.0,93.95833333333333,78.79166666666667,23.97083333333333,0.020833333333333332,8.916666666666666,1007.9,1007.8000000000001,8.475,238.875,17.083333333333332,0.11458333333333333,1757.1839583333333,90.44476948534671,High Risk
2019-07-08,0.43875,28.508333333333336,0.25833333333333336,0.0,83.5,78.25,24.2375,0.25833333333333336,7.083333333333333,1008.4208333333332,1008.3208333333333,9.854166666666666,236.625,21.8,0.19666666666666666,1644.1516666666666,90.3574827837187,High Risk
2019-07-09,0.44625000000000004,28.46666666666667,0.18749999999999997,0.0,67.70833333333333,77.66666666666667,24.070833333333336,0.18749999999999997,10.541666666666666,1008.5124999999999,1008.4125,9.808333333333334,238.95833333333334,22.09583333333333,0.1925,1509.5024999999998,90.39947371367784,High Risk
2019-07-10,0.4240277777777777,28.691666666666666,0.008333333333333333,0.0,97.79166666666667,75.79166666666667,23.895833333333332,0.008333333333333333,5.0,1008.4375,1008.3375,10.145833333333334,232.79166666666666,22.491666666666664,0.20083333333333334,1393.7633333333333,90.27505614342857,High Risk
2019-07-11,0.5011805555555556,28.65416666666667,0.008333333333333333,0.0,97.375,76.0,23.770833333333332,0.008333333333333333,5.0,1009.7958333333332,1009.6958333333333,8.75,229.33333333333334,18.270833333333332,0.21791666666666665,1299.9872916666666,90.70701839513777,High Risk
2019-07-12,0.5588888888888889,29.304166666666664,0.0625,0.0,83.5,73.04166666666667,23.724999999999998,0.0625,5.041666666666667,1009.375,1009.275,9.0375,243.75,20.141666666666666,0.22416666666666665,1228.130625,91.03011527287882,High Risk
2019-07-13,0.4906944444444445,29.45,0.075,0.0,94.125,74.625,24.179166666666664,0.075,13.125,1008.6999999999999,1008.6,9.108333333333333,241.58333333333334,21.175,0.21875,1174.996875,90.64830885417638,High Risk
2019-07-14,0.40802083333333333,29.620833333333334,0.012500000000000002,0.0,92.0,67.125,22.704166666666666,0.012500000000000002,6.958333333333333,1006.7958333333332,1006.6958333333333,13.191666666666668,253.79166666666666,26.620833333333334,0.23708333333333334,1138.6308333333334,90.18543661235839,High Risk
2019-07-15,0.3492361111111111,29.087500000000002,0.05833333333333333,0.0,94.58333333333333,70.54166666666667,23.087500000000002,0.05833333333333333,9.125,1005.6374999999999,1005.5375,10.316666666666666,250.5,24.558333333333334,0.21333333333333335,1112.555625,89.85631325855836,High Risk
2019-07-16,0.37368055555555557,29.34166666666667,0.12916666666666668,0.0,63.25,72.58333333333333,23.7625,0.12916666666666668,8.833333333333334,1004.9958333333334,1004.8958333333334,11.295833333333334,239.75,24.358333333333334,0.21625000000000003,1061.9191666666668,89.99317258583255,High Risk
2019-07-17,0.41770833333333335,29.27916666666667,0.19166666666666665,0.0,81.29166666666667,71.875,23.587500000000002,0.19166666666666665,11.375,1004.1374999999999,1004.0375,11.491666666666667,234.625,23.775000000000002,0.21166666666666667,976.8964583333333,90.23967489688893,High Risk
2019-07-18,0.45826388888888886,29.383333333333336,0.08333333333333333,0.0,64.16666666666667,72.75,23.883333333333336,0.08333333333333333,10.291666666666666,1003.9291666666667,1003.8291666666668,10.316666666666666,232.5,24.291666666666668,0.21083333333333332,911.0104166666666,90.46673696259386,High Risk
2019-07-19,0.5130555555555555,28.983333333333334,0.6916666666666668,0.0,72.625,76.70833333333333,24.287499999999998,0.6916666666666668,14.208333333333334,1004.7416666666667,1004.6416666666668,11.2875,222.54166666666666,23.958333333333332,0.2041666666666667,882.4539583333334,90.77350403423972,High Risk
2019-07-20,0.5195833333333333,29.066666666666666,0.31666666666666665,0.0,91.95833333333333,78.54166666666667,24.729166666666668,0.31666666666666665,20.0,1005.8916666666668,1005.7916666666666,9.7125,206.16666666666666,21.570833333333336,0.19416666666666668,867.2764583333334,90.81005169550042,High Risk
2019-07-21,0.5524305555555555,29.7,0.0375,0.0,87.5,73.20833333333333,24.3125,0.0375,8.916666666666666,1007.1208333333334,1007.0208333333334,11.204166666666666,210.04166666666666,25.025000000000002,0.19333333333333333,852.4622916666667,90.99395641652514,High Risk
2019-07-22,0.47100694444444446,29.599999999999998,0.09583333333333333,0.0,92.20833333333333,74.0,24.27916666666667,0.09583333333333333,9.166666666666666,1007.3416666666667,1007.2416666666667,7.854166666666667,230.83333333333334,19.495833333333334,0.1991666666666667,835.97125,90.53808266303366,High Risk
2019-07-23,0.4756944444444445,30.191666666666666,0.008333333333333333,0.0,94.375,71.0,24.116666666666664,0.008333333333333333,6.958333333333333,1006.7125,1006.6125000000001,9.483333333333333,237.45833333333334,22.2,0.20458333333333334,821.4966666666668,90.56432699425811,High Risk
2019-07-24,0.4454166666666666,28.758333333333336,0.004166666666666667,0.0,99.33333333333333,73.54166666666667,23.4875,0.004166666666666667,5.0,1007.9833333333332,1007.8833333333333,8.629166666666666,229.375,17.104166666666668,0.09625,819.2025,90.39480805479349,High Risk
2019-07-25,0.39562500000000006,28.520833333333332,0.041666666666666664,0.0,87.29166666666667,75.58333333333333,23.666666666666668,0.041666666666666664,10.916666666666666,1009.35,1009.25,8.991666666666667,227.08333333333334,20.162499999999998,0.1325,830.4808333333334,90.11603493645372,High Risk
2019-07-26,0.38125000000000003,27.71666666666667,0.1625,0.0,93.45833333333333,78.25,23.516666666666666,0.1625,19.25,1008.9208333333332,1008.8208333333333,5.3999999999999995,234.5,13.870833333333332,0.10625,852.5954166666667,90.03555232069873,High Risk
2019-07-27,0.5005555555555555,28.670833333333334,0.008333333333333333,0.0,95.54166666666667,74.29166666666667,23.395833333333332,0.008333333333333333,7.0,1008.1625,1008.0625,8.116666666666667,267.3333333333333,16.75,0.14166666666666666,894.6687500000002,90.70351915097449,High Risk
2019-07-28,0.47375000000000006,28.775000000000002,0.1875,0.0,89.83333333333333,76.45833333333333,24.041666666666668,0.1875,11.375,1007.6541666666667,1007.5541666666667,7.970833333333334,205.70833333333334,17.620833333333334,0.15625,963.101875,90.5534404568613,High Risk
2019-07-29,0.4230555555555555,28.45,1.2208333333333334,0.0,84.20833333333333,74.70833333333333,23.34583333333333,1.2208333333333334,17.375,1007.9791666666666,1007.8791666666666,10.799999999999999,248.70833333333334,23.579166666666666,0.19374999999999998,1035.6958333333332,90.26961287473017,High Risk
2019-07-30,0.29868055555555556,29.358333333333334,0.02916666666666667,0.0,97.41666666666667,67.45833333333333,22.3875,0.02916666666666667,9.0,1007.0333333333333,1006.9333333333334,15.0375,266.4166666666667,29.820833333333336,0.23791666666666667,1069.2335416666667,89.57326328624127,High Risk
2019-07-31,0.2804166666666667,29.212500000000002,0.03333333333333333,0.0,99.04166666666667,66.66666666666667,22.241666666666664,0.03333333333333333,9.0,1006.1750000000001,1006.0749999999999,14.9,260.6666666666667,29.204166666666666,0.20041666666666666,1056.5283333333334,89.47100759569267,High Risk
2019-08-01,0.28677083333333336,27.666666666666668,0.03333333333333333,0.0,99.125,74.95833333333333,22.787499999999998,0.03333333333333333,11.0,1006.6083333333332,1006.5083333333333,15.170833333333334,246.375,30.087500000000002,0.14291666666666666,1029.949375,89.50658324468581,High Risk
2019-08-02,0.3227777777777778,27.104166666666668,0.19999999999999998,0.0,97.33333333333333,79.375,23.141666666666666,0.19999999999999998,35.083333333333336,1006.8291666666668,1006.7291666666666,10.7875,251.125,20.866666666666667,0.10166666666666667,1020.9729166666667,89.70817858898033,High Risk
2019-08-03,0.38229166666666664,26.625,0.1625,0.0,99.75,81.29166666666667,23.108333333333334,0.1625,19.666666666666668,1006.6666666666666,1006.5666666666666,14.120833333333332,248.70833333333334,25.8875,0.09416666666666668,1051.3779166666668,90.04138439430416,High Risk
2019-08-04,0.4285763888888889,27.8,0.08333333333333333,0.0,99.20833333333333,77.29166666666667,23.3875,0.08333333333333333,17.166666666666668,1004.5791666666668,1004.4791666666666,12.658333333333333,246.04166666666666,26.037499999999998,0.1275,1122.6302083333333,90.30052286483897,High Risk
2019-08-05,0.5429861111111111,27.645833333333332,0.17500000000000002,0.0,95.20833333333333,81.83333333333333,24.2,0.17500000000000002,23.291666666666668,1004.6625,1004.5625,11.229166666666666,215.91666666666666,22.6375,0.09583333333333334,1218.3333333333333,90.9410789491692,High Risk
2019-08-06,0.3779166666666667,28.3625,0.2625,0.0,97.875,79.75,24.375,0.2625,31.666666666666668,1006.1291666666666,1006.0291666666667,10.220833333333333,223.70833333333334,22.974999999999998,0.16333333333333333,1326.7704166666665,90.01688968516135,High Risk
2019-08-07,0.3921527777777778,27.920833333333334,0.07916666666666668,0.0,90.91666666666667,79.91666666666667,23.920833333333334,0.07916666666666668,23.041666666666668,1006.2624999999999,1006.1625,10.920833333333334,243.0,22.541666666666668,0.14375000000000002,1493.0406249999999,90.09659469110227,High Risk
2019-08-08,0.2982638888888889,26.508333333333336,0.7208333333333333,0.0,97.20833333333333,89.58333333333333,24.65416666666667,0.7208333333333333,53.5,1005.2166666666667,1005.1166666666667,8.191666666666666,260.875,17.970833333333335,0.06208333333333333,1827.5414583333334,89.5709304567991,High Risk
2019-08-09,0.42972222222222217,27.266666666666666,0.44166666666666665,0.0,79.875,82.25,23.879166666666666,0.44166666666666665,34.75,1003.4916666666667,1003.3916666666668,14.341666666666667,254.54166666666666,30.587500000000002,0.11041666666666666,2240.147916666667,90.30693814580493,High Risk
2019-08-10,0.4532638888888889,27.925,0.3958333333333333,0.0,96.83333333333333,82.04166666666667,24.508333333333336,0.3958333333333333,28.5,1002.1041666666666,1002.0041666666666,13.133333333333333,217.875,29.7,0.14916666666666667,2529.0122916666664,90.43874300928776,High Risk
2019-08-11,0.5613888888888888,27.97083333333333,0.2916666666666667,0.0,94.58333333333333,84.91666666666667,25.116666666666664,0.2916666666666667,34.083333333333336,1003.8708333333334,1003.7708333333334,13.825000000000001,203.20833333333334,28.3625,0.12916666666666668,2750.8427083333336,91.04411224953188,High Risk
2019-08-12,0.6031944444444445,27.84166666666667,0.32083333333333336,0.0,94.125,85.0,25.03333333333333,0.32083333333333336,34.25,1006.475,1006.375,10.299999999999999,212.45833333333334,22.3625,0.12333333333333334,3084.3152083333334,91.27817280356331,High Risk
2019-08-13,0.4565277777777778,27.77916666666667,0.44166666666666665,0.0,95.08333333333333,86.16666666666667,25.175,0.44166666666666665,31.75,1008.3625000000001,1008.2624999999999,6.958333333333333,221.91666666666666,16.533333333333335,0.10166666666666667,3503.9125,90.45701683991814,High Risk
2019-08-14,0.3751388888888889,27.983333333333334,0.4583333333333333,0.0,82.625,82.04166666666667,24.587500000000002,0.4583333333333333,16.416666666666668,1008.6458333333334,1008.5458333333332,8.75,244.16666666666666,20.904166666666665,0.16125,3755.8170833333334,90.00133748888017,High Risk
2019-08-15,0.369375,28.254166666666666,0.22499999999999998,0.0,59.166666666666664,81.625,24.691666666666666,0.22499999999999998,19.083333333333332,1007.2416666666667,1007.1416666666668,10.987499999999999,241.41666666666666,23.483333333333334,0.18583333333333332,3767.640625,89.96906668159677,High Risk
2019-08-16,0.4156944444444444,28.5,0.18333333333333335,0.0,97.91666666666667,79.70833333333333,24.537499999999998,0.18333333333333335,15.916666666666666,1006.1166666666667,1006.0166666666668,11.549999999999999,228.91666666666666,23.391666666666666,0.18958333333333333,3698.8543750000003,90.2283995545851,High Risk
2019-08-17,0.49006944444444445,27.933333333333334,0.47500000000000003,0.0,98.75,80.625,24.2375,0.47500000000000003,20.583333333333332,1007.5666666666666,1007.4666666666667,10.479166666666666,232.33333333333334,22.879166666666666,0.13041666666666665,3643.27375,90.64480961001313,High Risk
2019-08-18,0.47333333333333333,28.45,0.05416666666666667,0.0,99.04166666666667,79.375,24.433333333333334,0.05416666666666667,7.166666666666667,1009.6041666666666,1009.5041666666666,8.1875,226.08333333333334,20.75,0.18833333333333332,3609.4795833333333,90.55110762741914,High Risk
2019-08-19,0.42791666666666667,28.525000000000002,0.07083333333333333,0.0,91.45833333333333,78.83333333333333,24.304166666666664,0.07083333333333333,17.041666666666668,1008.2583333333333,1008.1583333333333,9.129166666666666,252.20833333333334,19.679166666666667,0.19333333333333333,3608.4404166666664,90.2968292182222,High Risk
2019-08-20,0.42743055555555554,27.858333333333334,0.8708333333333332,0.0,96.875,83.75,24.733333333333334,0.8708333333333332,29.75,1006.6458333333334,1006.5458333333332,8.520833333333334,235.54166666666666,21.462500000000002,0.15208333333333332,3665.9541666666664,90.294107583873,High Risk
2019-08-21,0.46694444444444444,28.316666666666666,0.07916666666666668,0.0,95.875,79.91666666666667,24.441666666666666,0.07916666666666668,17.166666666666668,1006.2583333333333,1006.1583333333333,10.320833333333333,223.04166666666666,23.945833333333336,0.14666666666666667,3751.629166666667,90.51533757597247,High Risk
2019-08-22,0.48784722222222227,28.270833333333332,0.20833333333333334,0.0,97.16666666666667,78.16666666666667,24.0625,0.20833333333333334,17.708333333333332,1007.7375000000001,1007.6374999999999,10.458333333333334,217.0,23.679166666666664,0.14416666666666667,3838.772916666667,90.63236785298818,High Risk
2019-08-23,0.4907175925925926,28.34583333333333,0.13749999999999998,0.0,94.41666666666667,75.75,23.59166666666667,0.13749999999999998,19.333333333333332,1008.6999999999999,1008.6,10.158333333333333,222.66666666666666,25.150000000000002,0.15083333333333335,3981.804583333333,90.64843845581206,High Risk
2019-08-24,0.4721296296296296,27.8625,0.5166666666666666,0.0,99.41666666666667,80.625,24.141666666666666,0.5166666666666666,22.5,1007.8958333333334,1007.7958333333332,8.862499999999999,244.04166666666666,22.629166666666666,0.12958333333333336,4408.56,90.54436834236398,High Risk
2019-08-25,0.4380555555555556,27.95,0.22916666666666666,0.0,91.95833333333333,79.33333333333333,23.95,0.22916666666666666,19.583333333333332,1007.1416666666668,1007.0416666666666,11.145833333333334,246.79166666666666,25.541666666666668,0.17416666666666666,4937.870416666667,90.35359473464841,High Risk
2019-08-26,0.3320138888888889,27.254166666666666,0.2708333333333333,0.0,99.20833333333333,80.83333333333333,23.587500000000002,0.2708333333333333,31.75,1007.4250000000001,1007.3249999999999,11.1,243.83333333333334,23.579166666666666,0.12125000000000001,5144.644375,89.75988964161517,High Risk
2019-08-27,0.4329166666666666,27.825,0.4791666666666666,0.0,97.375,76.95833333333333,23.316666666666666,0.4791666666666666,25.75,1006.6,1006.5,10.387500000000001,252.29166666666666,25.083333333333332,0.15791666666666668,5261.945,90.32482317152828,High Risk
2019-08-28,0.3443055555555556,28.358333333333334,0.38333333333333336,0.0,74.75,76.95833333333333,23.816666666666666,0.38333333333333336,22.041666666666668,1006.5583333333334,1006.4583333333334,10.679166666666667,233.41666666666666,23.724999999999998,0.20083333333333334,5429.258958333333,89.82870811015931,High Risk
2019-08-29,0.265,27.820833333333336,0.275,0.0,100.0,76.79166666666667,23.287499999999998,0.275,26.0,1005.0333333333333,1004.9333333333334,13.779166666666667,266.7916666666667,26.504166666666666,0.14791666666666667,5506.566458333334,89.38469290633223,High Risk
2019-08-30,0.49256944444444445,26.40416666666667,0.39166666666666666,0.0,100.0,85.29166666666667,23.71666666666667,0.39166666666666666,37.916666666666664,1002.2666666666668,1002.1666666666666,12.154166666666667,237.83333333333334,22.395833333333332,0.0725,5507.623541666667,90.65880658666616,High Risk
2019-08-31,0.6448611111111111,27.291666666666668,0.20000000000000004,0.0,99.95833333333333,84.375,24.3625,0.20000000000000004,33.166666666666664,1003.9,1003.8000000000001,13.679166666666667,210.0,27.15416666666667,0.10541666666666666,5543.361666666667,91.5114557477807,High Risk
2019-09-01,0.6737500000000001,27.65416666666667,0.35833333333333334,0.0,95.45833333333333,81.70833333333333,24.191666666666666,0.35833333333333334,30.333333333333332,1006.9916666666667,1006.8916666666668,12.15,213.66666666666666,29.2,0.14875000000000002,5716.519791666667,91.67319858910476,High Risk
2019-09-02,0.40562499999999996,26.3875,0.28750000000000003,0.0,99.70833333333333,85.91666666666667,23.8125,0.28750000000000003,51.416666666666664,1007.4041666666667,1007.3041666666667,9.316666666666666,245.20833333333334,20.791666666666668,0.075,6047.306666666666,90.17202284306589,High Risk
2019-09-03,0.5320833333333334,26.474999999999998,0.2833333333333333,0.0,100.0,86.25,23.912499999999998,0.2833333333333333,35.916666666666664,1006.6999999999999,1006.6,8.700000000000001,268.25,19.0625,0.08708333333333333,6539.692916666667,90.88003657876564,High Risk
2019-09-04,0.5997222222222223,26.77916666666667,0.375,0.0,100.0,85.0,23.958333333333332,0.375,34.0,1006.6999999999999,1006.6,10.129166666666666,244.54166666666666,24.004166666666666,0.10458333333333335,7056.356458333333,91.25873255821186,High Risk
2019-09-05,0.48347222222222225,27.28333333333333,0.41250000000000003,0.0,98.54166666666667,83.25,24.104166666666668,0.41250000000000003,40.583333333333336,1007.3416666666667,1007.2416666666667,10.920833333333334,241.58333333333334,25.945833333333336,0.13083333333333333,7342.195833333334,90.60787314384537,High Risk
2019-09-06,0.6170833333333333,27.629166666666666,0.05416666666666667,0.0,92.16666666666667,79.0,23.462500000000002,0.05416666666666667,17.041666666666668,1007.4583333333334,1007.3583333333332,10.858333333333334,244.0,22.724999999999998,0.16125,7306.418541666667,91.3559337849691,High Risk
2019-09-07,0.6620833333333334,27.825,0.11666666666666668,0.0,81.25,78.125,23.52916666666667,0.11666666666666668,17.166666666666668,1008.3416666666667,1008.2416666666667,7.716666666666666,240.125,21.712500000000002,0.17083333333333336,7085.094166666667,91.60787936472387,High Risk
2019-09-08,0.5638194444444444,27.679166666666664,0.6458333333333333,0.0,81.54166666666667,77.875,23.333333333333332,0.6458333333333333,11.625,1008.7833333333333,1008.6833333333334,10.512500000000001,256.125,21.770833333333332,0.15333333333333335,6836.180625,91.05772042127789,High Risk
2019-09-09,0.5571180555555556,27.708333333333332,0.5458333333333333,0.0,87.875,80.83333333333333,23.991666666666664,0.5458333333333333,22.375,1008.0333333333333,1007.9333333333334,11.525,237.29166666666666,25.920833333333334,0.17333333333333334,6611.232291666667,91.02020074774958,High Risk
2019-09-10,0.6144444444444445,27.6375,0.25,0.0,99.91666666666667,78.70833333333333,23.504166666666666,0.25,20.083333333333332,1009.2291666666666,1009.1291666666666,9.391666666666667,232.79166666666666,20.329166666666666,0.15,6401.4766666666665,91.34115919850201,High Risk
2019-09-11,0.6086805555555556,27.962500000000002,0.5875,0.0,77.29166666666667,77.45833333333333,23.604166666666668,0.5875,15.541666666666666,1011.8416666666667,1011.7416666666667,5.8374999999999995,227.58333333333334,16.724999999999998,0.1691666666666667,6198.375208333334,91.3088883912186,High Risk
2019-09-12,0.5384027777777778,28.412499999999998,0.0,0.0,56.666666666666664,69.04166666666667,21.925,0.0,1.7083333333333333,1011.3833333333333,1011.2833333333333,10.041666666666666,285.125,19.970833333333335,0.19625,6008.239791666667,90.91541782530528,High Risk
2019-09-13,0.5092361111111111,28.587500000000002,0.3333333333333333,0.0,82.91666666666667,70.29166666666667,22.462500000000002,0.3333333333333333,19.916666666666668,1008.9458333333333,1008.8458333333333,13.700000000000001,279.5,26.650000000000002,0.22791666666666666,5831.029374999999,90.75211976435311,High Risk
2019-09-14,0.4466666666666666,27.383333333333336,0.8916666666666667,0.0,94.70833333333333,78.45833333333333,23.179166666666664,0.8916666666666667,26.25,1007.5625,1007.4625,10.4625,272.3333333333333,22.191666666666666,0.16458333333333333,5689.958125,90.40180654312,High Risk
2019-09-15,0.5836111111111111,27.204166666666666,0.7708333333333334,0.0,64.375,85.66666666666667,24.495833333333334,0.7708333333333334,44.916666666666664,1007.1958333333333,1007.0958333333333,7.6625000000000005,244.16666666666666,18.55,0.14625,5586.083333333333,91.16852981978114,High Risk
2019-09-16,0.6590277777777778,27.570833333333336,0.23750000000000002,0.0,68.45833333333333,83.66666666666667,24.425,0.23750000000000002,23.333333333333332,1007.0,1006.9,6.3875,240.625,15.108333333333334,0.1729166666666667,5472.144166666666,91.59077194881459,High Risk
2019-09-17,0.7265277777777778,27.941666666666666,0.4166666666666667,0.0,88.08333333333333,83.70833333333333,24.766666666666666,0.4166666666666667,20.083333333333332,1007.4,1007.3000000000001,6.883333333333333,261.6666666666667,16.875,0.17208333333333334,5335.925208333333,91.96869031844676,High Risk
2019-09-18,0.6808333333333333,28.1125,0.24583333333333335,0.0,80.08333333333333,81.125,24.395833333333332,0.24583333333333335,21.375,1008.3708333333334,1008.2708333333334,6.329166666666667,222.58333333333334,17.704166666666666,0.17375,5173.605208333333,91.71285668962169,High Risk
2019-09-19,0.7066666666666667,26.625,0.7083333333333334,0.0,99.125,89.125,24.616666666666664,0.7083333333333334,51.666666666666664,1009.0791666666668,1008.9791666666666,6.754166666666666,287.1666666666667,15.879166666666668,0.09041666666666666,5047.187708333334,91.85749211503648,High Risk
2019-09-20,0.7851388888888889,26.6375,1.6166666666666665,0.0,90.83333333333333,87.83333333333333,24.395833333333332,1.6166666666666665,49.0,1008.5708333333333,1008.4708333333333,7.979166666666667,248.875,17.670833333333334,0.13541666666666666,5061.158541666667,92.29684165997921,High Risk
2019-09-21,0.7639930555555555,26.1375,0.5583333333333333,0.0,97.08333333333333,89.20833333333333,24.166666666666668,0.5583333333333333,45.166666666666664,1008.6041666666666,1008.5041666666666,5.1375,225.70833333333334,12.712499999999999,0.08708333333333333,5267.083333333333,92.17845056578889,High Risk
2019-09-22,0.7430555555555555,25.7625,0.5750000000000001,0.0,90.25,91.08333333333333,24.166666666666668,0.5750000000000001,48.291666666666664,1010.475,1010.375,5.575,284.2916666666667,13.641666666666666,0.07708333333333334,5579.404374999999,92.06122588631966,High Risk
2019-09-23,0.8585416666666666,25.691666666666666,0.4000000000000001,0.0,83.66666666666667,89.79166666666667,23.829166666666666,0.4000000000000001,41.791666666666664,1012.1041666666666,1012.0041666666666,10.141666666666667,128.20833333333334,20.666666666666668,0.11083333333333334,5746.509375000001,92.70780844670884,High Risk
2019-09-24,0.8803472222222223,26.90416666666667,0.25833333333333336,0.0,55.25,84.54166666666667,23.8625,0.25833333333333336,28.916666666666668,1012.6791666666667,1012.5791666666668,7.9125000000000005,118.25,17.962500000000002,0.17541666666666667,5623.2439583333335,92.82989318751595,High Risk
2019-09-25,0.9602083333333332,28.09583333333333,0.016666666666666666,0.0,55.5,77.20833333333333,23.429166666666664,0.016666666666666666,9.916666666666666,1013.0791666666668,1012.9791666666666,8.520833333333334,172.875,17.283333333333335,0.20333333333333334,5323.415,93.27701883059926,High Risk
2019-09-26,0.8335416666666666,28.462500000000002,0.016666666666666666,0.0,24.583333333333332,73.95833333333333,23.191666666666666,0.016666666666666666,6.958333333333333,1012.9583333333334,1012.8583333333332,6.954166666666667,122.33333333333333,15.75,0.20375,5002.475208333333,92.56783868017841,High Risk
2019-09-27,0.7354166666666666,28.266666666666666,0.16666666666666666,0.0,42.291666666666664,79.54166666666667,24.2375,0.16666666666666666,18.416666666666668,1012.9416666666666,1012.8416666666667,6.05,206.20833333333334,14.875,0.18375,4721.0529166666665,92.01845734654647,High Risk
2019-09-28,0.8488888888888889,28.40416666666667,0.0,0.0,45.333333333333336,75.25,23.212500000000002,0.0,1.4166666666666667,1012.3249999999999,1012.225,8.225,191.08333333333334,16.858333333333334,0.20541666666666666,4491.950625,92.65376456463181,High Risk
2019-09-29,0.7770138888888889,28.858333333333334,0.0,0.0,61.958333333333336,72.04166666666667,22.916666666666668,0.0,1.9166666666666667,1012.0124999999999,1011.9125,6.7,189.45833333333334,13.545833333333334,0.21375,4294.360833333333,92.25135148585683,High Risk
2019-09-30,0.8840277777777777,29.59166666666667,0.0375,0.0,33.083333333333336,74.125,24.116666666666664,0.0375,7.083333333333333,1010.1041666666666,1010.0041666666666,5.158333333333333,217.75,12.104166666666666,0.19291666666666665,4119.377083333334,92.85049984758848,High Risk
2019-10-01,0.8781249999999999,28.645833333333332,0.19999999999999998,0.0,84.0,81.5,25.070833333333336,0.19999999999999998,25.333333333333332,1010.1875,1010.0875,8.1625,165.41666666666666,17.708333333333332,0.15916666666666665,3969.7897916666666,92.81745143049102,High Risk
2019-10-02,0.7415972222222221,28.629166666666666,0.125,0.0,95.33333333333333,82.125,25.166666666666668,0.125,15.458333333333334,1010.1583333333333,1010.0583333333334,7.579166666666667,157.91666666666666,16.558333333333334,0.15458333333333332,3834.987916666667,92.05306098327205,High Risk
2019-10-03,0.7110416666666667,28.0625,0.375,0.0,90.33333333333333,83.95833333333333,25.016666666666666,0.375,30.166666666666668,1010.2958333333332,1010.1958333333333,7.929166666666667,161.58333333333334,18.075,0.15375,3716.8439583333334,91.88198682417931,High Risk
2019-10-04,0.6504166666666666,27.8875,0.33749999999999997,0.0,92.29166666666667,85.41666666666667,25.104166666666668,0.33749999999999997,23.875,1010.0,1009.9,6.216666666666666,151.79166666666666,14.866666666666667,0.13583333333333333,3623.402708333333,91.54256014034303,High Risk
2019-10-05,0.6379166666666667,26.991666666666664,0.5583333333333333,0.0,95.79166666666667,86.54166666666667,24.462500000000002,0.5583333333333333,39.0,1010.0166666666668,1009.9166666666666,5.145833333333333,153.29166666666666,13.916666666666666,0.14458333333333334,3548.6416666666664,91.47257525707779,High Risk
2019-10-06,0.6797222222222222,26.3,0.29583333333333334,0.0,95.58333333333333,85.79166666666667,23.650000000000002,0.29583333333333334,21.666666666666668,1010.5375,1010.4375,5.208333333333333,135.58333333333334,14.554166666666667,0.13833333333333334,3499.1564583333334,91.70663581110922,High Risk
2019-10-07,0.6475694444444445,26.71666666666667,0.35000000000000003,0.0,76.75,85.45833333333333,23.954166666666666,0.35000000000000003,30.458333333333332,1010.6333333333333,1010.5333333333333,5.3999999999999995,145.79166666666666,16.604166666666668,0.15666666666666665,3463.265625,91.52661913915482,High Risk
2019-10-08,0.5878472222222223,27.162499999999998,0.39166666666666666,0.0,78.04166666666667,84.91666666666667,24.254166666666666,0.39166666666666666,15.708333333333334,1010.8083333333334,1010.7083333333334,5.1625000000000005,186.54166666666666,14.225,0.15833333333333333,3431.1389583333334,91.1922469191099,High Risk
2019-10-09,0.5999305555555555,27.454166666666666,0.575,0.0,92.125,85.0,24.59166666666667,0.575,17.583333333333332,1010.7041666666668,1010.6041666666666,6.145833333333333,204.0,14.383333333333333,0.1475,3385.1860416666664,91.25989897293294,High Risk
2019-10-10,0.5275694444444444,27.670833333333334,0.23750000000000002,0.0,92.16666666666667,85.20833333333333,24.808333333333334,0.23750000000000002,31.625,1010.5083333333333,1010.4083333333333,5.891666666666667,219.875,14.7125,0.1679166666666667,3308.5154166666666,90.85476425980877,High Risk
2019-10-11,0.6192361111111111,28.337500000000002,0.15833333333333335,0.0,69.33333333333333,82.75,25.004166666666666,0.15833333333333335,18.666666666666668,1009.7958333333332,1009.6958333333333,5.416666666666667,190.66666666666666,12.9,0.17,3229.2587500000004,91.36798673708701,High Risk
2019-10-12,0.6844444444444444,27.991666666666664,0.4375,0.0,74.20833333333333,83.41666666666667,24.829166666666666,0.4375,26.166666666666668,1009.3041666666667,1009.2041666666668,5.366666666666667,148.41666666666666,13.695833333333333,0.15375,3162.6285416666665,91.7330745447872,High Risk
2019-10-13,0.6736805555555555,27.724999999999998,0.47500000000000003,0.0,63.708333333333336,84.29166666666667,24.679166666666664,0.47500000000000003,34.208333333333336,1009.6333333333333,1009.5333333333333,5.1375,133.5,15.916666666666666,0.16,3104.886458333333,91.67280978419771,High Risk
2019-10-14,0.7710416666666666,27.041666666666668,0.6208333333333333,0.0,70.29166666666667,86.58333333333333,24.53333333333333,0.6208333333333333,30.166666666666668,1011.3708333333334,1011.2708333333334,5.479166666666667,242.625,18.783333333333335,0.13583333333333333,3038.2329166666664,92.21791426385234,High Risk
2019-10-15,0.6440972222222222,27.912499999999998,0.020833333333333332,0.0,68.54166666666667,79.54166666666667,23.816666666666666,0.020833333333333332,10.208333333333334,1011.1625,1011.0625,8.304166666666667,128.875,18.179166666666667,0.18208333333333335,2958.997708333333,91.50717889380337,High Risk
2019-10-16,0.6700694444444445,27.708333333333332,0.17916666666666667,0.0,58.208333333333336,81.83333333333333,24.208333333333332,0.17916666666666667,21.25,1011.0375,1010.9375,7.858333333333333,208.95833333333334,18.525000000000002,0.15958333333333333,2872.0831249999997,91.6525919290322,High Risk
2019-10-17,0.7166666666666667,28.020833333333332,0.25833333333333336,0.0,76.91666666666667,79.83333333333333,24.099999999999998,0.25833333333333336,11.625,1010.8249999999999,1010.725,9.083333333333334,169.91666666666666,20.1125,0.16666666666666666,2665.6208333333334,91.91348002164864,High Risk
2019-10-18,0.7669444444444444,28.604166666666668,0.004166666666666667,0.0,72.875,76.04166666666667,23.675,0.004166666666666667,4.375,1010.8916666666668,1010.7916666666666,8.095833333333333,142.5,16.729166666666668,0.19583333333333333,2346.5725,92.19497477433762,High Risk
2019-10-19,0.8292361111111112,28.275000000000002,0.029166666666666664,0.0,77.5,74.41666666666667,23.02916666666667,0.029166666666666664,10.666666666666666,1011.5333333333333,1011.4333333333334,9.004166666666666,60.666666666666664,18.504166666666666,0.19499999999999998,2344.846666666667,92.54373277594262,High Risk
2019-10-20,0.9027777777777778,28.47083333333333,0.004166666666666667,0.0,84.54166666666667,76.375,23.616666666666664,0.004166666666666667,4.583333333333333,1011.2333333333332,1011.1333333333333,7.7124999999999995,145.04166666666666,15.083333333333334,0.1779166666666667,2525.041458333333,92.9554771724863,High Risk
2019-10-21,0.9090972222222223,29.087500000000002,0.008333333333333333,0.0,47.666666666666664,72.125,23.1875,0.008333333333333333,5.5,1009.5791666666668,1009.4791666666666,6.691666666666666,148.33333333333334,13.633333333333333,0.19208333333333336,2506.4772916666666,92.99085841902593,High Risk
2019-10-22,0.8445138888888889,29.34166666666667,0.012500000000000002,0.0,27.75,72.95833333333333,23.6375,0.012500000000000002,7.041666666666667,1008.2083333333334,1008.1083333333332,4.745833333333334,137.5,11.35,0.17500000000000002,2438.7622916666664,92.629269855489,High Risk
2019-10-23,0.7670833333333333,29.45,0.004166666666666667,0.0,35.916666666666664,73.66666666666667,23.974999999999998,0.004166666666666667,3.125,1008.1291666666666,1008.0291666666667,5.916666666666667,216.91666666666666,14.904166666666667,0.18833333333333335,2363.93375,92.19575238415167,High Risk
2019-10-24,0.6581944444444444,29.645833333333332,0.05833333333333333,0.0,36.958333333333336,75.875,24.829166666666666,0.05833333333333333,13.625,1009.2291666666666,1009.1291666666666,8.516666666666667,165.66666666666666,20.341666666666665,0.17500000000000002,2291.7035416666668,91.58610628993026,High Risk
2019-10-25,0.683125,29.083333333333332,0.2875,0.0,53.958333333333336,79.33333333333333,25.0,0.2875,23.208333333333332,1010.1999999999999,1010.1,5.791666666666667,125.04166666666667,18.775000000000002,0.16125,2218.9747916666665,91.72568725155365,High Risk
2019-10-26,0.7078472222222222,29.5125,0.020833333333333332,0.0,23.958333333333332,74.25,23.979166666666668,0.020833333333333332,9.041666666666666,1010.0375,1009.9375,8.725,140.58333333333334,18.983333333333334,0.18999999999999997,2150.8860416666666,91.86410179845598,High Risk
2019-10-27,0.7634375000000001,29.745833333333334,0.008333333333333333,0.0,54.375,70.70833333333333,23.495833333333334,0.008333333333333333,5.666666666666667,1009.6291666666666,1009.5291666666667,9.233333333333333,128.91666666666666,19.095833333333335,0.19625,2087.4264583333334,92.17534012653266,High Risk
2019-10-28,0.7433333333333333,29.441666666666666,0.06666666666666667,0.0,93.91666666666667,75.91666666666667,24.570833333333336,0.06666666666666667,11.166666666666666,1009.6958333333333,1009.5958333333333,6.670833333333333,200.95833333333334,17.116666666666667,0.15333333333333332,2025.838125,92.06278110594776,High Risk
2019-10-29,0.7463194444444444,29.087500000000002,0.05000000000000001,0.0,55.916666666666664,74.08333333333333,23.650000000000002,0.05000000000000001,16.166666666666668,1010.0,1009.9,7.491666666666667,125.5,17.4375,0.16166666666666665,1966.0658333333333,92.07949971695002,High Risk
2019-10-30,0.7763888888888889,28.90833333333333,0.008333333333333333,0.0,19.25,67.20833333333333,21.833333333333332,0.008333333333333333,4.625,1009.525,1009.4250000000001,8.245833333333334,60.708333333333336,17.054166666666667,0.20375,1908.0595833333334,92.24785224169356,High Risk
2019-10-31,0.6480555555555556,28.0625,0.0,0.0,68.79166666666667,58.5,18.870833333333334,0.0,2.125,1008.7291666666666,1008.6291666666666,11.070833333333333,88.25,22.337500000000002,0.23291666666666666,1853.7770833333334,91.52934077350402,High Risk
2019-11-01,0.5797916666666666,26.09583333333333,0.0375,0.0,94.75,69.70833333333333,20.0,0.0375,11.0,1009.0416666666666,1008.9416666666666,13.833333333333334,72.29166666666667,27.316666666666666,0.13041666666666665,1807.161875,91.14714554989453,High Risk
2019-11-02,0.7110416666666667,25.641666666666666,0.05833333333333334,0.0,58.375,81.125,22.045833333333334,0.05833333333333334,16.125,1009.7083333333334,1009.6083333333332,6.829166666666667,132.04166666666666,18.029166666666665,0.11125,1775.6910416666667,91.88198682417931,High Risk
2019-11-03,0.6840277777777778,27.066666666666666,0.5208333333333334,0.0,64.95833333333333,82.66666666666667,23.666666666666668,0.5208333333333334,20.291666666666668,1010.4125,1010.3125,5.904166666666666,177.29166666666666,16.825,0.15291666666666667,1763.0945833333333,91.73074171534505,High Risk
2019-11-04,0.5885069444444445,27.72083333333333,0.10833333333333334,0.0,74.70833333333333,76.5,22.833333333333332,0.10833333333333334,22.791666666666668,1010.9291666666667,1010.8291666666668,5.983333333333333,200.04166666666666,15.904166666666667,0.17500000000000002,1753.2366666666667,91.19594056572667,High Risk
2019-11-05,0.6408333333333333,28.212500000000002,0.0,0.0,46.5,71.375,22.075,0.0,1.4166666666666667,1009.4458333333333,1009.3458333333333,7.229166666666667,166.91666666666666,14.7875,0.19583333333333333,1731.446458333333,91.48890506317301,High Risk
2019-11-06,0.7125,28.558333333333334,0.016666666666666666,0.0,43.333333333333336,69.83333333333333,22.229166666666668,0.016666666666666666,7.625,1008.1958333333333,1008.0958333333333,4.916666666666667,135.04166666666666,11.8125,0.16583333333333333,1698.1697916666665,91.8901517272269,High Risk
2019-11-07,0.6531944444444445,28.520833333333332,0.0625,0.0,71.08333333333333,70.16666666666667,22.400000000000002,0.0625,12.416666666666666,1009.6374999999999,1009.5375,6.1499999999999995,146.54166666666666,15.116666666666667,0.16833333333333333,1654.08125,91.55811233662418,High Risk
2019-11-08,0.5351388888888889,28.275000000000002,0.0,0.0,80.66666666666667,64.70833333333333,20.7,0.0,2.5,1011.8666666666667,1011.7666666666668,9.633333333333333,57.583333333333336,19.816666666666666,0.20125,1605.2760416666667,90.8971439946749,High Risk
2019-11-09,0.7218749999999999,27.425,0.0,0.0,86.625,61.125,18.970833333333335,0.0,2.7916666666666665,1012.275,1012.1750000000001,10.3125,51.083333333333336,20.716666666666665,0.2070833333333333,1557.9064583333331,91.94264038967582,High Risk
2019-11-10,0.6647916666666667,26.745833333333334,0.0,0.0,39.666666666666664,61.125,18.2375,0.0,1.2083333333333333,1011.0124999999999,1010.9125,8.641666666666667,61.166666666666664,17.379166666666666,0.21041666666666667,1513.5764583333332,91.623042756098,High Risk
2019-11-11,0.5444791666666667,27.129166666666666,0.0,0.0,59.125,57.875,17.583333333333332,0.0,1.75,1009.1625,1009.0625,9.4625,76.41666666666667,19.020833333333332,0.21791666666666668,1473.9027083333333,90.94943825467031,High Risk
2019-11-12,0.7281944444444445,28.391666666666666,0.0,0.0,26.416666666666668,56.416666666666664,18.474999999999998,0.0,0.75,1009.5875,1009.4875000000001,7.491666666666667,111.5,15.875,0.2041666666666667,1438.5852083333332,91.97802163621546,High Risk
2019-11-13,0.7679166666666667,27.9875,0.10416666666666667,0.0,43.958333333333336,68.0,21.3125,0.10416666666666667,7.916666666666667,1011.4125,1011.3125,10.529166666666667,56.75,22.125,0.18208333333333335,1405.8145833333335,92.20041804303604,High Risk
2019-11-14,0.7138888888888889,28.129166666666666,0.025000000000000005,0.0,81.66666666666667,70.16666666666667,21.991666666666664,0.025000000000000005,12.666666666666666,1011.6583333333333,1011.5583333333334,10.35,117.54166666666667,23.108333333333334,0.1625,1375.2889583333333,91.89792782536749,High Risk
2019-11-15,0.9688541666666667,28.1875,0.0,0.0,68.29166666666667,62.333333333333336,19.974999999999998,0.0,2.1666666666666665,1011.4208333333332,1011.3208333333333,9.454166666666667,72.25,18.933333333333334,0.20291666666666666,1348.5375000000001,93.32542504152435,High Risk
2019-11-16,0.8410416666666668,28.554166666666664,0.0,0.0,60.0,63.958333333333336,20.495833333333334,0.0,1.9166666666666667,1011.0458333333332,1010.9458333333333,7.170833333333333,105.25,15.725,0.18291666666666664,1325.3554166666665,92.60982961013752,High Risk
2019-11-17,0.7188888888888889,28.420833333333334,0.008333333333333333,0.0,19.291666666666668,68.08333333333333,21.47083333333333,0.008333333333333333,4.625,1010.7125,1010.6125000000001,6.425,206.58333333333334,14.258333333333333,0.17958333333333334,1304.1479166666666,91.92592177867357,High Risk
2019-11-18,0.7136805555555555,29.104166666666668,0.04583333333333333,0.0,43.25,70.79166666666667,23.058333333333334,0.04583333333333333,9.5,1010.7958333333332,1010.6958333333333,4.108333333333333,192.75,14.254166666666668,0.14666666666666667,1281.8772916666667,91.8967614106464,High Risk
2019-11-19,0.787986111111111,29.541666666666668,0.0,0.0,90.41666666666667,58.625,20.070833333333333,0.0,2.875,1010.6791666666667,1010.5791666666668,10.5125,67.91666666666667,21.320833333333333,0.215,1258.4581249999999,92.31278266116739,High Risk
2019-11-20,0.8925694444444444,28.1375,0.0,0.0,32.708333333333336,59.666666666666664,19.170833333333334,0.0,0.875,1011.6208333333334,1011.5208333333334,12.012500000000001,66.20833333333333,23.96666666666667,0.21666666666666667,1236.8254166666668,92.89832285115303,High Risk
2019-11-21,0.8266666666666667,28.083333333333332,0.0,0.0,67.54166666666667,58.166666666666664,18.8125,0.0,2.0833333333333335,1012.1791666666667,1012.0791666666668,11.4,58.458333333333336,22.391666666666666,0.21666666666666667,1217.0339583333332,92.52934699438255,High Risk
2019-11-22,0.6947916666666667,27.9375,0.0,0.0,22.875,59.958333333333336,18.974999999999998,0.0,0.6666666666666666,1012.2416666666667,1012.1416666666668,8.808333333333334,92.83333333333333,17.729166666666668,0.19166666666666665,1198.8702083333333,91.79100647593452,High Risk
2019-11-23,0.6665277777777777,27.9375,0.0,0.0,20.458333333333332,61.083333333333336,18.900000000000002,0.0,0.5,1011.9375,1011.8375,8.658333333333333,102.375,16.566666666666666,0.2070833333333333,1182.4104166666668,91.63276287877373,High Risk
2019-11-24,0.6873611111111111,27.90416666666667,0.0,0.0,13.375,55.291666666666664,17.483333333333334,0.0,0.2916666666666667,1011.6333333333333,1011.5333333333333,7.666666666666667,40.333333333333336,15.737499999999999,0.20666666666666667,1166.1758333333335,91.74940435088243,High Risk
2019-11-25,0.7888888888888889,28.40833333333333,0.0,0.0,34.0,56.75,18.616666666666667,0.0,0.9583333333333334,1011.9250000000001,1011.8249999999999,10.233333333333333,76.125,19.412499999999998,0.19708333333333336,1151.4214583333332,92.31783712495877,High Risk
2019-11-26,0.8166666666666668,27.629166666666666,0.0,0.0,14.166666666666666,55.5,17.683333333333334,0.0,0.3333333333333333,1011.6208333333334,1011.5208333333334,10.129166666666666,45.0,19.875,0.22124999999999997,1138.228125,92.47335908777036,High Risk
2019-11-27,0.7994444444444445,28.683333333333334,0.008333333333333333,0.0,11.916666666666666,63.625,20.875,0.008333333333333333,4.416666666666667,1010.9208333333332,1010.8208333333333,9.016666666666667,43.583333333333336,18.925,0.19791666666666666,1126.42625,92.37693547082718,High Risk
2019-11-28,0.8041666666666667,29.495833333333334,0.0,0.0,44.083333333333336,58.958333333333336,20.375,0.0,1.4166666666666667,1010.9791666666666,1010.8791666666666,14.299999999999999,63.375,28.3625,0.22166666666666668,1116.089375,92.40337420450516,High Risk
2019-11-29,0.8639236111111112,28.59166666666667,0.0,0.0,63.291666666666664,56.333333333333336,18.958333333333332,0.0,1.9583333333333333,1012.0708333333333,1011.9708333333333,12.395833333333334,47.375,24.3625,0.19000000000000003,1105.8472916666667,92.73794082700358,High Risk
2019-11-30,0.9028472222222222,28.820833333333336,0.008333333333333333,0.0,62.083333333333336,59.083333333333336,19.829166666666666,0.008333333333333333,6.0,1011.4875000000001,1011.3874999999999,9.112499999999999,57.875,19.104166666666668,0.20333333333333334,1095.7004166666668,92.95586597739332,High Risk
2019-12-01,0.8473611111111111,28.787499999999998,0.041666666666666664,0.0,42.166666666666664,65.33333333333333,21.479166666666668,0.041666666666666664,9.541666666666666,1011.0833333333334,1010.9833333333332,7.375,92.20833333333333,16.308333333333334,0.16708333333333333,1086.8414583333335,92.64521085667718,High Risk
2019-12-02,0.80625,28.675,0.020833333333333332,0.0,27.5,59.916666666666664,19.783333333333335,0.020833333333333332,9.083333333333334,1011.9041666666667,1011.8041666666667,13.491666666666667,61.75,26.020833333333332,0.22333333333333336,1079.3554166666668,92.41503835171602,High Risk
2019-12-03,0.8785069444444445,25.958333333333332,0.0,0.0,37.666666666666664,55.458333333333336,16.120833333333334,0.0,1.0833333333333333,1013.7333333333332,1013.6333333333333,13.262500000000001,53.75,26.358333333333334,0.21,1071.9145833333334,92.81958985747968,High Risk
2019-12-04,0.8538888888888888,23.683333333333334,0.0,0.0,60.666666666666664,57.5,14.570833333333333,0.0,1.7916666666666667,1015.1833333333334,1015.0833333333334,10.016666666666667,38.375,20.8875,0.19458333333333333,1065.6972916666666,92.6817585179379,High Risk
2019-12-05,0.6248611111111111,22.645833333333332,0.0,0.0,28.5,54.625,12.645833333333334,0.0,0.7916666666666666,1016.2875,1016.1875,9.870833333333334,30.625,20.25,0.19666666666666666,1059.6325,91.39947993455635,High Risk
2019-12-06,0.5115972222222223,22.520833333333332,0.0,0.0,38.083333333333336,52.25,11.945833333333333,0.0,1.125,1017.0666666666666,1016.9666666666667,11.4125,31.041666666666668,22.770833333333332,0.20625000000000002,1053.49125,90.76533913119209,High Risk
2019-12-07,0.7586805555555555,21.625,0.0,0.0,7.375,50.541666666666664,10.691666666666668,0.0,0.20833333333333334,1016.7666666666668,1016.6666666666666,9.9375,31.5,20.233333333333334,0.19583333333333333,1048.645625,92.14870699040118,High Risk
2019-12-08,1.017638888888889,21.941666666666666,0.0,0.0,8.791666666666666,52.625,11.5875,0.0,0.2916666666666667,1016.8249999999999,1016.725,9.35,128.20833333333334,18.833333333333332,0.19166666666666665,1043.8252083333334,93.59856048871221,High Risk
2019-12-09,0.7780902777777778,22.445833333333336,0.0,0.0,34.666666666666664,56.583333333333336,13.058333333333332,0.0,1.0833333333333333,1015.4875000000001,1015.3874999999999,8.116666666666667,133.70833333333334,16.5,0.18666666666666665,1039.0247916666665,92.25737796191578,High Risk
2019-12-10,0.8222916666666666,23.691666666666666,0.0,0.0,3.2916666666666665,55.333333333333336,13.6875,0.0,0.08333333333333333,1013.5124999999999,1013.4125,7.333333333333333,153.41666666666666,15.825000000000001,0.18666666666666665,1034.244375,92.50485228523972,High Risk
2019-12-11,0.8011805555555557,24.566666666666666,0.0,0.0,37.5,56.333333333333336,14.670833333333334,0.0,1.1666666666666667,1012.5916666666667,1012.4916666666667,7.1499999999999995,79.875,15.258333333333333,0.18708333333333335,1029.48875,92.3866555935029,High Risk
2019-12-12,0.8008333333333333,25.429166666666664,0.0,0.0,35.583333333333336,53.708333333333336,14.770833333333334,0.0,1.0416666666666667,1013.0458333333332,1012.9458333333333,9.695833333333333,52.583333333333336,19.520833333333332,0.21083333333333334,1024.7535416666667,92.38471156896776,High Risk
2019-12-13,0.8160416666666667,25.570833333333336,0.0,0.0,0.7083333333333334,57.416666666666664,15.954166666666666,0.0,0.0,1014.1416666666668,1014.0416666666666,9.075000000000001,68.91666666666667,18.0625,0.205,1021.1639583333334,92.46985984360711,High Risk
2019-12-14,0.7634722222222222,26.75833333333333,0.0,0.0,1.5416666666666667,54.458333333333336,16.358333333333334,0.0,0.0,1013.9916666666667,1013.8916666666668,10.4125,99.70833333333333,20.316666666666666,0.21833333333333335,1017.6927083333334,92.17553452898618,High Risk
2019-12-15,0.7353819444444444,27.695833333333336,0.0,0.0,36.583333333333336,53.75,17.091666666666665,0.0,1.125,1012.5041666666666,1012.4041666666667,11.4125,92.54166666666667,21.9875,0.20083333333333334,1013.0122916666668,92.01826294409295,High Risk
2019-12-16,0.7734722222222222,28.141666666666666,0.029166666666666664,0.0,46.875,58.666666666666664,18.729166666666668,0.029166666666666664,7.625,1011.4583333333334,1011.3583333333332,10.295833333333333,108.79166666666667,19.55,0.20875,1008.351875,92.23152243559835,High Risk
2019-12-17,0.7202777777777777,28.941666666666666,0.0,0.0,51.583333333333336,57.583333333333336,19.083333333333332,0.0,1.6666666666666667,1011.5583333333334,1011.4583333333334,9.141666666666667,110.75,18.166666666666668,0.19541666666666666,1004.823125,91.93369787681416,High Risk
2019-12-18,0.7239583333333334,28.879166666666666,0.0,0.0,31.25,59.75,19.629166666666666,0.0,0.9583333333333334,1011.6374999999999,1011.5375,9.424999999999999,110.41666666666667,19.316666666666666,0.21166666666666667,1001.40625,91.9543045368867,High Risk
2019-12-19,0.6245833333333334,28.733333333333334,0.020833333333333332,0.0,41.916666666666664,68.29166666666667,21.71666666666667,0.020833333333333332,5.375,1011.5208333333334,1011.4208333333332,5.470833333333334,146.875,13.512500000000001,0.15833333333333333,997.8979166666667,91.39792471492824,High Risk
2019-12-20,0.6275000000000001,28.645833333333332,0.0375,0.0,66.16666666666667,72.25,22.72083333333333,0.0375,12.208333333333334,1010.7375000000001,1010.6374999999999,6.166666666666667,153.75,15.245833333333332,0.14541666666666667,994.5054166666667,91.41425452102347,High Risk
2019-12-21,0.6867361111111111,28.587500000000002,0.004166666666666667,0.0,42.958333333333336,72.29166666666667,22.4875,0.004166666666666667,3.2916666666666665,1011.1875,1011.0875,6.541666666666667,161.91666666666666,14.941666666666668,0.155,989.9302083333333,91.74590510671915,High Risk
2019-12-22,0.49604166666666666,28.2,0.004166666666666667,0.0,32.291666666666664,73.29166666666667,22.195833333333336,0.004166666666666667,3.0,1011.1,1011.0,5.504166666666666,150.0,13.433333333333332,0.16125,985.3745833333332,90.6782468320176,High Risk
2019-12-23,0.6136805555555556,28.075,0.008333333333333333,0.0,28.791666666666668,73.41666666666667,22.329166666666666,0.008333333333333333,4.958333333333333,1011.3041666666667,1011.2041666666668,6.466666666666666,212.41666666666666,14.883333333333333,0.15791666666666668,981.9270833333334,91.33688234452467,High Risk
2019-12-24,0.7292361111111111,28.025000000000002,0.008333333333333333,0.0,35.291666666666664,77.04166666666667,23.21666666666667,0.008333333333333333,5.166666666666667,1011.6208333333334,1011.5208333333334,7.041666666666667,205.16666666666666,15.983333333333334,0.15416666666666667,979.6670833333333,91.98385370982088,High Risk
2019-12-25,0.7388888888888889,28.55,0.012500000000000002,0.0,20.375,72.45833333333333,22.583333333333332,0.012500000000000002,6.708333333333333,1010.9333333333334,1010.8333333333334,5.825,194.33333333333334,14.141666666666666,0.14958333333333332,978.4900000000001,92.03789759189793,High Risk
2019-12-26,0.659513888888889,28.27916666666667,0.0,0.0,35.0,73.625,22.675,0.0,1.0,1010.9250000000001,1010.8249999999999,6.129166666666666,206.08333333333334,14.558333333333332,0.14541666666666667,977.4118750000001,91.59349358316379,High Risk
2019-12-27,0.6466319444444445,28.3125,0.041666666666666664,0.0,30.166666666666668,76.83333333333333,23.366666666666664,0.041666666666666664,7.041666666666667,1010.9875000000001,1010.8874999999999,5.533333333333334,182.66666666666666,14.795833333333334,0.13958333333333334,975.1618750000001,91.52137027290993,High Risk
2019-12-28,0.8295138888888888,27.991666666666664,0.0,0.0,26.166666666666668,69.04166666666667,20.966666666666665,0.0,0.7083333333333334,1011.6041666666666,1011.5041666666666,9.3375,149.41666666666666,18.9875,0.18833333333333335,971.8433333333334,92.54528799557073,High Risk
2019-12-29,0.7605555555555555,28.416666666666668,0.0,0.0,19.458333333333332,63.916666666666664,20.2,0.0,0.375,1011.7375000000001,1011.6374999999999,6.4624999999999995,179.83333333333334,14.404166666666667,0.1725,968.4414583333333,92.15920472289096,High Risk
2019-12-30,0.6088194444444445,28.316666666666666,0.0,0.0,6.291666666666667,60.916666666666664,19.145833333333332,0.0,0.125,1012.8625000000001,1012.7624999999999,5.7124999999999995,99.45833333333333,12.637500000000001,0.18083333333333332,964.0839583333333,91.30966600103267,High Risk
2019-12-31,0.6261111111111112,27.995833333333334,0.008333333333333333,0.0,54.5,60.666666666666664,19.279166666666665,0.008333333333333333,5.666666666666667,1014.2583333333333,1014.1583333333333,10.804166666666667,92.29166666666667,21.1375,0.18833333333333332,958.4920833333334,91.40647842288287,High Risk
2020-01-01,0.8384027777777777,28.808333333333334,0.0,0.0,67.04166666666667,54.541666666666664,18.287499999999998,0.0,2.1666666666666665,1015.4208333333332,1015.3208333333333,13.5,63.333333333333336,26.075,0.23458333333333334,955.1358333333334,92.59505502367043,High Risk
2020-01-02,0.6933333333333334,28.3875,0.0,0.0,56.541666666666664,58.25,18.954166666666666,0.0,1.6666666666666667,1016.0124999999999,1015.9125,11.620833333333332,44.416666666666664,22.787499999999998,0.21583333333333335,951.8864583333334,91.78284157288691,High Risk
2020-01-03,0.6433333333333333,28.683333333333334,0.004166666666666667,0.0,63.208333333333336,55.791666666666664,18.554166666666667,0.004166666666666667,4.083333333333333,1014.3666666666667,1014.2666666666668,9.166666666666666,76.33333333333333,18.724999999999998,0.20458333333333334,948.5554166666666,91.50290203982607,High Risk
2020-01-04,0.66,28.337500000000002,0.0,0.0,22.125,61.375,19.587500000000002,0.0,0.5833333333333334,1012.3375,1012.2375000000001,8.5,65.91666666666667,16.866666666666667,0.19166666666666665,856.4549999999999,91.596215217513,High Risk
2020-01-05,0.7702777777777778,28.53333333333333,0.0,0.0,1.625,57.708333333333336,18.666666666666668,0.0,0.041666666666666664,1012.0500000000001,1011.9499999999999,8.520833333333334,120.91666666666667,17.60833333333333,0.20791666666666667,612.1097916666666,92.21363740987502,High Risk
2020-01-06,0.6758680555555556,28.183333333333334,0.0,0.0,9.541666666666666,60.791666666666664,19.1125,0.0,0.25,1012.4541666666668,1012.3541666666666,6.8500000000000005,153.29166666666666,14.791666666666666,0.18875,325.19958333333335,91.68505713876912,High Risk
2020-01-07,0.6028472222222222,28.495833333333334,0.0,0.0,14.458333333333334,58.458333333333336,18.683333333333334,0.0,0.3333333333333333,1011.525,1011.4250000000001,5.416666666666667,116.16666666666667,12.454166666666666,0.18958333333333333,109.30520833333334,91.27622877902817,High Risk
2020-01-08,0.7020138888888888,29.22083333333333,0.004166666666666667,0.0,73.83333333333333,63.458333333333336,20.766666666666666,0.004166666666666667,4.458333333333333,1011.0916666666667,1010.9916666666667,6.345833333333332,117.375,14.637500000000001,0.17250000000000001,13.958333333333334,91.83144218626553,High Risk
2020-01-09,0.7426736111111111,29.7,0.0,0.0,40.125,61.208333333333336,20.837500000000002,0.0,1.2083333333333333,1010.5,1010.4,6.716666666666666,189.0,14.704166666666666,0.18041666666666667,0.0,92.059087459331,High Risk
2020-01-10,0.7282291666666668,29.629166666666666,0.004166666666666667,0.0,60.5,64.83333333333333,21.804166666666664,0.004166666666666667,3.875,1009.6791666666667,1009.5791666666668,7.079166666666667,181.16666666666666,16.6125,0.17208333333333334,0.0,91.97821603866898,High Risk
2020-01-11,0.7376388888888888,29.537499999999998,0.041666666666666664,0.0,95.91666666666667,69.41666666666667,22.945833333333336,0.041666666666666664,14.958333333333334,1009.5791666666668,1009.4791666666666,4.383333333333333,202.83333333333334,13.979166666666666,0.13791666666666666,0.0,92.0308991035714,High Risk
2020-01-12,0.6818055555555556,29.020833333333332,0.049999999999999996,0.0,60.041666666666664,75.125,23.816666666666666,0.049999999999999996,10.083333333333334,1009.35,1009.25,7.791666666666667,172.75,17.7,0.165,0.0,91.7182999583201,High Risk
2020-01-13,0.8372916666666667,28.09583333333333,0.08750000000000001,0.0,20.125,77.16666666666667,23.366666666666664,0.08750000000000001,11.25,1009.7791666666667,1009.6791666666667,8.466666666666667,162.70833333333334,21.220833333333335,0.15625,0.0,92.58883414515796,High Risk
2020-01-14,0.8887847222222223,28.09166666666667,0.004166666666666667,0.0,36.458333333333336,74.75,22.754166666666666,0.004166666666666667,3.2083333333333335,1010.9250000000001,1010.8249999999999,7.675,187.125,17.216666666666665,0.16666666666666666,0.0,92.87713298371996,High Risk
2020-01-15,0.8200694444444444,27.9375,0.0375,0.0,20.083333333333332,76.29166666666667,23.066666666666666,0.0375,10.875,1011.2666666666668,1011.1666666666666,6.2625,197.29166666666666,15.987499999999999,0.14791666666666667,0.0,92.49241052821479,High Risk
2020-01-16,0.6704861111111112,28.1375,0.008333333333333333,0.0,13.583333333333334,74.625,22.8125,0.008333333333333333,4.5,1011.8125,1011.7125,7.879166666666666,203.125,17.8125,0.16208333333333333,0.0,91.65492475847438,High Risk
2020-01-17,0.4832986111111111,28.429166666666664,0.012500000000000002,0.0,18.958333333333332,74.54166666666667,23.09583333333333,0.012500000000000002,6.75,1012.2541666666666,1012.1541666666667,6.233333333333333,191.375,15.358333333333334,0.14916666666666667,0.0,90.60690113157779,High Risk
2020-01-18,0.6608333333333333,28.541666666666668,0.020833333333333332,0.0,24.083333333333332,76.29166666666667,23.650000000000002,0.020833333333333332,9.0,1011.6083333333332,1011.5083333333333,7.191666666666666,186.95833333333334,15.770833333333334,0.14833333333333334,0.0,91.60088087639735,High Risk
2020-01-19,0.7593055555555556,28.433333333333334,0.07083333333333335,0.0,19.708333333333332,78.16666666666667,24.058333333333334,0.07083333333333335,11.0,1011.9499999999999,1011.85,6.3625,177.5,17.191666666666666,0.145,0.0,92.15220623456445,High Risk
2020-01-20,0.7245138888888888,28.420833333333334,0.05833333333333334,0.0,33.125,75.45833333333333,23.2625,0.05833333333333334,11.333333333333334,1012.9541666666668,1012.8541666666666,6.316666666666666,178.625,17.2375,0.14958333333333332,0.0,91.95741497614293,High Risk
2020-01-21,0.7890972222222222,28.40833333333333,0.041666666666666664,0.0,48.416666666666664,76.375,23.53333333333333,0.041666666666666664,11.75,1014.2333333333332,1014.1333333333333,6.166666666666667,189.0,14.6,0.15625,0.0,92.31900353967985,High Risk
2020-01-22,0.739375,28.59583333333333,0.008333333333333333,0.0,40.666666666666664,76.75,23.7,0.008333333333333333,5.208333333333333,1013.1916666666666,1013.0916666666667,5.8500000000000005,219.20833333333334,13.808333333333335,0.16041666666666668,0.0,92.04061922624712,High Risk
2020-01-23,0.7414930555555556,28.78333333333333,0.025000000000000005,0.0,39.083333333333336,76.75,23.958333333333332,0.025000000000000005,7.458333333333333,1011.8125,1011.7125,10.116666666666667,191.33333333333334,20.704166666666666,0.18041666666666667,0.0,92.0524777759115,High Risk
2020-01-24,0.7284722222222223,28.870833333333334,0.004166666666666667,0.0,64.79166666666667,75.79166666666667,23.858333333333334,0.004166666666666667,4.0,1011.3541666666666,1011.2541666666666,14.195833333333333,183.75,27.28333333333333,0.19666666666666666,0.0,91.97957685584358,High Risk
2020-01-25,0.8015277777777778,28.666666666666668,0.012500000000000002,0.0,86.58333333333333,72.54166666666667,22.991666666666664,0.012500000000000002,8.791666666666666,1010.0958333333333,1009.9958333333334,17.733333333333334,189.20833333333334,32.891666666666666,0.1991666666666667,0.0,92.38859961803806,High Risk
2020-01-26,0.6745833333333334,28.849999999999998,0.020833333333333332,0.0,82.29166666666667,66.79166666666667,21.683333333333334,0.020833333333333332,4.666666666666667,1009.5833333333334,1009.4833333333332,13.0625,193.16666666666666,26.1875,0.22083333333333333,0.0,91.6778642479891,High Risk
2020-01-27,0.6175,28.025000000000002,0.008333333333333333,0.0,42.291666666666664,65.625,19.941666666666666,0.008333333333333333,5.375,1008.975,1008.875,11.358333333333334,224.0,23.054166666666664,0.225,0.0,91.35826661441128,High Risk
2020-01-28,0.6589583333333333,26.47083333333333,0.0,0.0,0.2916666666666667,58.958333333333336,17.091666666666665,0.0,0.0,1010.3416666666667,1010.2416666666667,9.908333333333333,238.70833333333334,21.8125,0.21916666666666665,0.0,91.59038314390759,High Risk
2020-01-29,0.6010416666666667,27.75,0.0,0.0,5.208333333333333,65.33333333333333,19.925,0.0,0.0,1011.9458333333333,1011.8458333333333,7.083333333333333,210.16666666666666,16.6125,0.19458333333333333,0.0,91.26611985144541,High Risk
2020-01-30,0.580763888888889,28.03333333333333,0.008333333333333333,0.0,72.66666666666667,63.833333333333336,19.675,0.008333333333333333,6.416666666666667,1011.7708333333334,1011.6708333333332,9.241666666666667,99.5,19.158333333333335,0.19083333333333333,0.0,91.15258881859295,High Risk
2020-01-31,0.8181944444444444,27.46666666666667,0.0,0.0,64.25,53.541666666666664,16.787499999999998,0.0,1.9166666666666667,1012.5708333333333,1012.4708333333333,10.904166666666667,91.5,21.829166666666666,0.22083333333333333,0.0,92.48191279572501,High Risk
2020-02-01,0.98625,27.8875,0.0,0.0,24.958333333333332,61.583333333333336,18.6625,0.0,0.75,1012.625,1012.525,8.679166666666665,128.04166666666666,18.495833333333334,0.21208333333333332,0.0,93.4228206707351,High Risk
2020-02-02,0.7870833333333334,27.445833333333336,0.004166666666666667,0.0,42.416666666666664,71.0,21.245833333333334,0.004166666666666667,3.3333333333333335,1013.8125,1013.7125,6.9125000000000005,195.58333333333334,17.416666666666668,0.17208333333333334,0.0,92.30772819737602,High Risk
2020-02-03,0.6266666666666666,27.916666666666668,0.008333333333333333,0.0,28.5,74.75,22.666666666666668,0.008333333333333333,4.958333333333333,1013.0625,1012.9625,9.266666666666667,188.29166666666666,19.787499999999998,0.17,0.0,91.40958886213909,High Risk
2020-02-04,0.6769444444444445,27.775000000000002,0.04583333333333334,0.0,48.541666666666664,74.16666666666667,22.508333333333336,0.04583333333333334,9.791666666666666,1012.0124999999999,1011.9125,11.775,186.70833333333334,23.391666666666666,0.1729166666666667,0.0,91.69108361482809,High Risk
2020-02-05,0.7456944444444445,28.15416666666667,0.029166666666666664,0.0,34.791666666666664,70.875,22.041666666666668,0.029166666666666664,9.208333333333334,1011.5916666666667,1011.4916666666667,12.200000000000001,189.95833333333334,24.479166666666668,0.17500000000000002,0.0,92.07600047278677,High Risk
2020-02-06,0.8516666666666667,28.03333333333333,0.03333333333333333,0.0,32.041666666666664,72.25,22.28333333333333,0.03333333333333333,9.208333333333334,1012.3458333333333,1012.2458333333334,12.525,186.58333333333334,25.275000000000002,0.17958333333333334,0.0,92.66931676091296,High Risk
2020-02-07,0.7453472222222222,28.224999999999998,0.012500000000000002,0.0,35.916666666666664,74.29166666666667,22.75,0.012500000000000002,7.291666666666667,1012.8416666666667,1012.7416666666667,7.5,189.0,17.108333333333334,0.17375,0.0,92.07405644825161,High Risk
2020-02-08,0.7019791666666667,28.212500000000002,0.020833333333333332,0.0,41.5,76.33333333333333,23.120833333333334,0.020833333333333332,5.333333333333333,1013.1541666666667,1013.0541666666667,8.216666666666667,187.625,17.416666666666668,0.17541666666666667,0.0,91.83124778381203,High Risk
2020-02-09,0.8067361111111112,28.8625,0.024999999999999998,0.0,80.125,63.25,19.795833333333334,0.024999999999999998,4.625,1013.4666666666667,1013.3666666666667,9.6,100.45833333333333,19.745833333333334,0.2275,0.0,92.41775998606522,High Risk
2020-02-10,0.9968750000000001,28.454166666666666,0.0,0.0,41.916666666666664,50.125,16.841666666666665,0.0,1.25,1013.25,1013.15,10.391666666666667,87.58333333333333,21.545833333333334,0.22875,0.0,93.48230782151055,High Risk
2020-02-11,0.8945833333333333,29.766666666666666,0.016666666666666666,0.0,18.208333333333332,54.291666666666664,18.895833333333332,0.016666666666666666,4.625,1013.1750000000001,1013.0749999999999,8.291666666666666,103.875,17.6375,0.22291666666666665,0.0,92.90959819345687,High Risk
2020-02-12,0.8236111111111111,28.754166666666666,0.025000000000000005,0.0,26.708333333333332,74.875,23.5625,0.025000000000000005,11.25,1012.8208333333333,1012.7208333333333,11.808333333333332,189.70833333333334,23.208333333333332,0.19458333333333333,0.0,92.51223957847326,High Risk
2020-02-13,0.780625,29.1375,0.0,0.0,56.833333333333336,69.25,22.3875,0.0,1.875,1011.725,1011.625,15.362499999999999,188.41666666666666,29.425,0.22791666666666666,0.0,92.27156934102233,High Risk
2020-02-14,0.6917013888888889,29.054166666666664,0.0,0.0,52.833333333333336,70.16666666666667,22.741666666666664,0.0,1.625,1009.7416666666667,1009.6416666666668,16.795833333333334,189.41666666666666,32.270833333333336,0.22,0.0,91.77370465757173,High Risk
2020-02-15,0.5840972222222222,28.65833333333333,0.0,0.0,0.25,61.75,18.1875,0.0,0.0,1010.5583333333334,1010.4583333333334,10.854166666666666,222.08333333333334,22.5125,0.24625,0.0,91.17125145413036,High Risk
2020-02-16,0.5165972222222223,28.170833333333334,0.0,0.0,3.25,62.833333333333336,19.1125,0.0,0.08333333333333333,1012.0291666666667,1011.9291666666667,10.529166666666667,208.91666666666666,22.59583333333333,0.23583333333333334,0.0,90.7933330844982,High Risk
2020-02-17,0.5634722222222223,29.008333333333336,0.0,0.0,30.416666666666668,69.83333333333333,21.879166666666666,0.0,0.75,1012.9208333333332,1012.8208333333333,8.629166666666666,152.25,18.991666666666667,0.20833333333333334,0.0,91.05577639674274,High Risk
2020-02-18,0.8918750000000001,27.545833333333334,0.020833333333333332,0.0,71.16666666666667,62.291666666666664,19.116666666666667,0.020833333333333332,6.291666666666667,1014.2333333333332,1014.1333333333333,11.820833333333333,145.95833333333334,24.395833333333332,0.14666666666666667,0.0,92.89443480208274,High Risk
2020-02-19,0.946388888888889,28.795833333333334,0.0,0.0,44.041666666666664,49.833333333333336,16.729166666666668,0.0,1.2083333333333333,1014.2125,1014.1125000000001,10.116666666666667,64.58333333333333,20.349999999999998,0.24708333333333332,0.0,93.19964665410049,High Risk
2020-02-20,0.7810416666666667,29.233333333333334,0.0,0.0,35.958333333333336,48.958333333333336,16.545833333333334,0.0,1.0416666666666667,1013.8083333333334,1013.7083333333334,11.383333333333333,87.66666666666667,23.183333333333334,0.2704166666666667,0.0,92.27390217046451,High Risk
2020-02-21,0.8877604166666666,28.770833333333332,0.0,0.0,54.291666666666664,42.916666666666664,14.516666666666666,0.0,1.75,1015.4291666666667,1015.3291666666668,15.112499999999999,76.625,29.420833333333334,0.2970833333333333,0.0,92.87139811134128,High Risk
2020-02-22,0.9596701388888889,28.833333333333332,0.0,0.0,3.9583333333333335,43.291666666666664,14.741666666666667,0.0,0.125,1015.6916666666666,1015.5916666666667,16.929166666666667,63.166666666666664,32.387499999999996,0.30791666666666667,0.0,93.27400559256978,High Risk
2020-02-23,0.8665972222222221,28.604166666666668,0.0,0.0,7.583333333333333,46.458333333333336,15.604166666666666,0.0,0.16666666666666666,1014.85,1014.75,13.270833333333334,56.208333333333336,25.695833333333336,0.27499999999999997,0.0,92.75290981592418,High Risk
2020-02-24,0.8729861111111111,28.891666666666666,0.0,0.0,6.541666666666667,49.0,16.241666666666667,0.0,0.125,1012.6458333333334,1012.5458333333332,10.4375,108.16666666666667,21.266666666666666,0.25875,0.0,92.78867986737086,High Risk
2020-02-25,0.90125,27.5125,0.029166666666666664,0.0,39.583333333333336,75.16666666666667,22.275000000000002,0.029166666666666664,7.166666666666667,1011.4666666666667,1011.3666666666667,9.054166666666665,197.41666666666666,18.841666666666665,0.17666666666666667,0.0,92.94692346453166,High Risk
2020-02-26,0.6495138888888888,28.40833333333333,0.012500000000000002,0.0,62.625,74.83333333333333,23.120833333333334,0.012500000000000002,5.958333333333333,1011.625,1011.525,9.579166666666667,195.41666666666666,21.104166666666668,0.18166666666666667,0.0,91.53750567655165,High Risk
2020-02-27,0.8109722222222223,28.55,0.09583333333333333,0.0,82.25,75.33333333333333,23.554166666666664,0.09583333333333333,11.041666666666666,1010.9375,1010.8375,9.6,183.33333333333334,21.912499999999998,0.16125,0.0,92.441477085394,High Risk
2020-02-28,0.9224189814814815,28.504166666666666,0.05416666666666667,0.0,46.25,76.41666666666667,23.758333333333336,0.05416666666666667,15.791666666666666,1010.3708333333334,1010.2708333333334,13.091666666666667,183.91666666666666,26.979166666666668,0.18166666666666667,0.0,93.06544416035764,High Risk
2020-02-29,0.6760879629629629,28.458333333333332,0.008333333333333333,0.0,34.5,74.25,23.179166666666664,0.008333333333333333,5.125,1009.8874999999999,1009.7875,10.7875,212.04166666666666,24.683333333333334,0.18499999999999997,0.0,91.68628835430806,High Risk
2020-03-01,0.5897916666666667,29.099999999999998,0.0,0.0,26.25,71.5,23.099999999999998,0.0,0.75,1010.1583333333333,1010.0583333333334,13.245833333333332,193.25,25.983333333333334,0.21375,0.0,91.20313345650672,High Risk
2020-03-02,0.63875,29.204166666666666,0.0,0.0,45.916666666666664,72.20833333333333,23.400000000000002,0.0,1.3333333333333333,1009.85,1009.75,15.566666666666668,188.70833333333334,29.795833333333334,0.21875,0.0,91.47724091596216,High Risk
2020-03-03,0.7489583333333334,29.316666666666666,0.0,0.0,33.75,71.25,23.25,0.0,0.875,1010.1166666666667,1010.0166666666668,18.383333333333333,182.45833333333334,34.583333333333336,0.23375,0.0,92.09427430341712,High Risk
2020-03-04,0.6969444444444445,29.5,0.0,0.0,46.666666666666664,69.0,22.829166666666666,0.0,1.25,1010.2958333333332,1010.1958333333333,16.75,189.625,32.725,0.21708333333333332,0.0,91.80305942805242,High Risk
2020-03-05,0.6314583333333333,29.46666666666667,0.020833333333333332,0.0,34.875,69.54166666666667,23.016666666666666,0.020833333333333332,9.208333333333334,1010.6041666666666,1010.5041666666666,14.495833333333332,179.5,28.766666666666666,0.225,0.0,91.43641640072411,High Risk
2020-03-06,0.6874305555555557,29.349999999999998,0.09166666666666667,0.0,44.916666666666664,70.54166666666667,23.075,0.09166666666666667,10.0,1012.0333333333333,1011.9333333333334,15.454166666666666,184.08333333333334,31.295833333333334,0.225,0.0,91.74979315578945,High Risk
2020-03-07,0.6046527777777778,29.1875,0.004166666666666667,0.0,55.0,74.0,23.895833333333332,0.004166666666666667,3.6666666666666665,1011.8958333333334,1011.7958333333332,12.979166666666666,173.20833333333334,25.616666666666664,0.20291666666666666,0.0,91.28633770661091,High Risk
2020-03-08,0.6514930555555556,30.087500000000002,0.0,0.0,22.75,69.54166666666667,23.191666666666666,0.0,0.7083333333333334,1009.2375000000001,1009.1374999999999,10.804166666666667,192.125,22.974999999999998,0.23958333333333334,0.0,91.54858661640196,High Risk
2020-03-09,0.6385416666666667,30.133333333333336,0.0,0.0,16.0,66.45833333333333,21.645833333333332,0.0,0.5,1007.2083333333334,1007.1083333333332,11.174999999999999,210.91666666666666,22.900000000000002,0.25958333333333333,0.0,91.47607450124104,High Risk
2020-03-10,0.6977083333333334,29.820833333333336,0.0,0.0,3.1666666666666665,71.70833333333333,23.616666666666664,0.0,0.041666666666666664,1007.5,1007.4,12.833333333333334,170.125,25.670833333333334,0.24208333333333332,0.0,91.80733628202975,High Risk
2020-03-11,0.6679166666666667,29.954166666666666,0.0,0.0,6.958333333333333,71.58333333333333,23.566666666666666,0.0,0.25,1009.3000000000001,1009.1999999999999,10.445833333333333,165.20833333333334,21.97083333333333,0.23124999999999998,0.0,91.64053897691431,High Risk
2020-03-12,0.6863888888888888,29.96666666666667,0.0,0.0,38.375,73.79166666666667,24.40416666666667,0.0,1.1666666666666667,1011.1083333333332,1011.0083333333333,16.7375,177.20833333333334,31.979166666666668,0.23166666666666666,0.0,91.74396108218403,High Risk
2020-03-13,0.6696527777777778,30.40833333333333,0.0,0.0,48.541666666666664,72.45833333333333,24.495833333333334,0.0,1.4583333333333333,1011.4416666666666,1011.3416666666667,14.808333333333332,184.04166666666666,29.058333333333334,0.23124999999999998,0.0,91.65025909959003,High Risk
2020-03-14,0.5518402777777778,30.71666666666667,0.004166666666666667,0.0,49.791666666666664,71.91666666666667,24.683333333333334,0.004166666666666667,3.625,1010.0708333333333,1009.9708333333333,15.491666666666667,181.5,30.183333333333334,0.2383333333333333,0.043125000000000004,90.99065157481539,High Risk
2020-03-15,0.6844444444444444,29.22083333333333,0.3125,0.0,70.79166666666667,76.04166666666667,24.40416666666667,0.3125,22.166666666666668,1011.1541666666667,1011.0541666666667,8.229166666666666,143.16666666666666,19.883333333333333,0.17500000000000002,5.221875,91.7330745447872,High Risk
2020-03-16,0.7440972222222223,28.420833333333334,0.012499999999999999,0.0,45.875,79.41666666666667,24.25,0.012499999999999999,3.2916666666666665,1011.9375,1011.8375,6.904166666666666,146.875,15.954166666666666,0.18125,16.69375,92.0670579599251,High Risk
2020-03-17,0.7680902777777777,29.179166666666664,0.012500000000000002,0.0,44.833333333333336,78.70833333333333,24.995833333333334,0.012500000000000002,7.583333333333333,1012.125,1012.025,13.716666666666667,188.70833333333334,26.462500000000002,0.1825,15.620208333333336,92.2013900553036,High Risk
2020-03-18,0.6508333333333333,29.787499999999998,0.008333333333333333,0.0,55.75,73.41666666666667,24.2625,0.008333333333333333,5.875,1010.4916666666667,1010.3916666666668,16.141666666666666,188.91666666666666,30.175,0.22208333333333333,4.52875,91.5448929697852,High Risk
2020-03-19,0.7252083333333333,29.620833333333334,0.008333333333333333,0.0,51.875,74.08333333333333,24.420833333333334,0.008333333333333333,5.583333333333333,1009.8541666666666,1009.7541666666666,20.291666666666668,178.75,37.541666666666664,0.21791666666666668,0.8308333333333334,91.96130302521321,High Risk
2020-03-20,0.6719444444444443,29.787499999999998,0.020833333333333332,0.0,43.208333333333336,71.5,23.891666666666666,0.020833333333333332,7.25,1010.3791666666666,1010.2791666666667,18.633333333333333,181.83333333333334,34.97083333333333,0.23458333333333334,0.19020833333333334,91.66308966152201,High Risk
2020-03-21,0.6773958333333333,29.5125,0.0,0.0,17.666666666666668,70.66666666666667,23.370833333333334,0.0,0.3333333333333333,1011.2041666666668,1011.1041666666666,17.2,184.625,32.9125,0.23416666666666666,0.045625,91.69361084672376,High Risk
2020-03-22,0.6422916666666667,29.837500000000002,0.07083333333333335,0.0,11.125,67.875,22.933333333333334,0.07083333333333335,4.708333333333333,1010.4375,1010.3375,15.424999999999999,185.70833333333334,29.545833333333334,0.24083333333333334,0.015625,91.49706996622061,High Risk
2020-03-23,0.5949305555555556,30.0125,0.008333333333333333,0.0,11.583333333333334,71.0,23.962500000000002,0.008333333333333333,4.5,1009.6416666666668,1009.5416666666666,16.691666666666666,179.91666666666666,31.558333333333334,0.24375,0.0,91.23190501962686,High Risk
2020-03-24,0.5852777777777778,29.991666666666664,0.0,0.0,6.5,67.5,22.895833333333332,0.0,0.0,1008.7708333333334,1008.6708333333332,16.7375,179.16666666666666,32.32083333333333,0.2625,0.0,91.17786113754984,High Risk
2020-03-25,0.7220833333333333,29.666666666666668,0.012500000000000002,0.0,45.708333333333336,69.45833333333333,23.233333333333334,0.012500000000000002,5.375,1008.2708333333334,1008.1708333333332,17.133333333333333,182.125,33.137499999999996,0.245,0.0,91.94380680439691,High Risk
2020-03-26,0.6499305555555556,29.854166666666668,0.0,0.0,26.5,70.04166666666667,23.46666666666667,0.0,0.75,1009.5291666666667,1009.4291666666667,15.299999999999999,185.83333333333334,30.416666666666668,0.24541666666666664,0.0,91.53983850599381,High Risk
2020-03-27,0.5613541666666667,30.412499999999998,0.0,0.0,75.625,69.04166666666667,23.6125,0.0,2.4166666666666665,1009.6,1009.5,16.429166666666667,184.58333333333334,31.666666666666668,0.2629166666666667,0.0,91.04391784707836,High Risk
2020-03-28,0.5916319444444444,30.329166666666666,0.0,0.0,23.125,71.29166666666667,24.21666666666667,0.0,0.6666666666666666,1008.5708333333333,1008.4708333333333,15.65,182.375,30.525000000000002,0.24458333333333335,0.0,91.21343678654299,High Risk
2020-03-29,0.5734027777777778,30.2,0.008333333333333333,0.0,16.625,72.83333333333333,24.587500000000002,0.008333333333333333,4.5,1007.9833333333332,1007.8833333333333,16.779166666666665,178.20833333333334,32.3125,0.235,0.0,91.11137549844787,High Risk
2020-03-30,0.6333333333333333,30.229166666666668,0.004166666666666667,0.0,5.208333333333333,71.75,24.079166666666666,0.004166666666666667,2.125,1008.5458333333332,1008.4458333333333,16.283333333333335,182.58333333333334,31.116666666666664,0.25166666666666665,0.0,91.44691413321388,High Risk
2020-03-31,0.5040972222222223,30.625,0.0,0.0,15.125,71.08333333333333,24.441666666666666,0.0,0.2916666666666667,1008.6999999999999,1008.6,17.0625,180.54166666666666,32.3375,0.2558333333333333,0.0,90.72334820123297,High Risk
2020-04-01,0.5812499999999999,30.49166666666667,0.0,0.0,27.75,72.79166666666667,24.7625,0.0,0.8333333333333334,1008.6999999999999,1008.6,16.275000000000002,180.0,31.483333333333334,0.24416666666666667,0.0,91.15531045294216,High Risk
2020-04-02,0.6271527777777778,30.270833333333332,0.05833333333333333,0.0,37.291666666666664,72.41666666666667,24.525000000000002,0.05833333333333333,13.541666666666666,1009.3458333333333,1009.2458333333334,17.6125,173.70833333333334,33.25416666666667,0.22958333333333333,0.0,91.4123104964883,High Risk
2020-04-03,0.6646875,30.520833333333332,0.0,0.0,36.75,72.66666666666667,24.791666666666668,0.0,1.0416666666666667,1010.1333333333333,1010.0333333333333,15.7875,179.5,30.775000000000002,0.24208333333333332,0.0,91.62245954873747,High Risk
2020-04-04,0.6814930555555555,30.829166666666666,0.0,0.0,31.083333333333332,71.375,24.645833333333332,0.0,0.875,1010.0583333333334,1009.9583333333334,14.233333333333334,180.95833333333334,28.308333333333334,0.24458333333333335,0.0,91.71655033623848,High Risk
2020-04-05,0.7021527777777777,30.78333333333333,0.012500000000000002,0.0,26.541666666666668,70.08333333333333,24.304166666666664,0.012500000000000002,4.875,1010.4916666666667,1010.3916666666668,14.9,177.75,29.28333333333333,0.24583333333333335,0.0,91.83221979607958,High Risk
2020-04-06,0.7754513888888889,30.900000000000002,0.0,0.0,58.333333333333336,68.25,24.0125,0.0,1.7916666666666667,1010.0666666666666,1009.9666666666667,17.245833333333334,186.0,33.166666666666664,0.26999999999999996,0.0,92.24260337544867,High Risk
2020-04-07,0.7072916666666668,30.462500000000002,0.10416666666666667,0.0,70.20833333333333,69.79166666666667,24.22083333333333,0.10416666666666667,14.583333333333334,1008.9083333333333,1008.8083333333334,16.95,185.875,32.43333333333333,0.22583333333333333,0.0,91.86099135919974,High Risk
2020-04-08,0.7493055555555556,30.287499999999998,0.05833333333333334,0.0,66.375,73.5,24.929166666666664,0.05833333333333334,12.25,1009.6083333333332,1009.5083333333333,18.204166666666666,178.125,34.4625,0.215,0.0,92.09621832795226,High Risk
2020-04-09,0.6913888888888889,30.170833333333334,0.016666666666666666,0.0,53.125,72.66666666666667,24.479166666666668,0.016666666666666666,3.6666666666666665,1010.4250000000001,1010.3249999999999,15.5625,175.79166666666666,29.554166666666664,0.2175,0.0,91.7719550354901,High Risk
2020-04-10,0.77625,30.070833333333336,0.016666666666666666,0.0,72.375,73.75,24.704166666666666,0.016666666666666666,8.291666666666666,1011.7791666666667,1011.6791666666667,14.283333333333333,175.125,28.391666666666666,0.21833333333333335,0.0,92.24707463187951,High Risk
2020-04-11,0.7140624999999999,30.566666666666666,0.025000000000000005,0.0,65.5,72.45833333333333,24.7375,0.025000000000000005,8.291666666666666,1011.3208333333333,1011.2208333333333,13.025,180.54166666666666,26.09166666666667,0.235,0.0,91.89889983763507,High Risk
2020-04-12,0.6509722222222222,30.8125,0.008333333333333333,0.0,30.791666666666668,72.25,25.0,0.008333333333333333,5.125,1009.9250000000001,1009.8249999999999,14.779166666666667,177.83333333333334,28.95,0.23666666666666666,0.057499999999999996,91.54567057959925,High Risk
2020-04-13,0.6653472222222222,28.495833333333334,0.8416666666666667,0.0,91.08333333333333,79.20833333333333,24.4375,0.8416666666666667,28.666666666666668,1010.6666666666666,1010.5666666666666,9.058333333333334,129.33333333333334,20.3875,0.1225,0.23979166666666665,91.62615319535425,High Risk
2020-04-14,0.655625,28.34166666666667,0.06666666666666667,0.0,86.08333333333333,77.79166666666667,23.804166666666664,0.06666666666666667,10.875,1011.5083333333333,1011.4083333333333,7.045833333333333,162.0,16.545833333333334,0.15166666666666667,0.326875,91.57172050837019,High Risk
2020-04-15,0.7488541666666667,29.304166666666664,0.05000000000000001,0.0,74.66666666666667,76.58333333333333,24.454166666666666,0.05000000000000001,6.541666666666667,1010.9125,1010.8125,7.2625,217.375,17.520833333333332,0.2025,0.18895833333333334,92.09369109605659,High Risk
2020-04-16,0.7372916666666667,29.8125,0.004166666666666667,0.0,76.04166666666667,74.375,24.641666666666666,0.004166666666666667,4.375,1009.975,1009.875,13.645833333333334,186.20833333333334,26.6375,0.20958333333333334,0.075625,92.02895507903625,High Risk
2020-04-17,0.7361111111111112,29.545833333333334,0.05833333333333333,0.0,97.41666666666667,75.83333333333333,24.754166666666666,0.05833333333333333,21.0,1010.4791666666666,1010.3791666666666,15.416666666666666,183.95833333333334,29.558333333333334,0.19083333333333333,0.16541666666666668,92.02234539561675,High Risk
2020-04-18,0.5481944444444444,29.516666666666666,0.0,0.0,86.20833333333333,69.625,23.116666666666664,0.0,2.6666666666666665,1011.0041666666666,1010.9041666666667,11.012500000000001,179.70833333333334,22.083333333333332,0.19458333333333333,0.294375,90.97023931719636,High Risk
2020-04-19,0.6264583333333333,30.5125,0.012500000000000002,0.0,54.75,71.20833333333333,24.433333333333334,0.012500000000000002,7.75,1010.0708333333333,1009.9708333333333,12.729166666666666,189.95833333333334,25.170833333333334,0.2383333333333333,0.20458333333333334,91.40842244741802,High Risk
2020-04-20,0.6180208333333334,30.8625,0.0,0.0,41.208333333333336,67.66666666666667,23.691666666666666,0.0,1.2083333333333333,1009.6999999999999,1009.6,12.641666666666666,187.5,25.291666666666668,0.26416666666666666,0.06125,91.361182651214,High Risk
2020-04-21,0.5870138888888888,31.195833333333336,0.0,0.0,38.583333333333336,69.5,24.46666666666667,0.0,1.0833333333333333,1008.8416666666667,1008.7416666666667,14.929166666666667,188.95833333333334,29.004166666666666,0.2704166666666667,0.015625,91.18758126022557,High Risk
2020-04-22,0.6450694444444445,31.6125,0.0,0.0,36.833333333333336,67.75,24.433333333333334,0.0,1.125,1008.5458333333332,1008.4458333333333,15.808333333333332,187.5,30.675,0.26916666666666667,0.0,91.51262216250178,High Risk
2020-04-23,0.6210416666666666,30.641666666666666,0.14583333333333334,0.0,78.125,70.54166666666667,24.1875,0.14583333333333334,8.833333333333334,1009.3291666666668,1009.2291666666666,13.237499999999999,163.0,27.22083333333333,0.24625,0.0,91.37809566466976,High Risk
2020-04-24,0.6340277777777777,28.929166666666664,0.008333333333333333,0.0,98.29166666666667,76.04166666666667,24.125,0.008333333333333333,7.0,1009.9250000000001,1009.8249999999999,6.979166666666667,139.04166666666666,15.841666666666667,0.11875000000000001,0.014374999999999999,91.45080218228418,High Risk
2020-04-25,0.6836458333333333,28.900000000000002,0.4708333333333334,0.0,77.375,77.83333333333333,24.504166666666666,0.4708333333333334,19.875,1010.5416666666666,1010.4416666666666,7.5874999999999995,156.70833333333334,19.091666666666665,0.16958333333333334,0.6145833333333334,91.72860328835637,High Risk
2020-04-26,0.7256944444444445,29.075,0.0,0.0,94.58333333333333,73.08333333333333,23.462500000000002,0.0,2.9583333333333335,1010.8458333333333,1010.7458333333334,6.533333333333334,193.25,14.208333333333334,0.11625,2.5245833333333336,91.9640246595624,High Risk
2020-04-27,0.7801388888888888,28.1875,0.5458333333333333,0.0,98.04166666666667,79.5,24.224999999999998,0.5458333333333333,32.25,1012.1416666666668,1012.0416666666666,5.591666666666666,166.45833333333334,20.212500000000002,0.15,5.77875,92.26884770667313,High Risk
2020-04-28,0.748263888888889,29.066666666666666,0.0,0.0,63.5,71.91666666666667,23.15416666666667,0.0,2.0,1010.9666666666667,1010.8666666666667,9.441666666666666,211.125,19.970833333333335,0.21416666666666664,17.125,92.09038625434684,High Risk
2020-04-29,0.8918749999999999,29.291666666666668,0.0625,0.0,70.20833333333333,76.91666666666667,24.766666666666666,0.0625,12.75,1009.8916666666668,1009.7916666666666,9.004166666666666,189.04166666666666,20.25,0.19499999999999998,103.76333333333334,92.89443480208274,High Risk
2020-04-30,0.7663194444444444,29.6125,0.025000000000000005,0.0,56.25,75.41666666666667,24.604166666666668,0.025000000000000005,9.958333333333334,1010.4083333333333,1010.3083333333334,7.979166666666667,181.125,20.116666666666667,0.19874999999999998,233.806875,92.19147553017437,High Risk
2020-05-01,0.7097916666666667,30.05,0.016666666666666666,0.0,54.333333333333336,71.875,24.204166666666666,0.016666666666666666,7.916666666666667,1009.2291666666666,1009.1291666666666,9.295833333333333,216.25,19.491666666666667,0.21916666666666665,292.5416666666667,91.87498833585279,High Risk
2020-05-02,0.631076388888889,30.325,0.004166666666666667,0.0,34.083333333333336,71.70833333333333,24.391666666666666,0.004166666666666667,2.9166666666666665,1008.1541666666667,1008.0541666666667,9.975,192.91666666666666,20.970833333333335,0.2383333333333333,304.70875,91.43427797373545,High Risk
2020-05-03,0.5963888888888889,30.837500000000002,0.004166666666666667,0.0,65.75,71.5,24.9375,0.004166666666666667,4.125,1008.2041666666668,1008.1041666666666,12.204166666666666,183.70833333333334,24.641666666666666,0.23958333333333334,310.8052083333334,91.24006992267446,High Risk
2020-05-04,0.5943055555555555,30.97083333333333,0.10416666666666667,0.0,73.16666666666667,71.5,25.09166666666667,0.10416666666666667,14.625,1009.1125000000001,1009.0124999999999,8.275,206.54166666666666,18.925,0.19541666666666668,313.05,91.2284057754636,High Risk
2020-05-05,0.5910416666666667,31.454166666666666,0.008333333333333333,0.0,65.20833333333333,70.66666666666667,25.254166666666666,0.008333333333333333,6.0,1007.8333333333334,1007.7333333333332,11.466666666666667,189.29166666666666,23.291666666666668,0.24416666666666667,311.67,91.21013194483324,High Risk
2020-05-06,0.6288888888888889,31.7375,0.0,0.0,44.125,70.66666666666667,25.491666666666664,0.0,1.375,1007.2583333333333,1007.1583333333333,14.308333333333332,184.20833333333334,28.599999999999998,0.25375,307.4483333333333,91.42203061916403,High Risk
2020-05-07,0.66,31.479166666666668,0.0,0.0,89.79166666666667,72.66666666666667,25.8625,0.0,2.875,1006.9875000000001,1006.8874999999999,15.129166666666668,177.91666666666666,29.34166666666667,0.21458333333333335,302.8177083333333,91.596215217513,High Risk
2020-05-08,0.623125,31.745833333333334,0.004166666666666667,0.0,67.875,70.5,25.5,0.004166666666666667,4.208333333333333,1006.8874999999999,1006.7875,15.133333333333333,183.79166666666666,29.7625,0.24791666666666667,303.34791666666666,91.38975981188064,High Risk
2020-05-09,0.5621180555555555,31.920833333333334,0.008333333333333333,0.0,85.79166666666667,69.625,25.40833333333333,0.008333333333333333,6.75,1007.6291666666666,1007.5291666666667,13.933333333333332,178.58333333333334,27.754166666666666,0.2525,312.124375,91.04819470105568,High Risk
2020-05-10,0.5830555555555555,31.7375,0.0,0.0,94.875,68.83333333333333,25.09166666666667,0.0,2.9583333333333335,1007.9583333333334,1007.8583333333332,14.545833333333334,186.08333333333334,28.34583333333333,0.24916666666666665,328.7225,91.16541938052491,High Risk
2020-05-11,0.5875,30.570833333333336,0.1708333333333333,0.0,90.16666666666667,73.08333333333333,24.962500000000002,0.1708333333333333,23.666666666666668,1009.1374999999999,1009.0375,9.191666666666666,160.95833333333334,21.191666666666666,0.20166666666666666,363.574375,91.19030289457476,High Risk
2020-05-12,0.5057986111111111,29.495833333333334,0.0,0.0,47.083333333333336,72.375,23.5,0.0,1.3333333333333333,1008.7541666666666,1008.6541666666667,6.558333333333334,145.70833333333334,15.266666666666666,0.19333333333333333,407.435,90.73287392145518,High Risk
2020-05-13,0.5871527777777777,30.983333333333334,0.0,0.0,20.25,70.29166666666667,24.633333333333336,0.0,0.5,1008.1416666666668,1008.0416666666666,12.825000000000001,191.66666666666666,25.2625,0.25833333333333336,424.6816666666667,91.18835887003962,High Risk
2020-05-14,0.5625694444444445,31.195833333333336,0.016666666666666666,0.0,59.958333333333336,71.125,25.079166666666666,0.016666666666666666,7.958333333333333,1008.1,1008.0,10.950000000000001,184.20833333333334,22.425,0.24041666666666664,421.245625,91.05072193295138,High Risk
2020-05-15,0.523888888888889,31.22083333333333,0.008333333333333333,0.0,73.70833333333333,70.75,25.087500000000002,0.008333333333333333,6.416666666666667,1006.1374999999999,1006.0375,12.683333333333332,183.41666666666666,25.329166666666666,0.24333333333333332,421.5939583333334,90.83415759973622,High Risk
2020-05-16,0.5587847222222222,31.745833333333334,0.0,0.0,69.08333333333333,66.83333333333333,24.516666666666666,0.0,2.2916666666666665,1005.475,1005.375,14.933333333333332,184.83333333333334,28.808333333333334,0.2783333333333334,429.3220833333333,91.02953206551828,High Risk
2020-05-17,0.5482986111111111,31.679166666666664,0.10833333333333334,0.0,97.04166666666667,69.70833333333333,25.287499999999998,0.10833333333333334,13.333333333333334,1005.2791666666667,1005.1791666666667,11.520833333333334,193.625,25.84583333333333,0.2325,447.40333333333336,90.97082252455691,High Risk
2020-05-18,0.5009722222222223,31.795833333333334,0.19583333333333333,0.0,92.25,68.125,24.729166666666668,0.19583333333333333,11.833333333333334,1004.9,1004.8000000000001,10.204166666666667,186.0,22.683333333333334,0.25083333333333335,470.7370833333334,90.70585198041667,High Risk
2020-05-19,0.6036805555555556,30.820833333333336,0.39999999999999997,0.0,93.5,73.54166666666667,25.34583333333333,0.39999999999999997,14.291666666666666,1005.6916666666666,1005.5916666666667,11.841666666666667,193.125,27.27916666666667,0.2070833333333333,489.6404166666667,91.28089443791252,High Risk
2020-05-20,0.6128125,30.991666666666664,0.09166666666666667,0.0,65.29166666666667,68.125,24.254166666666666,0.09166666666666667,8.291666666666666,1006.1625,1006.0625,16.3875,196.45833333333334,32.112500000000004,0.265,513.2133333333333,91.33202228318683,High Risk
2020-05-21,0.4865972222222222,30.837500000000002,0.041666666666666664,0.0,83.375,72.04166666666667,25.03333333333333,0.041666666666666664,12.875,1006.9416666666666,1006.8416666666667,10.575000000000001,213.58333333333334,22.729166666666668,0.22875,544.9545833333333,90.62536936466167,High Risk
2020-05-22,0.48161458333333335,31.650000000000002,0.0,0.0,87.95833333333333,67.41666666666667,24.53333333333333,0.0,2.7083333333333335,1006.4,1006.3000000000001,10.991666666666667,231.33333333333334,22.579166666666666,0.255,562.5858333333334,90.59747261258234,High Risk
2020-05-23,0.5371354166666666,31.829166666666666,0.16666666666666666,0.0,96.04166666666667,71.0,25.545833333333334,0.16666666666666666,11.666666666666666,1006.8125,1006.7125,11.754166666666668,213.04166666666666,25.358333333333334,0.23625,560.8397916666667,90.90832213575202,High Risk
2020-05-24,0.44784722222222223,30.45,0.13749999999999998,0.0,99.08333333333333,78.04166666666667,26.05,0.13749999999999998,19.333333333333332,1008.3458333333333,1008.2458333333334,10.9,183.625,23.341666666666665,0.16666666666666666,559.9472916666667,90.4084162265395,High Risk
2020-05-25,0.4681944444444444,29.662499999999998,0.1625,0.0,97.04166666666667,80.75,25.8875,0.1625,31.583333333333332,1010.025,1009.9250000000001,9.35,165.08333333333334,21.2625,0.15541666666666668,566.3966666666666,90.522336064299,High Risk
2020-05-26,0.4799652777777778,29.21666666666667,0.28750000000000003,0.0,99.125,82.5,25.837500000000002,0.28750000000000003,23.833333333333332,1010.1374999999999,1010.0375,8.112499999999999,172.5,20.3875,0.14333333333333334,573.0147916666666,90.5882384960404,High Risk
2020-05-27,0.39749999999999996,30.579166666666666,0.05416666666666667,0.0,84.83333333333333,72.20833333333333,24.6125,0.05416666666666667,12.583333333333334,1009.2458333333334,1009.1458333333334,8.966666666666667,214.29166666666666,19.345833333333335,0.22166666666666665,584.165,90.1265326689435,High Risk
2020-05-28,0.42250000000000004,30.308333333333334,0.024999999999999998,0.0,96.5,74.29166666666667,24.858333333333334,0.024999999999999998,9.0,1008.6750000000001,1008.5749999999999,6.1499999999999995,231.33333333333334,16.287499999999998,0.19875,607.3966666666666,90.26650243547392,High Risk
2020-05-29,0.5288131313131313,29.108333333333334,0.21666666666666667,0.0,95.29166666666667,80.91666666666667,25.391666666666666,0.21666666666666667,23.416666666666668,1009.1958333333333,1009.0958333333333,11.487499999999999,155.0,22.995833333333334,0.16958333333333334,658.4279166666666,90.86172740223465,High Risk
2020-05-30,0.4783396464646465,28.954166666666666,0.14166666666666666,0.0,81.95833333333333,78.58333333333333,24.704166666666666,0.14166666666666666,18.791666666666668,1010.4083333333333,1010.3083333333334,10.2875,155.875,21.254166666666666,0.16916666666666666,717.0579166666666,90.57913692662586,High Risk
2020-05-31,0.44402777777777774,29.912499999999998,0.08333333333333333,0.0,73.25,74.625,24.754166666666666,0.08333333333333333,10.791666666666666,1010.6666666666666,1010.5666666666666,9.979166666666666,192.29166666666666,22.145833333333332,0.21083333333333332,727.3639583333334,90.3870319566529,High Risk
2020-06-01,0.500625,30.058333333333334,0.016666666666666666,0.0,71.04166666666667,73.83333333333333,24.695833333333336,0.016666666666666666,6.291666666666667,1009.7916666666666,1009.6916666666666,8.424999999999999,178.45833333333334,19.287499999999998,0.17666666666666667,702.7295833333333,90.70390795588152,High Risk
2020-06-02,0.5489583333333333,29.266666666666666,1.0125,0.0,91.29166666666667,78.20833333333333,24.90416666666667,1.0125,33.458333333333336,1009.1458333333334,1009.0458333333332,11.283333333333333,177.16666666666666,24.920833333333334,0.1679166666666667,684.7022916666666,90.97451617117369,High Risk
2020-06-03,0.5745833333333333,29.241666666666664,0.22083333333333333,0.0,81.375,77.79166666666667,24.691666666666666,0.22083333333333333,19.541666666666668,1008.0458333333332,1007.9458333333333,9.5625,205.58333333333334,20.491666666666667,0.1925,682.0316666666666,91.11798518186738,High Risk
2020-06-04,0.6547222222222222,29.4375,0.09999999999999999,0.0,96.08333333333333,75.25,24.458333333333332,0.09999999999999999,7.416666666666667,1007.5,1007.4,9.833333333333334,220.58333333333334,21.775000000000002,0.19458333333333333,684.4900000000001,91.56666604457881,High Risk
2020-06-05,0.5893055555555555,29.3125,0.21666666666666667,0.0,98.70833333333333,77.45833333333333,24.816666666666666,0.21666666666666667,21.916666666666668,1007.5208333333334,1007.4208333333332,9.504166666666666,192.25,20.583333333333332,0.1729166666666667,682.980625,91.2004118221575,High Risk
2020-06-06,0.5655555555555556,29.525000000000002,0.075,0.0,93.79166666666667,73.16666666666667,24.083333333333332,0.075,5.333333333333333,1007.4333333333334,1007.3333333333334,14.112499999999999,196.08333333333334,29.09166666666667,0.20833333333333334,676.855,91.06744054395361,High Risk
2020-06-07,0.5220833333333333,29.3,0.09166666666666667,0.0,93.29166666666667,74.20833333333333,24.204166666666666,0.09166666666666667,21.083333333333332,1007.1,1007.0,14.979166666666666,193.04166666666666,29.395833333333332,0.18000000000000002,666.0910416666667,90.82404867215348,High Risk
2020-06-08,0.5454166666666667,29.020833333333332,0.35000000000000003,0.0,95.25,74.79166666666667,24.004166666666666,0.35000000000000003,18.083333333333332,1006.8375,1006.7375000000001,13.525,197.83333333333334,27.879166666666666,0.15625,654.63,90.95468712091521,High Risk
2020-06-09,0.546875,29.329166666666666,0.20833333333333334,0.0,80.41666666666667,74.58333333333333,24.179166666666664,0.20833333333333334,15.458333333333334,1006.9250000000001,1006.8249999999999,15.741666666666667,190.45833333333334,30.833333333333332,0.21166666666666667,652.0145833333332,90.96285202396281,High Risk
2020-06-10,0.5651041666666666,29.5625,0.07083333333333335,0.0,93.5,74.08333333333333,24.320833333333336,0.07083333333333335,9.083333333333334,1007.4625,1007.3625000000001,11.9,197.375,25.854166666666668,0.21833333333333335,661.7289583333333,91.06491331205793,High Risk
2020-06-11,0.4363194444444445,29.754166666666666,0.012500000000000002,0.0,73.29166666666667,70.375,23.5625,0.012500000000000002,6.333333333333333,1006.9666666666667,1006.8666666666667,9.591666666666667,233.375,20.358333333333334,0.22458333333333333,672.5983333333334,90.34387461197268,High Risk
2020-06-12,0.4789236111111111,30.183333333333334,0.1625,0.0,86.25,70.79166666666667,24.0125,0.1625,15.291666666666666,1005.4875000000001,1005.3874999999999,11.179166666666667,244.04166666666666,24.808333333333334,0.23291666666666666,678.1397916666666,90.58240642243497,High Risk
2020-06-13,0.4220486111111111,30.233333333333334,0.1708333333333333,0.0,85.875,70.875,24.1875,0.1708333333333333,9.458333333333334,1004.4791666666666,1004.3791666666666,12.404166666666667,240.375,24.7625,0.23291666666666666,678.2702083333332,90.26397520357825,High Risk
2020-06-14,0.4101388888888889,30.229166666666668,0.3125,0.0,99.54166666666667,71.5,24.3,0.3125,18.333333333333332,1005.4916666666667,1005.3916666666668,10.475,233.91666666666666,22.9375,0.19666666666666666,691.1635416666667,90.19729516202277,High Risk
2020-06-15,0.5440277777777778,27.808333333333334,0.33749999999999997,0.0,99.95833333333333,85.91666666666667,25.170833333333334,0.33749999999999997,46.083333333333336,1007.775,1007.6750000000001,8.458333333333334,170.08333333333334,18.679166666666667,0.10708333333333335,742.255,90.94691102277463,High Risk
2020-06-16,0.5601736111111112,27.866666666666664,0.9500000000000001,0.0,99.33333333333333,85.125,25.05,0.9500000000000001,48.083333333333336,1008.5791666666668,1008.4791666666666,8.549999999999999,214.29166666666666,21.870833333333334,0.11291666666666667,825.3602083333334,91.03730816365886,High Risk
2020-06-17,0.5773611111111111,27.691666666666666,0.47083333333333327,0.0,98.33333333333333,87.20833333333333,25.291666666666668,0.47083333333333327,40.833333333333336,1008.6,1008.5,8.570833333333333,189.79166666666666,22.166666666666668,0.11750000000000001,945.0452083333333,91.13353737814852,High Risk
2020-06-18,0.5086805555555556,28.304166666666664,0.03333333333333333,0.0,91.70833333333333,82.16666666666667,24.804166666666664,0.03333333333333333,8.875,1008.4041666666667,1008.3041666666667,5.8500000000000005,227.45833333333334,14.883333333333333,0.15541666666666668,1075.8225,90.74900932509689,High Risk
2020-06-19,0.49951388888888887,28.662499999999998,0.10416666666666667,0.0,65.04166666666667,79.66666666666667,24.662499999999998,0.10416666666666667,6.458333333333333,1007.9833333333332,1007.8833333333333,7.970833333333334,222.95833333333334,18.625,0.18541666666666667,1157.024375,90.69768707736905,High Risk
2020-06-20,0.5495833333333333,29.566666666666666,0.0,0.0,56.0,74.70833333333333,24.291666666666668,0.0,1.7916666666666667,1007.1125000000001,1007.0124999999999,8.700000000000001,244.25,18.537499999999998,0.2325,1183.348125,90.97801541533696,High Risk
2020-06-21,0.5171527777777778,29.858333333333334,0.0625,0.0,70.95833333333333,75.41666666666667,24.883333333333336,0.0625,16.625,1006.0875,1005.9875000000001,8.220833333333333,244.45833333333334,19.104166666666668,0.21291666666666667,1164.2185416666669,90.7964435237544,High Risk
2020-06-22,0.5663888888888889,29.820833333333336,0.20833333333333334,0.0,87.625,76.29166666666667,25.0625,0.20833333333333334,21.583333333333332,1005.8958333333334,1005.7958333333332,7.9624999999999995,209.75,18.316666666666666,0.20125,1105.3291666666667,91.07210620283796,High Risk
2020-06-23,0.5546527777777778,29.34166666666667,0.2125,0.0,77.79166666666667,78.58333333333333,25.145833333333332,0.2125,23.291666666666668,1007.4875000000001,1007.3874999999999,9.0625,178.25,19.545833333333334,0.18833333333333335,1026.025625,91.00639817355007,High Risk
2020-06-24,0.5222916666666667,29.820833333333336,0.037500000000000006,0.0,81.66666666666667,77.45833333333333,25.270833333333332,0.037500000000000006,14.625,1007.2916666666666,1007.1916666666666,7.945833333333334,196.41666666666666,17.025000000000002,0.19583333333333333,947.50375,90.82521508687456,High Risk
2020-06-25,0.4887847222222222,29.479166666666668,0.28750000000000003,0.0,94.0,76.83333333333333,24.879166666666666,0.28750000000000003,17.875,1006.7666666666668,1006.6666666666666,8.475,223.45833333333334,18.516666666666666,0.17916666666666667,878.8758333333334,90.63761671923307,High Risk
2020-06-26,0.4600694444444444,28.75,0.09583333333333333,0.0,98.83333333333333,78.04166666666667,24.420833333333334,0.09583333333333333,15.166666666666666,1007.3708333333334,1007.2708333333334,9.283333333333333,216.91666666666666,19.908333333333335,0.14291666666666666,827.0681250000001,90.47684589017659,High Risk
2020-06-27,0.41534722222222226,28.625,0.22083333333333333,0.0,76.29166666666667,75.95833333333333,23.787499999999998,0.22083333333333333,21.583333333333332,1007.2791666666667,1007.1791666666667,7.5249999999999995,229.08333333333334,17.141666666666666,0.18791666666666665,798.305,90.22645553004995,High Risk
2020-06-28,0.5020833333333333,28.96666666666667,0.14583333333333334,0.0,83.95833333333333,73.91666666666667,23.6875,0.14583333333333334,11.375,1006.775,1006.6750000000001,10.433333333333334,214.375,21.541666666666668,0.19583333333333333,787.0733333333333,90.71207285892913,High Risk
2020-06-29,0.515625,29.025000000000002,0.04583333333333334,0.0,82.875,73.08333333333333,23.587500000000002,0.04583333333333334,14.708333333333334,1006.6666666666666,1006.5666666666666,11.049999999999999,217.0,23.3625,0.19208333333333336,793.8904166666666,90.78788981579979,High Risk
2020-06-30,0.4124305555555556,29.429166666666664,0.06666666666666667,0.0,92.54166666666667,72.25,23.75,0.06666666666666667,9.125,1006.7791666666667,1006.6791666666667,11.3375,222.70833333333334,24.650000000000002,0.18666666666666668,822.564375,90.21012572395473,High Risk
2020-07-01,0.5029166666666667,29.295833333333334,0.004166666666666667,0.0,91.125,69.20833333333333,22.96666666666667,0.004166666666666667,4.791666666666667,1006.5500000000001,1006.4499999999999,12.245833333333332,234.875,23.974999999999998,0.15875,842.33,90.71673851781348,High Risk
2020-07-02,0.5465972222222222,29.304166666666664,0.3208333333333333,0.0,85.20833333333333,73.41666666666667,23.929166666666664,0.3208333333333333,19.208333333333332,1005.4125,1005.3125,12.25,229.54166666666666,27.729166666666668,0.17916666666666667,830.413125,90.9612968043347,High Risk
2020-07-03,0.5512847222222222,28.287499999999998,0.24166666666666667,0.0,98.91666666666667,79.5,24.270833333333332,0.24166666666666667,31.666666666666668,1006.8583333333332,1006.7583333333333,11.087499999999999,229.33333333333334,25.025000000000002,0.14916666666666667,811.1925,90.98754113555914,High Risk
2020-07-04,0.5052430555555555,27.920833333333334,0.0625,0.0,98.45833333333333,80.125,24.087500000000002,0.0625,17.0,1008.1916666666666,1008.0916666666667,8.670833333333333,201.95833333333334,21.1125,0.10541666666666666,802.6070833333333,90.72976348219896,High Risk
2020-07-05,0.5214583333333334,28.7625,0.041666666666666664,0.0,86.08333333333333,72.20833333333333,23.070833333333336,0.041666666666666664,12.833333333333334,1006.8166666666666,1006.7166666666667,8.854166666666666,239.04166666666666,19.870833333333334,0.18208333333333335,800.68,90.8205494279902,High Risk
2020-07-06,0.48909722222222224,29.308333333333334,0.07083333333333333,0.0,70.16666666666667,70.70833333333333,23.179166666666664,0.07083333333333333,12.416666666666666,1005.7208333333333,1005.6208333333334,9.729166666666666,253.0,20.641666666666666,0.1970833333333333,798.9118749999999,90.63936634131473,High Risk
2020-07-07,0.5929513888888889,28.583333333333332,0.19583333333333333,0.0,86.83333333333333,78.95833333333333,24.429166666666664,0.19583333333333333,17.583333333333332,1007.6958333333333,1007.5958333333333,8.674999999999999,182.0,19.608333333333334,0.18125,803.2047916666667,91.22082407977655,High Risk
2020-07-08,0.5253472222222223,29.129166666666666,0.02916666666666667,0.0,80.79166666666667,75.375,24.170833333333334,0.02916666666666667,14.708333333333334,1008.0916666666667,1007.9916666666667,11.320833333333333,170.125,23.325,0.22791666666666666,819.9266666666667,90.84232250278383,High Risk
2020-07-09,0.4696180555555556,29.525000000000002,0.08750000000000001,0.0,96.125,75.58333333333333,24.474999999999998,0.08750000000000001,11.416666666666666,1006.8125,1006.7125,9.591666666666667,225.375,21.133333333333333,0.22208333333333333,836.3039583333334,90.5303065648931,High Risk
2020-07-10,0.4713541666666667,29.6125,0.05000000000000001,0.0,93.41666666666667,76.08333333333333,24.6875,0.05000000000000001,9.041666666666666,1007.1374999999999,1007.0375,9.9,225.0,21.270833333333332,0.21416666666666664,844.19875,90.54002668756883,High Risk
2020-07-11,0.2980902777777778,29.795833333333334,0.0375,0.0,97.91666666666667,70.66666666666667,23.599999999999998,0.0375,7.083333333333333,1006.6916666666666,1006.5916666666667,11.154166666666667,244.83333333333334,23.579166666666666,0.22708333333333333,844.36125,89.56995844453152,High Risk
2020-07-12,0.5203472222222222,29.383333333333336,0.10416666666666667,0.0,98.41666666666667,73.83333333333333,24.041666666666668,0.10416666666666667,19.416666666666668,1006.275,1006.1750000000001,8.125,227.0,19.525000000000002,0.17375,828.6114583333334,90.81432854947776,High Risk
2020-07-13,0.39152777777777775,28.53333333333333,0.65,0.0,91.125,80.16666666666667,24.554166666666664,0.65,28.75,1006.5333333333333,1006.4333333333334,7.441666666666666,158.79166666666666,19.349999999999998,0.17458333333333334,801.3183333333333,90.093095446939,High Risk
2020-07-14,0.37659722222222225,27.53333333333333,0.2125,0.0,97.75,85.66666666666667,24.829166666666666,0.2125,27.583333333333332,1007.4125,1007.3125,5.3999999999999995,176.25,13.700000000000001,0.09708333333333334,786.1254166666668,90.00950239192778,High Risk
2020-07-15,0.5231944444444444,28.270833333333332,0.3958333333333334,0.0,96.33333333333333,81.33333333333333,24.587500000000002,0.3958333333333334,24.25,1006.9250000000001,1006.8249999999999,7.55,242.91666666666666,17.091666666666665,0.18041666666666667,744.866875,90.83026955066595,High Risk
2020-07-16,0.48500000000000004,28.0,0.17083333333333336,0.0,73.70833333333333,80.91666666666667,24.208333333333332,0.17083333333333336,23.125,1006.3791666666666,1006.2791666666667,8.3125,227.16666666666666,18.816666666666666,0.1991666666666667,655.911875,90.6164268518,High Risk
2020-07-17,0.5393402777777778,29.179166666666664,0.012500000000000002,0.0,48.958333333333336,77.125,24.479166666666668,0.012500000000000002,5.708333333333333,1007.0208333333334,1006.9208333333332,6.170833333333333,216.25,14.591666666666667,0.22416666666666665,581.9972916666667,90.92066669155018,High Risk
2020-07-18,0.5597916666666667,29.495833333333334,0.016666666666666666,0.0,72.54166666666667,76.625,24.754166666666666,0.016666666666666666,4.333333333333333,1007.6416666666668,1007.5416666666666,6.308333333333334,239.54166666666666,15.195833333333333,0.20583333333333334,541.8341666666666,91.0351697366702,High Risk
2020-07-19,0.5761805555555556,29.866666666666664,0.05833333333333334,0.0,84.375,77.375,25.366666666666664,0.05833333333333334,12.916666666666666,1007.1833333333334,1007.0833333333334,9.891666666666667,201.08333333333334,20.883333333333333,0.21083333333333332,514.859375,91.12692769472905,High Risk
2020-07-20,0.5417708333333333,29.441666666666666,0.020833333333333332,0.0,97.375,76.83333333333333,24.77916666666667,0.020833333333333332,9.0,1007.0041666666666,1006.9041666666667,7.308333333333334,201.58333333333334,15.783333333333333,0.18333333333333335,496.46729166666665,90.9342748632962,High Risk
2020-07-21,0.5891319444444444,28.820833333333336,0.43333333333333335,0.0,98.54166666666667,80.70833333333333,25.145833333333332,0.43333333333333335,34.333333333333336,1008.0541666666667,1007.9541666666668,9.295833333333333,183.58333333333334,19.879166666666666,0.15458333333333332,495.386875,91.19943980988994,High Risk
2020-07-22,0.5659027777777778,28.22083333333333,0.08333333333333333,0.0,65.5,82.08333333333333,24.724999999999998,0.08333333333333333,16.541666666666668,1007.8375,1007.7375000000001,8.216666666666667,162.20833333333334,18.566666666666666,0.19083333333333333,519.150625,91.06938456848877,High Risk
2020-07-23,0.5809722222222222,29.058333333333334,0.016666666666666666,0.0,87.25,77.91666666666667,24.670833333333334,0.016666666666666666,10.791666666666666,1007.7041666666668,1007.6041666666666,10.195833333333333,175.875,20.95,0.21,561.5004166666666,91.15375523331404,High Risk
2020-07-24,0.6161805555555556,28.295833333333334,0.37916666666666665,0.0,95.54166666666667,81.75,24.787499999999998,0.37916666666666665,16.0,1008.1125000000001,1008.0124999999999,6.179166666666667,191.125,14.695833333333333,0.15083333333333335,608.0141666666667,91.35087932117773,High Risk
2020-07-25,0.6368402777777779,28.3,0.5333333333333333,0.0,67.66666666666667,81.33333333333333,24.729166666666668,0.5333333333333333,24.166666666666668,1007.6083333333332,1007.5083333333333,8.654166666666667,186.33333333333334,18.666666666666668,0.17041666666666666,659.1202083333334,91.46654878101886,High Risk
2020-07-26,0.6598611111111111,28.287499999999998,0.24583333333333335,0.0,65.875,81.04166666666667,24.599999999999998,0.24583333333333335,25.416666666666668,1007.3666666666667,1007.2666666666668,10.895833333333334,183.79166666666666,23.025000000000002,0.18375,706.4277083333333,91.59543760769895,High Risk
2020-07-27,0.5767361111111111,29.133333333333336,0.06666666666666667,0.0,84.08333333333333,77.125,24.50833333333333,0.06666666666666667,8.875,1006.2958333333332,1006.1958333333333,9.733333333333333,187.20833333333334,21.2,0.22999999999999998,714.84625,91.13003813398527,High Risk
2020-07-28,0.5936805555555555,28.96666666666667,0.25833333333333336,0.0,91.0,77.70833333333333,24.55,0.25833333333333336,23.5,1007.1833333333334,1007.0833333333334,6.8875,213.875,17.775000000000002,0.18166666666666667,687.7529166666667,91.22490653130033,High Risk
2020-07-29,0.47440972222222216,28.8,0.4041666666666666,0.0,97.20833333333333,81.0,25.0,0.4041666666666666,18.5,1008.1166666666667,1008.0166666666668,7.208333333333333,266.0833333333333,17.125,0.18041666666666667,656.6587499999999,90.55713410347809,High Risk
2020-07-30,0.3840277777777778,28.920833333333334,0.14166666666666666,0.0,89.45833333333333,75.875,24.025000000000002,0.14166666666666666,19.0,1007.4166666666666,1007.3166666666666,9.995833333333334,267.5416666666667,22.679166666666664,0.19416666666666668,629.18375,90.05110451697989,High Risk
2020-07-31,0.38423611111111106,28.895833333333332,0.47500000000000003,0.0,96.29166666666667,74.91666666666667,23.829166666666666,0.47500000000000003,18.041666666666668,1005.1208333333334,1005.0208333333334,11.841666666666667,246.70833333333334,25.40416666666667,0.21083333333333334,604.2529166666667,90.05227093170096,High Risk
2020-08-01,0.33194444444444443,29.166666666666668,0.06666666666666667,0.0,100.0,70.0,23.079166666666666,0.06666666666666667,13.083333333333334,1003.3958333333334,1003.2958333333332,14.4125,250.75,29.825,0.16874999999999998,582.284375,89.75950083670816,High Risk
2020-08-02,0.3871875,28.395833333333332,0.2916666666666667,0.0,100.0,76.625,23.820833333333336,0.2916666666666667,26.0,1002.1083333333332,1002.0083333333333,15.8375,229.91666666666666,34.44583333333333,0.12833333333333333,575.6141666666666,90.06879514024969,High Risk
2020-08-03,0.5741319444444445,27.954166666666666,0.37916666666666665,0.0,99.16666666666667,83.25,24.808333333333334,0.37916666666666665,50.333333333333336,1001.9416666666666,1001.8416666666667,15.983333333333334,206.08333333333334,33.545833333333334,0.11041666666666666,595.5725,91.11545794997168,High Risk
2020-08-04,0.6963194444444444,28.099999999999998,0.375,0.0,98.41666666666667,82.41666666666667,24.77916666666667,0.375,34.5,1003.4708333333333,1003.3708333333334,18.958333333333332,192.41666666666666,43.175000000000004,0.15208333333333332,658.67375,91.79956018388916,High Risk
2020-08-05,0.5300347222222223,28.012500000000003,0.4708333333333334,0.0,99.16666666666667,83.41666666666667,24.900000000000002,0.4708333333333334,36.833333333333336,1005.7833333333333,1005.6833333333334,11.091666666666667,199.25,25.150000000000002,0.13666666666666666,805.5777083333334,90.86856683400829,High Risk
2020-08-06,0.47295138888888894,28.354166666666668,0.19166666666666665,0.0,96.875,82.66666666666667,24.979166666666668,0.19166666666666665,11.5,1006.9791666666666,1006.8791666666666,8.200000000000001,229.66666666666666,17.295833333333334,0.17375,1014.1218749999999,90.54896920043048,High Risk
2020-08-07,0.4995833333333333,27.087500000000002,0.2916666666666667,0.0,99.54166666666667,84.58333333333333,24.266666666666666,0.2916666666666667,25.75,1006.775,1006.6750000000001,8.029166666666667,227.5,16.529166666666665,0.08333333333333333,1183.78625,90.69807588227609,High Risk
2020-08-08,0.5740625,27.679166666666664,0.33749999999999997,0.0,97.54166666666667,83.83333333333333,24.65416666666667,0.33749999999999997,29.75,1006.0083333333333,1005.9083333333333,10.583333333333334,211.91666666666666,21.370833333333334,0.11125,1264.5452083333332,91.11506914506467,High Risk
2020-08-09,0.4906944444444445,28.666666666666668,0.4291666666666667,0.0,94.375,81.20833333333333,25.070833333333336,0.4291666666666667,30.833333333333332,1005.6875,1005.5875,13.674999999999999,199.5,27.212500000000002,0.16291666666666668,1274.443125,90.64830885417638,High Risk
2020-08-10,0.3923611111111111,28.8125,0.38333333333333336,0.0,97.41666666666667,77.125,24.3,0.38333333333333336,28.916666666666668,1006.9291666666667,1006.8291666666668,12.791666666666666,218.16666666666666,29.579166666666666,0.17208333333333334,1243.1645833333334,90.09776110582337,High Risk
2020-08-11,0.40041666666666664,28.1875,0.5833333333333334,0.0,91.66666666666667,80.79166666666667,24.458333333333332,0.5833333333333334,30.958333333333332,1007.3125,1007.2125,11.295833333333334,213.45833333333334,24.34583333333333,0.15958333333333333,1204.84375,90.14286247503873,High Risk
2020-08-12,0.5556944444444444,28.34166666666667,0.4083333333333334,0.0,93.33333333333333,82.75,25.041666666666668,0.4083333333333334,28.25,1007.525,1007.4250000000001,10.4625,208.83333333333334,22.954166666666666,0.14916666666666667,1186.191875,91.0122302471555,High Risk
2020-08-13,0.47579861111111105,28.054166666666664,0.5625,0.0,98.04166666666667,81.625,24.5625,0.5625,30.708333333333332,1007.2958333333332,1007.1958333333333,9.845833333333333,202.58333333333334,22.40833333333333,0.11916666666666666,1203.385625,90.56491020161866,High Risk
2020-08-14,0.5038194444444445,27.25,0.31666666666666665,0.0,99.625,85.29166666666667,24.53333333333333,0.31666666666666665,34.0,1007.9625,1007.8625000000001,10.125,187.0,19.741666666666667,0.08666666666666667,1249.8591666666666,90.72179298160486,High Risk
2020-08-15,0.5424652777777778,27.129166666666666,0.3166666666666667,0.0,97.91666666666667,86.58333333333333,24.587500000000002,0.3166666666666667,43.833333333333336,1008.5416666666666,1008.4416666666666,8.4,200.41666666666666,18.2625,0.08916666666666667,1304.3220833333332,90.93816291236648,High Risk
2020-08-16,0.5042361111111111,28.150000000000002,0.08333333333333333,0.0,71.125,81.91666666666667,24.625,0.08333333333333333,8.583333333333334,1008.025,1007.9250000000001,6.554166666666667,220.66666666666666,16.041666666666668,0.1708333333333333,1358.0308333333332,90.72412581104703,High Risk
2020-08-17,0.2654861111111111,28.47083333333333,0.0625,0.0,96.54166666666667,80.0,24.520833333333332,0.0625,15.083333333333334,1007.2791666666667,1007.1791666666667,7.125,235.66666666666666,16.679166666666667,0.18041666666666667,1412.2866666666666,89.38741454068142,High Risk
2020-08-18,0.4748263888888889,29.041666666666668,0.049999999999999996,0.0,95.54166666666667,72.66666666666667,23.34166666666667,0.049999999999999996,13.083333333333334,1006.7666666666668,1006.6666666666666,6.591666666666666,243.625,15.5375,0.2125,1457.2152083333333,90.55946693292026,High Risk
2020-08-19,0.25649305555555557,28.991666666666664,0.020833333333333332,0.0,77.16666666666667,74.33333333333333,23.629166666666666,0.020833333333333332,10.416666666666666,1006.4166666666666,1006.3166666666666,6.704166666666667,251.5,16.054166666666667,0.20750000000000002,1479.6118749999998,89.33706430522118,High Risk
2020-08-20,0.47885416666666664,28.25,0.25416666666666665,0.0,98.66666666666667,78.58333333333333,24.020833333333332,0.25416666666666665,19.833333333333332,1007.5124999999999,1007.4125,6.166666666666667,182.0,14.945833333333333,0.12625,1484.9399999999998,90.58201761752794,High Risk
2020-08-21,0.6190972222222223,28.833333333333332,0.06666666666666667,0.0,97.875,77.875,24.27916666666667,0.06666666666666667,13.083333333333334,1008.7416666666667,1008.6416666666668,7.270833333333333,248.625,16.3125,0.15541666666666668,1484.9399999999998,91.36720912727296,High Risk
2020-08-22,0.5845833333333333,28.2,0.17083333333333336,0.0,93.45833333333333,82.04166666666667,24.679166666666664,0.17083333333333336,17.416666666666668,1007.9083333333333,1007.8083333333334,9.637500000000001,211.91666666666666,21.162499999999998,0.15416666666666665,1503.2010416666665,91.17397308847956,High Risk
2020-08-23,0.6314583333333333,28.054166666666664,0.26666666666666666,0.0,95.08333333333333,79.125,23.974999999999998,0.26666666666666666,17.791666666666668,1008.1875,1008.0875,9.154166666666667,229.375,19.445833333333333,0.15875,1577.085625,91.43641640072411,High Risk
2020-08-24,0.5668055555555556,28.745833333333334,0.020833333333333332,0.0,73.58333333333333,75.91666666666667,23.75,0.020833333333333332,8.333333333333334,1008.9875000000001,1008.8874999999999,8.295833333333333,238.66666666666666,16.733333333333334,0.22541666666666668,1735.5824999999998,91.07443903228013,High Risk
2020-08-25,0.6198263888888889,29.8625,0.0,0.0,69.375,68.20833333333333,22.8125,0.0,2.125,1008.3291666666668,1008.2291666666666,9.645833333333334,246.25,19.425,0.24208333333333334,1940.5385416666668,91.37129157879676,High Risk
2020-08-26,0.5790972222222223,30.329166666666666,0.0,0.0,64.33333333333333,67.04166666666667,23.070833333333336,0.0,2.0,1007.4041666666667,1007.3041666666667,12.233333333333334,245.04166666666666,24.337500000000002,0.2704166666666667,2075.2445833333336,91.14325750082428,High Risk
2020-08-27,0.4729861111111111,30.004166666666666,0.0,0.0,73.5,62.625,21.712500000000002,0.0,2.2916666666666665,1006.1916666666666,1006.0916666666667,12.716666666666667,260.25,25.129166666666666,0.25083333333333335,2075.5785416666668,90.549163602884,High Risk
2020-08-28,0.45236111111111116,29.316666666666666,0.32083333333333336,0.0,86.20833333333333,73.66666666666667,23.945833333333336,0.32083333333333336,21.833333333333332,1005.2791666666667,1005.1791666666667,10.395833333333334,261.1666666666667,21.291666666666668,0.15583333333333332,1988.141875,90.43368854549638,High Risk
2020-08-29,0.512986111111111,29.3875,0.020833333333333332,0.0,65.5,70.95833333333333,23.441666666666666,0.020833333333333332,6.125,1005.0958333333333,1004.9958333333334,8.591666666666667,228.66666666666666,19.2375,0.22416666666666665,1877.1739583333335,90.77311522933267,High Risk
2020-08-30,0.5563194444444445,29.59583333333333,0.008333333333333333,0.0,56.208333333333336,76.625,24.804166666666664,0.008333333333333333,5.833333333333333,1005.0375,1004.9375,7.704166666666667,177.0,17.379166666666666,0.19666666666666666,1777.5395833333332,91.01572949131875,High Risk
2020-08-31,0.5865972222222222,28.958333333333332,0.07916666666666668,0.0,92.91666666666667,80.0,25.03333333333333,0.07916666666666668,19.166666666666668,1006.1666666666666,1006.0666666666666,8.808333333333334,179.70833333333334,19.224999999999998,0.18708333333333335,1710.159375,91.18524843078339,High Risk
2020-09-01,0.6102777777777778,27.429166666666664,0.45416666666666666,0.0,99.08333333333333,84.70833333333333,24.541666666666668,0.45416666666666666,42.333333333333336,1007.6041666666666,1007.5041666666666,5.229166666666667,176.5,15.095833333333333,0.11208333333333333,1678.1420833333332,91.31783090408027,High Risk
2020-09-02,0.536875,27.995833333333334,0.6375,0.0,89.29166666666667,83.54166666666667,24.820833333333336,0.6375,27.083333333333332,1008.4416666666666,1008.3416666666667,7.058333333333334,248.41666666666666,18.979166666666668,0.17,1677.4979166666665,90.90686411735064,High Risk
2020-09-03,0.5597916666666667,28.837500000000002,0.10416666666666667,0.0,85.75,79.875,24.791666666666668,0.10416666666666667,17.083333333333332,1007.9333333333334,1007.8333333333334,7.925,242.5,17.5625,0.18833333333333335,1693.0297916666668,91.0351697366702,High Risk
2020-09-04,0.5954166666666666,28.675,0.2333333333333333,0.0,90.08333333333333,82.16666666666667,25.233333333333334,0.2333333333333333,29.875,1007.5500000000001,1007.4499999999999,6.283333333333334,172.04166666666666,15.408333333333333,0.18291666666666664,1699.2816666666668,91.23462665397606,High Risk
2020-09-05,0.63625,28.6125,0.0625,0.0,88.08333333333333,82.54166666666667,25.212500000000002,0.0625,20.875,1007.0749999999999,1006.975,7.883333333333333,161.95833333333334,18.408333333333335,0.1825,1680.550625,91.46324393930911,High Risk
2020-09-06,0.65625,28.983333333333334,0.2041666666666667,0.0,94.20833333333333,80.08333333333333,25.054166666666664,0.2041666666666667,15.666666666666666,1007.1,1007.0,9.829166666666667,185.25,21.7,0.1775,1631.8152083333334,91.57521975253344,High Risk
2020-09-07,0.5525,28.558333333333334,0.0375,0.0,88.70833333333333,79.875,24.641666666666666,0.0375,6.75,1007.5708333333333,1007.4708333333333,8.3125,225.125,18.05,0.15875,1569.1343749999999,90.99434522143216,High Risk
2020-09-08,0.6424305555555555,28.96666666666667,0.15833333333333333,0.0,98.125,79.08333333333333,24.837500000000002,0.15833333333333333,17.583333333333332,1008.3000000000001,1008.1999999999999,8.020833333333334,186.58333333333334,18.7,0.19041666666666668,1515.415,91.49784757603469,High Risk
2020-09-09,0.576875,28.820833333333336,0.04583333333333334,0.0,92.45833333333333,80.95833333333333,25.037499999999998,0.04583333333333334,16.958333333333332,1008.0791666666668,1007.9791666666666,7.158333333333334,146.08333333333334,16.504166666666666,0.20166666666666666,1483.6058333333333,91.13081574379935,High Risk
2020-09-10,0.59125,29.016666666666666,0.03333333333333333,0.0,94.79166666666667,77.125,24.40416666666667,0.03333333333333333,11.0,1006.4208333333332,1006.3208333333333,6.7124999999999995,217.95833333333334,16.129166666666666,0.19874999999999998,1477.9731250000002,91.21129835955432,High Risk
2020-09-11,0.7132291666666667,29.125,0.08333333333333333,0.0,91.08333333333333,77.33333333333333,24.6375,0.08333333333333333,15.041666666666666,1007.2166666666667,1007.1166666666667,10.533333333333333,173.54166666666666,21.195833333333333,0.20791666666666667,1491.4004166666666,91.89423417875072,High Risk
2020-09-12,0.5875694444444445,29.087500000000002,0.10833333333333334,0.0,85.0,77.125,24.566666666666666,0.10833333333333334,21.333333333333332,1008.8958333333334,1008.7958333333332,9.345833333333333,177.79166666666666,19.833333333333332,0.19041666666666668,1524.0283333333334,91.19069169948179,High Risk
2020-09-13,0.5988194444444445,28.291666666666668,0.4458333333333333,0.0,95.25,80.75,24.6125,0.4458333333333333,25.25,1009.3833333333333,1009.2833333333333,9.183333333333334,164.16666666666666,19.858333333333334,0.13749999999999998,1584.5864583333332,91.2536780944205,High Risk
2020-09-14,0.4968055555555555,28.754166666666666,0.33749999999999997,0.0,88.25,78.125,24.495833333333334,0.33749999999999997,24.166666666666668,1008.3541666666666,1008.2541666666666,9.4625,174.125,20.133333333333333,0.16541666666666668,1651.92,90.68252368599494,High Risk
2020-09-15,0.2863194444444444,28.325,0.1125,0.0,94.33333333333333,78.04166666666667,23.983333333333334,0.1125,19.166666666666668,1008.1625,1008.0625,7.358333333333333,242.79166666666666,16.462500000000002,0.1625,1685.3931249999998,89.50405601279013,High Risk
2020-09-16,-0.03638888888888888,28.579166666666666,0.30416666666666664,0.0,73.45833333333333,78.75,24.379166666666666,0.30416666666666664,17.416666666666668,1007.7291666666666,1007.6291666666666,6.333333333333333,249.5,15.85,0.17,1687.5760416666665,87.6972796098265,High Risk
2020-09-17,-0.24979166666666666,28.945833333333336,0.30416666666666664,0.0,86.66666666666667,75.66666666666667,24.058333333333334,0.30416666666666664,13.708333333333334,1005.6125000000001,1005.5124999999999,11.483333333333334,260.125,23.2625,0.17916666666666667,1672.6316666666664,86.50248213052647,High Risk
2020-09-18,-0.18302083333333333,27.5,0.4916666666666667,0.0,100.0,81.54166666666667,24.008333333333336,0.4916666666666667,35.083333333333336,1002.6125000000001,1002.5124999999999,13.4125,266.5416666666667,24.95,0.08958333333333333,1701.8395833333332,86.87631804863481,High Risk
2020-09-19,0.21510416666666665,27.104166666666668,0.8416666666666667,0.0,99.95833333333333,87.16666666666667,24.704166666666666,0.8416666666666667,52.583333333333336,1002.3541666666666,1002.2541666666666,17.629166666666666,201.70833333333334,35.425000000000004,0.08708333333333333,1980.6325,89.10533658063191,High Risk
2020-09-20,0.2913194444444444,27.116666666666664,0.37083333333333335,0.0,99.33333333333333,86.5,24.641666666666666,0.37083333333333335,49.75,1007.8166666666666,1007.7166666666667,15.549999999999999,184.625,33.875,0.08541666666666665,2402.5016666666666,89.53204996609621,High Risk
2020-09-21,0.09881944444444445,28.1875,0.04583333333333334,0.0,85.125,81.875,24.65416666666667,0.04583333333333334,16.791666666666668,1008.8916666666668,1008.7916666666666,7.741666666666667,201.20833333333334,16.316666666666666,0.17166666666666666,2722.608125,88.4542827638119,High Risk
2020-09-22,-0.24881944444444448,28.349999999999998,0.075,0.0,84.04166666666667,83.79166666666667,25.2,0.075,18.916666666666668,1008.7624999999999,1008.6625,6.216666666666666,171.20833333333334,13.254166666666668,0.16083333333333336,2951.291041666667,86.50792539922487,High Risk
2020-09-23,0.10576388888888888,27.912499999999998,1.1291666666666667,0.0,95.5,85.5,25.162499999999998,1.1291666666666667,36.541666666666664,1008.8666666666667,1008.7666666666668,5.970833333333334,187.75,13.979166666666666,0.13708333333333333,3056.761458333333,88.4931632545148,High Risk
2020-09-24,0.1486111111111111,27.395833333333332,0.15833333333333333,0.0,92.20833333333333,83.125,24.125,0.15833333333333333,21.75,1010.0916666666667,1009.9916666666667,7.6625000000000005,195.83333333333334,17.416666666666668,0.15916666666666668,3041.54875,88.73305588215167,High Risk
2020-09-25,0.04979166666666668,28.416666666666668,0.020833333333333332,0.0,63.666666666666664,77.25,23.920833333333334,0.020833333333333332,8.166666666666666,1009.1,1009.0,8.904166666666667,231.625,18.658333333333335,0.19625,2975.5345833333336,88.17978649944945,High Risk
2020-09-26,0.010625000000000004,28.8,0.13333333333333333,0.0,68.91666666666667,76.5,24.116666666666664,0.13333333333333333,10.75,1008.3208333333333,1008.2208333333333,9.054166666666665,246.58333333333334,20.650000000000002,0.1975,2927.2720833333333,87.9605005318851,High Risk
2020-09-27,-0.029999999999999995,28.77916666666667,0.875,0.0,88.08333333333333,76.08333333333333,23.829166666666666,0.875,21.708333333333332,1006.9166666666666,1006.8166666666666,11.641666666666666,267.875,24.3125,0.20958333333333334,2903.30875,87.73304966127317,High Risk
2020-09-28,-0.03284722222222223,26.491666666666664,1.8083333333333333,0.0,99.58333333333333,89.25,24.545833333333334,1.8083333333333333,56.25,1005.7708333333334,1005.6708333333332,6.933333333333334,222.375,17.325,0.06541666666666666,2945.12875,87.71710866008497,High Risk
2020-09-29,0.17270833333333335,27.400000000000002,0.15833333333333333,0.0,81.16666666666667,82.95833333333333,24.108333333333334,0.15833333333333333,14.875,1006.5124999999999,1006.4125,9.241666666666667,214.33333333333334,20.337500000000002,0.15041666666666667,3014.8014583333334,88.86797118489072,High Risk
2020-09-30,0.1304861111111111,28.058333333333334,0.3666666666666667,0.0,89.04166666666667,78.08333333333333,23.77916666666667,0.3666666666666667,16.0,1006.6458333333334,1006.5458333333332,9.450000000000001,239.0,22.991666666666664,0.15208333333333332,3039.5983333333334,88.63157780141711,High Risk
2020-10-01,0.10187500000000001,27.858333333333334,0.16666666666666666,0.0,79.66666666666667,80.33333333333333,24.05,0.16666666666666666,13.125,1006.0625,1005.9625,8.345833333333333,250.25,18.741666666666667,0.17708333333333334,3040.181666666667,88.47139017972118,High Risk
2020-10-02,0.19204861111111107,27.941666666666666,0.5375,0.0,97.45833333333333,83.25,24.65833333333333,0.5375,19.083333333333332,1006.3916666666668,1006.2916666666666,7.0125,261.0,15.645833333333334,0.16958333333333334,3012.947083333333,88.97625335149829,High Risk
2020-10-03,0.1982638888888889,26.9375,0.3666666666666667,0.0,99.625,86.04166666666667,24.325,0.3666666666666667,42.166666666666664,1007.5,1007.4,5.745833333333334,186.66666666666666,13.079166666666666,0.09458333333333334,2987.9685416666666,89.01105139067738,High Risk
2020-10-04,0.2690972222222222,27.491666666666664,0.25833333333333336,0.0,95.41666666666667,86.33333333333333,24.925,0.25833333333333336,24.0,1008.375,1008.275,5.966666666666666,183.45833333333334,14.791666666666666,0.14125000000000001,2977.810625,89.40763239584693,High Risk
2020-10-05,0.1915972222222222,27.945833333333336,0.3666666666666667,0.0,97.66666666666667,84.20833333333333,24.883333333333336,0.3666666666666667,25.75,1008.1666666666666,1008.0666666666666,4.370833333333334,185.04166666666666,11.954166666666666,0.14458333333333334,2947.9,88.9737261196026,High Risk
2020-10-06,0.3007638888888889,27.191666666666666,0.5833333333333334,0.0,97.70833333333333,86.20833333333333,24.608333333333334,0.5833333333333334,34.583333333333336,1008.2833333333333,1008.1833333333334,5.3125,269.25,13.866666666666667,0.13125,2907.1122916666664,89.58492743345214,High Risk
2020-10-07,0.17777777777777778,27.104166666666668,0.47500000000000003,0.0,91.29166666666667,85.375,24.3125,0.47500000000000003,28.875,1007.5,1007.4,11.941666666666668,225.58333333333334,26.6125,0.12416666666666666,2899.2825,88.89635394310383,High Risk
2020-10-08,-0.02583333333333333,25.1875,0.7916666666666666,0.0,100.0,86.16666666666667,22.670833333333334,0.7916666666666666,44.916666666666664,1006.0124999999999,1005.9125,18.016666666666666,278.0416666666667,35.520833333333336,0.08291666666666667,2992.361875,87.7563779556949,High Risk
2020-10-09,0.27493055555555557,24.608333333333334,3.4,0.0,99.83333333333333,92.08333333333333,23.21666666666667,3.4,59.416666666666664,1006.5124999999999,1006.4125,10.174999999999999,87.29166666666667,26.441666666666666,0.043750000000000004,3247.258125,89.44029200803736,High Risk
2020-10-10,0.2715972222222222,23.995833333333334,2.533333333333333,0.0,99.95833333333333,91.70833333333333,22.59166666666667,2.533333333333333,55.75,1006.9916666666667,1006.8916666666668,11.516666666666666,158.83333333333334,28.166666666666668,0.03958333333333334,3622.846041666666,89.42162937249998,High Risk
2020-10-11,0.28368055555555555,24.7625,0.5166666666666667,0.0,100.0,90.95833333333333,23.179166666666664,0.5166666666666667,42.25,1006.5208333333334,1006.4208333333332,7.7124999999999995,241.875,19.1,0.06208333333333333,3940.5379166666667,89.48928142632302,High Risk
2020-10-12,0.17927083333333335,26.1125,0.05833333333333334,0.0,98.25,84.58333333333333,23.166666666666668,0.05833333333333334,21.0,1005.9333333333334,1005.8333333333334,4.445833333333334,148.70833333333334,11.079166666666666,0.11,4001.1325,88.90471324860496,High Risk
2020-10-13,0.053888888888888875,24.395833333333332,1.8166666666666667,0.0,99.83333333333333,91.25,22.883333333333336,1.8166666666666667,56.75,1006.7833333333333,1006.6833333333334,7.625,321.75,16.395833333333332,0.06416666666666666,3850.209166666667,88.20272598896415,High Risk
2020-10-14,-0.1906597222222222,26.270833333333332,0.27499999999999997,0.0,87.70833333333333,85.29166666666667,23.5,0.27499999999999997,15.666666666666666,1006.6083333333332,1006.5083333333333,7.833333333333333,251.5,17.116666666666667,0.13833333333333334,3636.542708333333,86.83354950886164,High Risk
2020-10-15,0.29993055555555553,27.525000000000002,0.5499999999999999,0.0,78.08333333333333,83.08333333333333,24.25,0.5499999999999999,13.875,1005.5,1005.4,8.1,234.0,16.754166666666666,0.17,3446.208541666667,89.58026177456779,High Risk
2020-10-16,0.2609722222222222,26.179166666666664,1.2916666666666667,0.0,99.66666666666667,89.625,24.287499999999998,1.2916666666666667,49.75,1005.4083333333333,1005.3083333333334,6.129166666666666,157.5,13.575000000000001,0.08458333333333333,3463.6975,89.36214222172454,High Risk
2020-10-17,0.2521527777777777,24.40416666666667,2.3291666666666666,0.0,100.0,92.04166666666667,23.008333333333336,2.3291666666666666,58.25,1005.2416666666667,1005.1416666666668,12.320833333333333,248.125,24.825,0.03333333333333333,3694.111666666667,89.31276399853186,High Risk
2020-10-18,0.4560416666666667,23.554166666666664,0.4083333333333334,0.0,100.0,88.20833333333333,21.4375,0.4083333333333334,40.583333333333336,1007.6125000000001,1007.5124999999999,9.275,261.4583333333333,18.266666666666666,0.06583333333333334,3999.576041666667,90.45429520556893,High Risk
2020-10-19,0.4578125,24.616666666666664,0.06666666666666667,0.0,97.20833333333333,85.41666666666667,21.895833333333332,0.06666666666666667,29.0,1008.6999999999999,1008.6,6.170833333333333,216.54166666666666,13.029166666666667,0.08791666666666666,4257.225,90.46420973069816,High Risk
2020-10-20,0.4979861111111111,24.995833333333334,0.012500000000000002,0.0,93.08333333333333,82.66666666666667,21.77916666666667,0.012500000000000002,8.875,1009.7916666666666,1009.6916666666666,8.966666666666667,318.3333333333333,17.808333333333334,0.09458333333333334,4325.014791666667,90.68913336941442,High Risk
2020-10-21,0.45743055555555556,25.34583333333333,0.04583333333333334,0.0,84.16666666666667,80.45833333333333,21.695833333333336,0.04583333333333334,10.75,1010.2041666666668,1010.1041666666666,10.116666666666667,260.5,19.166666666666668,0.105,4243.430208333334,90.4620713037095,High Risk
2020-10-22,0.3789236111111111,26.400000000000002,0.004166666666666667,0.0,61.625,76.125,21.65416666666667,0.004166666666666667,3.8333333333333335,1009.5124999999999,1009.4125,8.370833333333334,161.16666666666666,17.125,0.15416666666666665,4091.601041666667,90.02252735631325,High Risk
2020-10-23,0.5095833333333334,26.858333333333334,0.0,0.0,92.70833333333333,74.54166666666667,21.71666666666667,0.0,2.9166666666666665,1009.7125,1009.6125000000001,6.133333333333333,154.75,12.725,0.17625000000000002,3903.7858333333334,90.75406378888825,High Risk
2020-10-24,0.4979513888888889,26.645833333333332,0.0,0.0,62.083333333333336,70.79166666666667,20.520833333333332,0.0,1.875,1010.3000000000001,1010.1999999999999,6.320833333333333,74.91666666666667,12.529166666666667,0.18958333333333333,3706.9254166666665,90.6889389669609,High Risk
2020-10-25,0.4168055555555556,26.295833333333334,0.0,0.0,73.16666666666667,67.41666666666667,19.316666666666666,0.0,2.2083333333333335,1010.4625,1010.3625000000001,4.625,251.875,10.683333333333332,0.1925,3519.445625,90.23462043309756,High Risk
2020-10-26,0.27222222222222225,26.816666666666666,0.0,0.0,73.58333333333333,71.91666666666667,21.045833333333334,0.0,2.25,1009.4833333333332,1009.3833333333333,4.841666666666667,224.75,10.225,0.15875,3349.150833333333,89.42512861666324,High Risk
2020-10-27,0.2617361111111111,25.96666666666667,0.0,0.0,92.625,78.58333333333333,21.912499999999998,0.0,2.8333333333333335,1008.7916666666666,1008.6916666666666,7.033333333333334,113.41666666666667,15.0875,0.13,3201.347291666667,89.36641907570187,High Risk
2020-10-28,0.24520833333333333,26.90416666666667,0.004166666666666667,0.0,100.0,80.625,23.150000000000002,0.004166666666666667,5.0,1008.2333333333332,1008.1333333333333,9.804166666666667,254.83333333333334,18.983333333333334,0.13083333333333333,3081.31625,89.27388350782898,High Risk
2020-10-29,0.0625,26.066666666666666,0.325,0.0,99.375,84.16666666666667,23.108333333333334,0.325,39.583333333333336,1007.625,1007.525,8.616666666666667,286.4583333333333,17.308333333333334,0.07916666666666668,3006.010208333333,88.25093779743575,High Risk
2020-10-30,0.31187499999999996,26.09583333333333,1.0374999999999999,0.0,79.70833333333333,86.75,23.59166666666667,1.0374999999999999,40.25,1009.6125000000001,1009.5124999999999,7.895833333333333,156.58333333333334,17.154166666666665,0.13166666666666668,3007.624375,89.64713621857679,High Risk
2020-10-31,0.40038194444444447,26.2,0.7333333333333334,0.0,89.91666666666667,89.0,24.15833333333333,0.7333333333333334,42.958333333333336,1011.0833333333334,1010.9833333333332,5.291666666666667,99.875,18.008333333333333,0.12666666666666668,3066.7527083333334,90.1426680725852,High Risk
2020-11-01,0.2625,26.820833333333336,0.13333333333333333,0.0,82.58333333333333,86.41666666666667,24.229166666666668,0.13333333333333333,22.875,1011.2666666666668,1011.1666666666666,8.429166666666667,214.66666666666666,18.916666666666668,0.13208333333333333,3148.7645833333336,89.37069592967917,High Risk
2020-11-02,0.37763888888888886,27.820833333333336,0.016666666666666666,0.0,40.0,78.08333333333333,23.412499999999998,0.016666666666666666,7.333333333333333,1011.3166666666666,1011.2166666666667,8.737499999999999,163.75,17.883333333333333,0.17958333333333332,3204.9725,90.01533446553321,High Risk
2020-11-03,0.4916666666666667,27.45,0.0,0.0,48.791666666666664,73.29166666666667,22.0125,0.0,1.4583333333333333,1011.8125,1011.7125,9.25,79.375,17.579166666666666,0.19125,3170.6945833333334,90.65375212287479,High Risk
2020-11-04,0.12350694444444442,27.054166666666664,0.004166666666666667,0.0,30.291666666666668,73.25,21.724999999999998,0.004166666666666667,2.9166666666666665,1011.8874999999999,1011.7875,8.525,59.25,16.758333333333333,0.17875,3060.962708333333,88.59250290826071,High Risk
2020-11-05,0.34465277777777775,27.079166666666666,0.0,0.0,89.58333333333333,76.04166666666667,22.229166666666668,0.0,2.8333333333333335,1011.7833333333333,1011.6833333333334,5.4750000000000005,44.583333333333336,11.983333333333334,0.17166666666666666,2920.4443749999996,89.83065213469446,High Risk
2020-11-06,0.2693055555555555,26.958333333333332,0.016666666666666666,0.0,25.666666666666668,77.95833333333333,22.608333333333334,0.016666666666666666,4.958333333333333,1011.8000000000001,1011.6999999999999,7.1625000000000005,83.625,16.208333333333332,0.17166666666666666,2779.1222916666666,89.40879881056803,High Risk
2020-11-07,0.2367013888888889,26.483333333333334,0.10416666666666667,0.0,87.54166666666667,78.04166666666667,22.22083333333333,0.10416666666666667,12.875,1012.4250000000001,1012.3249999999999,9.391666666666667,68.875,20.95,0.11833333333333333,2659.3375,89.22625490671791,High Risk
2020-11-08,0.3088194444444444,26.175,1.2833333333333334,0.0,88.29166666666667,76.95833333333333,21.5625,1.2833333333333334,25.916666666666668,1012.9833333333332,1012.8833333333333,9.9,164.83333333333334,26.795833333333334,0.15291666666666667,2562.758125,89.63002880266751,High Risk
2020-11-09,0.33197916666666666,26.254166666666666,0.0,0.0,45.375,68.70833333333333,19.895833333333332,0.0,1.2916666666666667,1012.0875,1011.9875000000001,11.433333333333332,26.916666666666668,22.40416666666667,0.19125,2475.7208333333333,89.75969523916166,High Risk
2020-11-10,0.13239583333333335,25.96666666666667,0.0,0.0,74.25,68.125,19.4375,0.0,2.3333333333333335,1011.2458333333334,1011.1458333333334,9.283333333333333,40.333333333333336,18.333333333333332,0.19499999999999998,2386.4649999999997,88.6422699363604,High Risk
2020-11-11,-0.08201388888888889,23.96666666666667,0.15833333333333333,0.0,67.45833333333333,68.45833333333333,17.741666666666667,0.15833333333333333,10.791666666666666,1012.5,1012.4,17.275000000000002,51.791666666666664,31.400000000000002,0.13,2299.794166666667,87.44183478590845,High Risk
2020-11-12,0.2710416666666667,23.354166666666668,0.24583333333333335,0.0,85.41666666666667,80.41666666666667,19.75,0.24583333333333335,25.5,1012.9208333333332,1012.8208333333333,11.095833333333333,100.91666666666667,23.087500000000002,0.10458333333333332,2231.362291666667,89.41851893324375,High Risk
2020-11-13,0.4039236111111111,25.3125,0.0,0.0,44.25,71.04166666666667,19.337500000000002,0.0,1.4166666666666667,1011.7166666666667,1011.6166666666667,7.8625,163.70833333333334,16.691666666666666,0.17791666666666664,2180.2764583333333,90.16249712284367,High Risk
2020-11-14,0.29673611111111114,24.870833333333334,0.0,0.0,81.66666666666667,65.33333333333333,17.558333333333334,0.0,2.75,1011.1083333333332,1011.0083333333333,7.479166666666667,60.208333333333336,15.270833333333334,0.19375,2126.250625,89.56237674884446,High Risk
2020-11-15,0.36284722222222227,25.666666666666668,0.0,0.0,54.291666666666664,65.70833333333333,18.579166666666666,0.0,1.6666666666666667,1011.1875,1011.0875,6.870833333333334,72.875,14.275,0.19083333333333333,2059.046041666667,89.93251902033604,High Risk
2020-11-16,0.4070833333333333,27.066666666666666,0.0,0.0,27.416666666666668,69.5,20.758333333333333,0.0,0.7916666666666666,1011.5583333333334,1011.4583333333334,7.379166666666666,101.08333333333333,14.975,0.16625,1986.9545833333332,90.18018774611349,High Risk
2020-11-17,0.4953472222222222,27.837500000000002,0.008333333333333333,0.0,11.5,71.75,21.933333333333334,0.008333333333333333,4.458333333333333,1010.2208333333333,1010.1208333333334,7.145833333333333,105.54166666666667,14.279166666666667,0.17916666666666667,1912.974375,90.67435878294732,High Risk
2020-11-18,0.5174305555555555,28.599999999999998,0.0,0.0,24.583333333333332,71.33333333333333,22.5125,0.0,0.7916666666666666,1009.3249999999999,1009.225,5.245833333333333,114.95833333333333,11.458333333333334,0.1675,1839.5043750000002,90.79799874338254,High Risk
2020-11-19,0.3176388888888889,28.8625,0.0,0.0,11.291666666666666,72.20833333333333,22.995833333333334,0.0,0.20833333333333334,1008.7624999999999,1008.6625,5.366666666666667,206.79166666666666,12.137500000000001,0.1729166666666667,1770.76875,89.67940702586019,High Risk
2020-11-20,0.3315277777777778,28.941666666666666,0.008333333333333333,0.0,24.166666666666668,73.33333333333333,23.412499999999998,0.008333333333333333,4.791666666666667,1009.1374999999999,1009.0375,6.708333333333333,186.33333333333334,14.491666666666667,0.1625,1706.6795833333333,89.75716800726599,High Risk
2020-11-21,0.27357638888888886,28.224999999999998,0.33749999999999997,0.0,56.0,83.29166666666667,24.974999999999998,0.33749999999999997,21.0,1009.7208333333333,1009.6208333333334,5.2875000000000005,203.625,15.825000000000001,0.13875,1655.6741666666667,89.43271031235031,High Risk
2020-11-22,0.19986111111111113,27.72083333333333,0.19999999999999998,0.0,80.08333333333333,84.58333333333333,24.8,0.19999999999999998,13.416666666666666,1011.3958333333334,1011.2958333333332,4.2875000000000005,241.08333333333334,14.208333333333334,0.11291666666666667,1612.690625,89.01999390353905,High Risk
2020-11-23,0.0882986111111111,27.916666666666668,0.075,0.0,33.291666666666664,81.95833333333333,24.333333333333332,0.075,11.541666666666666,1011.6583333333333,1011.5583333333334,7.55,164.5,18.270833333333332,0.15458333333333332,1565.1010416666668,88.39537882039701,High Risk
2020-11-24,0.18875,27.870833333333334,0.004166666666666667,0.0,73.83333333333333,70.91666666666667,21.833333333333332,0.004166666666666667,4.416666666666667,1011.5083333333333,1011.4083333333333,8.108333333333333,147.375,16.2625,0.1825,1517.2639583333332,88.95778511841442,High Risk
2020-11-25,-0.09857638888888891,27.891666666666666,0.0,0.0,71.70833333333333,68.41666666666667,21.320833333333333,0.0,2.2916666666666665,1011.2624999999999,1011.1625,8.895833333333334,86.125,18.508333333333333,0.17458333333333334,1467.510625,87.34910481558205,High Risk
2020-11-26,0.25819444444444445,27.900000000000002,0.004166666666666667,0.0,20.458333333333332,69.16666666666667,21.462500000000002,0.004166666666666667,2.5833333333333335,1011.7833333333333,1011.6833333333334,8.575000000000001,139.04166666666666,16.683333333333334,0.18458333333333332,1416.1218749999998,89.34659002544339,High Risk
2020-11-27,0.3028472222222222,27.5,0.012500000000000002,0.0,28.333333333333332,66.0,20.45,0.012500000000000002,7.0,1012.4375,1012.3375,12.183333333333332,59.25,23.3625,0.18708333333333335,1364.8622916666666,89.59659158066302,High Risk
2020-11-28,0.29368055555555556,27.204166666666666,0.0,0.0,55.833333333333336,64.625,19.745833333333334,0.0,1.625,1012.7375000000001,1012.6374999999999,8.424999999999999,32.833333333333336,17.2375,0.19375,1316.8875,89.54526933293519,High Risk
2020-11-29,0.11138888888888891,26.46666666666667,0.0,0.0,58.708333333333336,66.70833333333333,19.604166666666668,0.0,1.75,1012.5541666666667,1012.4541666666668,9.158333333333333,57.375,18.495833333333334,0.14333333333333334,1272.1454166666667,88.52465645198414,High Risk
2020-11-30,0.14184027777777777,26.229166666666668,0.008333333333333333,0.0,35.708333333333336,64.5,18.833333333333332,0.008333333333333333,3.0833333333333335,1012.6916666666666,1012.5916666666667,10.791666666666666,44.583333333333336,20.933333333333334,0.1758333333333333,1228.919375,88.69514740371635,High Risk
2020-12-01,0.21666666666666667,26.087500000000002,0.012499999999999999,0.0,62.25,63.791666666666664,18.533333333333335,0.012499999999999999,3.8333333333333335,1013.3458333333333,1013.2458333333334,10.725,68.125,21.566666666666666,0.16708333333333333,1187.1641666666667,89.11408469104006,High Risk
2020-12-02,0.22475694444444447,26.504166666666666,0.0,0.0,63.291666666666664,68.45833333333333,20.0125,0.0,1.9166666666666667,1012.3625000000001,1012.2624999999999,7.875,113.0,16.033333333333335,0.14916666666666667,1149.3218749999999,89.15938046270894,High Risk
2020-12-03,0.4104861111111111,26.8125,0.0,0.0,32.083333333333336,66.875,19.900000000000002,0.0,1.0,1012.2083333333334,1012.1083333333332,9.200000000000001,74.875,18.329166666666666,0.17458333333333334,1114.1883333333333,90.19923918655792,High Risk
2020-12-04,0.411875,25.34583333333333,0.0,0.0,52.041666666666664,58.625,16.575,0.0,1.5833333333333333,1012.7916666666666,1012.6916666666666,11.858333333333334,62.083333333333336,23.275000000000002,0.20291666666666666,1079.98375,90.20701528469849,High Risk
2020-12-05,0.2625,23.516666666666666,0.0,0.0,28.708333333333332,62.708333333333336,15.833333333333334,0.0,0.875,1014.1166666666667,1014.0166666666668,8.570833333333333,63.75,17.587500000000002,0.18041666666666667,1046.968125,89.37069592967917,High Risk
2020-12-06,0.18381944444444445,24.087500000000002,0.0,0.0,65.0,64.04166666666667,16.683333333333334,0.0,2.0833333333333335,1013.8208333333333,1013.7208333333333,8.487499999999999,131.91666666666666,17.6,0.18125,1015.9350000000001,88.93017997001536,High Risk
2020-12-07,0.20194444444444445,24.545833333333334,0.0,0.0,73.04166666666667,65.95833333333333,17.408333333333335,0.0,2.3333333333333335,1013.7125,1013.6125000000001,7.425,195.375,15.575000000000001,0.17333333333333334,987.1458333333334,89.03165805074991,High Risk
2020-12-08,0.20854166666666665,25.912499999999998,0.0,0.0,69.79166666666667,67.25,19.166666666666668,0.0,2.2916666666666665,1013.4666666666667,1013.3666666666667,6.591666666666666,113.875,14.408333333333333,0.16166666666666665,959.0472916666666,89.06859451691767,High Risk
2020-12-09,0.11243055555555555,25.287499999999998,0.0,0.0,37.166666666666664,63.25,17.391666666666666,0.0,1.1666666666666667,1012.1291666666666,1012.0291666666667,7.3125,82.83333333333333,15.6,0.18791666666666665,933.898125,88.53048852558958,High Risk
2020-12-10,0.15368055555555557,24.400000000000002,0.0,0.0,26.375,65.20833333333333,16.966666666666665,0.0,0.7083333333333334,1011.5500000000001,1011.4499999999999,5.45,204.16666666666666,12.595833333333333,0.17833333333333334,909.52375,88.76143864036479,High Risk
2020-12-11,0.04284722222222223,26.8,0.0,0.0,21.708333333333332,59.041666666666664,17.954166666666666,0.0,0.5,1010.9666666666667,1010.8666666666667,9.308333333333334,230.91666666666666,18.179166666666667,0.19375,886.640625,88.14090600874655,High Risk
2020-12-12,0.17965277777777777,27.8875,0.012500000000000002,0.0,59.291666666666664,65.875,20.7,0.012500000000000002,6.125,1009.9416666666666,1009.8416666666667,6.120833333333334,268.875,12.887500000000001,0.16291666666666665,866.4358333333333,88.90685167559361,High Risk
2020-12-13,0.3084722222222222,28.308333333333334,0.05833333333333333,0.0,77.75,71.54166666666667,22.358333333333334,0.05833333333333333,12.583333333333334,1009.1041666666666,1009.0041666666666,6.079166666666667,191.875,12.783333333333333,0.15041666666666667,847.61625,89.62808477813236,High Risk
2020-12-14,0.22444444444444445,27.8,0.3541666666666667,0.0,95.70833333333333,81.66666666666667,24.22083333333333,0.3541666666666667,22.416666666666668,1009.7875,1009.6875,4.779166666666667,191.95833333333334,13.841666666666667,0.12208333333333334,831.1191666666667,89.1576308406273,High Risk
2020-12-15,0.26430555555555557,27.8625,0.10416666666666667,0.0,97.66666666666667,78.66666666666667,23.53333333333333,0.10416666666666667,17.416666666666668,1011.3249999999999,1011.225,7.4375,181.95833333333334,16.595833333333335,0.1425,815.9333333333334,89.38080485726194,High Risk
2020-12-16,0.27215277777777774,27.954166666666666,0.07083333333333333,0.0,54.958333333333336,72.58333333333333,22.379166666666666,0.07083333333333333,18.208333333333332,1012.4041666666667,1012.3041666666667,9.554166666666667,85.20833333333333,19.6375,0.14916666666666667,801.8995833333333,89.42473981175621,High Risk
2020-12-17,0.27625000000000005,27.254166666666666,0.004166666666666667,0.0,78.58333333333333,71.33333333333333,21.166666666666668,0.004166666666666667,4.541666666666667,1011.8791666666666,1011.7791666666667,5.966666666666666,96.25,13.104166666666666,0.16583333333333333,789.9274999999999,89.44767930127091,High Risk
2020-12-18,0.24159722222222224,27.0125,0.024999999999999998,0.0,59.041666666666664,65.16666666666667,19.708333333333332,0.024999999999999998,8.041666666666666,1011.9375,1011.8375,7.520833333333333,58.916666666666664,15.758333333333333,0.16666666666666666,779.0745833333334,89.25366565266346,High Risk
2020-12-19,0.19500000000000003,26.099999999999998,0.0,0.0,66.91666666666667,61.125,17.745833333333334,0.0,2.0,1012.9708333333333,1012.8708333333334,8.5875,61.583333333333336,18.291666666666668,0.18958333333333333,769.2145833333334,88.99277756004702,High Risk
2020-12-20,0.204375,24.104166666666668,0.0,0.0,66.95833333333333,60.791666666666664,15.804166666666667,0.0,2.1666666666666665,1014.1374999999999,1014.0375,8.7875,43.25,18.820833333333333,0.18541666666666667,759.5639583333333,89.04526622249594,High Risk
2020-12-21,0.14152777777777778,21.766666666666666,0.0,0.0,53.666666666666664,61.458333333333336,13.808333333333332,0.0,1.6666666666666667,1014.0708333333333,1013.9708333333333,8.220833333333333,36.291666666666664,17.599999999999998,0.17541666666666667,750.7741666666667,88.69339778163472,High Risk
2020-12-22,0.07065972222222221,22.391666666666666,0.0,0.0,69.66666666666667,58.75,13.595833333333333,0.0,2.2083333333333335,1012.8208333333333,1012.7208333333333,10.079166666666667,153.70833333333334,19.379166666666666,0.18833333333333335,743.0683333333333,88.29662237401166,High Risk
2020-12-23,0.05534722222222222,24.120833333333334,0.0,0.0,86.125,57.833333333333336,15.112499999999999,0.0,2.625,1010.8333333333334,1010.7333333333332,13.716666666666667,216.83333333333334,25.787499999999998,0.2058333333333333,736.1662500000001,88.21089089201176,High Risk
2020-12-24,0.15288194444444445,26.09166666666667,0.0,0.0,29.583333333333332,60.583333333333336,17.670833333333334,0.0,0.875,1009.7916666666666,1009.6916666666666,12.304166666666667,165.0,23.787499999999998,0.19166666666666668,730.2852083333332,88.75696738393395,High Risk
2020-12-25,0.29250000000000004,26.425,0.020833333333333332,0.0,88.0,69.45833333333333,20.154166666666665,0.020833333333333332,10.791666666666666,1010.4166666666666,1010.3166666666666,8.008333333333333,94.20833333333333,17.166666666666668,0.1425,724.379375,89.5386596495157,High Risk
2020-12-26,0.3095833333333333,27.125,0.05416666666666667,0.0,56.291666666666664,71.70833333333333,21.208333333333332,0.05416666666666667,14.25,1010.9083333333333,1010.8083333333334,6.325,107.04166666666667,13.266666666666666,0.15833333333333333,718.593125,89.63430565664481,High Risk
2020-12-27,0.2309027777777778,27.52916666666667,0.04583333333333334,0.0,20.291666666666668,74.66666666666667,22.34166666666667,0.04583333333333334,9.0,1010.3916666666668,1010.2916666666666,5.4375,182.70833333333334,12.9125,0.15708333333333332,713.5635416666668,89.19378969698101,High Risk
2020-12-28,0.2020138888888889,27.40833333333333,0.02916666666666667,0.0,22.208333333333332,76.70833333333333,22.59166666666667,0.02916666666666667,10.875,1009.5708333333333,1009.4708333333333,4.108333333333333,190.375,10.470833333333333,0.13999999999999999,709.5020833333333,89.03204685565694,High Risk
2020-12-29,0.16243055555555555,28.045833333333334,0.004166666666666667,0.0,50.291666666666664,74.0,22.516666666666666,0.004166666666666667,3.5416666666666665,1009.475,1009.375,4.7875000000000005,195.875,11.487499999999999,0.15,704.6116666666667,88.81042805865043,High Risk
2020-12-30,0.09152777777777778,28.150000000000002,0.0,0.0,40.916666666666664,61.25,18.729166666666668,0.0,1.25,1010.4541666666668,1010.3541666666666,12.987499999999999,136.79166666666666,24.208333333333332,0.23124999999999998,699.7508333333334,88.41345824857385,High Risk
2020-12-31,0.22006944444444443,24.508333333333336,0.0,0.0,55.208333333333336,54.166666666666664,14.470833333333333,0.0,1.625,1013.6125000000001,1013.5124999999999,14.35,58.875,28.6375,0.22124999999999997,694.93,89.13313613148448,High Risk
2021-01-01,0.38649305555555563,22.03333333333333,0.0,0.0,43.875,60.166666666666664,13.695833333333333,0.0,1.3333333333333333,1014.9916666666667,1014.8916666666668,7.466666666666666,60.708333333333336,16.099999999999998,0.17,689.3825,90.0649070911794,High Risk
2021-01-02,0.17694444444444446,22.495833333333334,0.0,0.0,52.875,59.375,14.058333333333332,0.0,1.625,1014.1416666666668,1014.0416666666666,7.866666666666667,164.0,16.670833333333334,0.1729166666666667,683.8035416666667,88.8916882842195,High Risk
2021-01-03,0.24131944444444445,23.866666666666664,0.0,0.0,16.25,61.291666666666664,15.754166666666668,0.0,0.4166666666666667,1012.6916666666666,1012.5916666666667,8.654166666666667,162.75,17.2375,0.18125,679.8354166666667,89.25211043303534,High Risk
2021-01-04,0.3433333333333333,25.375,0.0,0.0,61.083333333333336,61.833333333333336,17.325,0.0,1.7916666666666667,1012.375,1012.275,9.225,116.58333333333333,19.141666666666666,0.1875,599.0608333333333,89.8232648414609,High Risk
2021-01-05,0.20750000000000002,26.108333333333334,0.0,0.0,40.666666666666664,64.91666666666667,18.833333333333332,0.0,1.2083333333333333,1012.4125,1012.3125,6.995833333333334,135.04166666666666,14.333333333333334,0.15708333333333332,395.1075,89.06276244331224,High Risk
2021-01-06,0.18677083333333333,27.3125,0.0,0.0,22.875,67.41666666666667,20.341666666666665,0.0,0.7083333333333334,1010.7624999999999,1010.6625,5.3999999999999995,115.58333333333333,11.804166666666667,0.17041666666666666,176.42937500000002,88.94670417856409,High Risk
2021-01-07,0.2497222222222222,27.170833333333334,0.0,0.0,34.166666666666664,66.54166666666667,19.95,0.0,1.0833333333333333,1009.8625000000001,1009.7624999999999,6.75,51.541666666666664,13.424999999999999,0.16666666666666666,43.85270833333333,89.29915582678586,High Risk
2021-01-08,0.24944444444444447,27.016666666666666,0.0,0.0,50.458333333333336,61.958333333333336,18.900000000000002,0.0,1.5,1010.2416666666667,1010.1416666666668,14.716666666666667,71.16666666666667,27.912499999999998,0.21583333333333332,3.46875,89.29760060715773,High Risk
2021-01-09,0.3151388888888889,23.8625,0.0,0.0,78.875,61.041666666666664,15.679166666666667,0.0,2.5416666666666665,1012.2291666666666,1012.1291666666666,11.116666666666667,57.458333333333336,22.179166666666664,0.18500000000000003,0.0,89.66541004920714,High Risk
2021-01-10,0.3802083333333333,23.675,0.0,0.0,35.5,63.75,16.041666666666668,0.0,1.0833333333333333,1012.275,1012.1750000000001,7.329166666666667,98.16666666666667,15.179166666666667,0.17958333333333334,0.0,90.02972024709328,High Risk
2021-01-11,0.2723611111111111,23.912499999999998,0.0,0.0,58.666666666666664,59.916666666666664,15.179166666666667,0.0,1.8333333333333333,1013.5833333333334,1013.4833333333332,9.950000000000001,54.625,20.3,0.20083333333333334,0.0,89.42590622647731,High Risk
2021-01-12,0.2729861111111111,20.858333333333334,0.0,0.0,34.458333333333336,51.541666666666664,10.420833333333333,0.0,1.0833333333333333,1015.5333333333333,1015.4333333333334,13.295833333333334,49.208333333333336,26.741666666666664,0.2091666666666667,0.0,89.42940547064056,High Risk
2021-01-13,0.44631944444444444,20.241666666666667,0.0,0.0,1.9583333333333333,55.5,10.862499999999999,0.0,0.041666666666666664,1014.5333333333333,1014.4333333333334,7.4624999999999995,158.625,15.4625,0.17666666666666667,0.0,90.39986251858487,High Risk
2021-01-14,0.30854166666666666,21.849999999999998,0.0,0.0,49.166666666666664,62.541666666666664,14.025,0.0,1.625,1012.6416666666668,1012.5416666666666,7.091666666666666,228.20833333333334,14.875,0.1775,0.0,89.6284735830394,High Risk
2021-01-15,0.2676388888888889,23.245833333333334,0.0,0.0,77.91666666666667,69.83333333333333,16.745833333333334,0.0,2.4166666666666665,1010.4,1010.3000000000001,6.916666666666667,197.29166666666666,13.737499999999999,0.17833333333333334,0.0,89.39946749279933,High Risk
2021-01-16,0.24996527777777777,24.491666666666664,0.0,0.0,2.4583333333333335,77.25,19.875,0.0,0.041666666666666664,1010.4375,1010.3375,7.925,194.75,15.429166666666667,0.1725,0.0,89.30051664396045,High Risk
2021-01-17,0.215,26.308333333333334,0.008333333333333333,0.0,42.375,68.625,19.004166666666666,0.008333333333333333,5.375,1012.4416666666666,1012.3416666666667,10.058333333333334,105.45833333333333,20.829166666666666,0.18875,0.0,89.10475337327136,High Risk
2021-01-18,0.23038194444444446,24.183333333333334,0.0,0.0,16.416666666666668,52.375,13.566666666666668,0.0,0.5416666666666666,1014.3458333333333,1014.2458333333334,16.804166666666667,82.625,32.141666666666666,0.23958333333333334,0.0,89.19087366017828,High Risk
2021-01-19,0.14326388888888889,22.004166666666666,0.0,0.0,48.291666666666664,58.583333333333336,13.045833333333334,0.0,1.4583333333333333,1013.5625,1013.4625,8.754166666666666,69.625,17.454166666666666,0.19083333333333333,0.0,88.70311790431043,High Risk
2021-01-20,0.0078124999999999905,22.974999999999998,0.0,0.0,31.625,62.125,14.725,0.0,0.9583333333333334,1012.7666666666668,1012.6666666666666,6.129166666666666,140.375,13.145833333333334,0.18166666666666667,0.0,87.94475393315044,High Risk
2021-01-21,0.004374999999999999,23.420833333333334,0.0,0.0,55.291666666666664,61.541666666666664,14.700000000000001,0.0,1.6666666666666667,1011.5291666666667,1011.4291666666667,6.754166666666666,239.91666666666666,14.095833333333333,0.18791666666666665,0.0,87.92550809025249,High Risk
2021-01-22,0.0075,24.770833333333332,0.0,0.0,52.166666666666664,60.958333333333336,16.1375,0.0,1.6666666666666667,1010.6666666666666,1010.5666666666666,6.870833333333334,263.4166666666667,15.137500000000001,0.19333333333333333,0.0,87.9430043110688,High Risk
2021-01-23,0.08680555555555557,25.570833333333336,0.0,0.0,17.75,65.04166666666667,17.966666666666665,0.0,0.4583333333333333,1010.4083333333333,1010.3083333333334,7.1125,170.83333333333334,15.558333333333332,0.19416666666666668,0.0,88.38701951489588,High Risk
2021-01-24,0.21472222222222223,26.25,0.0,0.0,18.5,72.08333333333333,20.395833333333332,0.0,0.4583333333333333,1011.1583333333333,1011.0583333333334,8.458333333333334,184.0,17.491666666666667,0.17958333333333332,0.0,89.10319815364326,High Risk
2021-01-25,0.14520833333333336,26.733333333333334,0.04583333333333334,0.0,54.75,79.91666666666667,22.6875,0.04583333333333334,11.916666666666666,1010.9499999999999,1010.85,7.720833333333334,197.25,17.029166666666665,0.15333333333333335,0.0,88.71400444170725,High Risk
2021-01-26,0.05312500000000001,27.53333333333333,0.025000000000000005,0.0,69.625,77.16666666666667,22.712500000000002,0.025000000000000005,10.583333333333334,1009.9708333333333,1009.8708333333334,6.516666666666667,169.125,15.583333333333334,0.16874999999999998,0.0,88.19844913498683,High Risk
2021-01-27,0.1565277777777778,27.72083333333333,0.049999999999999996,0.0,48.875,80.20833333333333,23.71666666666667,0.049999999999999996,13.875,1010.4458333333333,1010.3458333333333,7.295833333333333,179.79166666666666,19.166666666666668,0.15791666666666668,0.0,88.77737964155297,High Risk
2021-01-28,0.17548611111111112,28.1375,0.012500000000000002,0.0,48.041666666666664,75.58333333333333,22.933333333333334,0.012500000000000002,5.5,1011.625,1011.525,5.854166666666667,149.33333333333334,16.683333333333334,0.15791666666666668,0.0,88.88352338117188,High Risk
2021-01-29,0.2602777777777778,27.666666666666668,0.0,0.0,71.16666666666667,57.375,18.154166666666665,0.0,2.25,1012.5208333333334,1012.4208333333332,11.25,87.95833333333333,22.066666666666666,0.20333333333333334,0.0,89.35825417265426,High Risk
2021-01-30,0.33625,27.083333333333332,0.0,0.0,30.125,56.125,17.320833333333333,0.0,0.875,1012.8125,1012.7125,9.170833333333333,76.625,18.266666666666666,0.21250000000000002,0.0,89.78360674094394,High Risk
2021-01-31,0.1986111111111111,26.72083333333333,0.0,0.0,0.125,58.125,17.408333333333335,0.0,0.0,1013.1374999999999,1013.0375,8.4375,124.5,17.591666666666665,0.21,0.0,89.01299541521253,High Risk
2021-02-01,0.16986111111111113,26.71666666666667,0.0,0.0,2.0416666666666665,65.5,19.0625,0.0,0.041666666666666664,1012.9875000000001,1012.8874999999999,6.245833333333334,146.45833333333334,13.420833333333334,0.19375,0.0,88.85203018370254,High Risk
2021-02-02,0.18395833333333333,27.083333333333332,0.0,0.0,4.333333333333333,65.95833333333333,19.575,0.0,0.08333333333333333,1012.7624999999999,1012.6625,5.879166666666666,182.25,13.108333333333334,0.19625,0.0,88.93095757982941,High Risk
2021-02-03,0.16472222222222221,27.566666666666666,0.0,0.0,16.083333333333332,70.79166666666667,20.666666666666668,0.0,0.4583333333333333,1012.3625000000001,1012.2624999999999,8.183333333333334,121.125,16.1375,0.20125,0.0,88.8232586205824,High Risk
2021-02-04,0.2279861111111111,27.224999999999998,0.0,0.0,41.708333333333336,67.41666666666667,19.408333333333335,0.0,1.2083333333333333,1013.2291666666666,1013.1291666666666,8.929166666666667,119.16666666666667,17.98333333333333,0.21083333333333332,0.0,89.17745989088579,High Risk
2021-02-05,0.04291666666666666,26.400000000000002,0.0,0.0,27.833333333333332,55.958333333333336,16.354166666666668,0.0,0.8333333333333334,1012.5375,1012.4375,7.491666666666667,94.20833333333333,14.658333333333333,0.21375,0.0,88.14129481365359,High Risk
2021-02-06,0.16368055555555555,26.483333333333334,0.0,0.0,35.875,65.0,18.729166666666668,0.0,1.0,1011.1625,1011.0625,6.658333333333334,215.16666666666666,13.549999999999999,0.19125,0.0,88.81742654697695,High Risk
2021-02-07,0.16069444444444445,27.325,0.004166666666666667,0.0,44.25,70.70833333333333,21.079166666666666,0.004166666666666667,3.3333333333333335,1011.0708333333333,1010.9708333333333,8.041666666666666,148.95833333333334,16.270833333333332,0.18000000000000002,0.0,88.80070793597471,High Risk
2021-02-08,0.17201388888888888,27.6375,0.0,0.0,25.0,78.58333333333333,23.304166666666664,0.0,0.75,1010.4583333333334,1010.3583333333332,9.841666666666667,192.375,20.2375,0.17875,0.014374999999999999,88.86408313582044,High Risk
2021-02-09,0.31416666666666665,26.183333333333334,0.9625,0.0,70.45833333333333,82.66666666666667,22.933333333333334,0.9625,43.666666666666664,1010.3458333333333,1010.2458333333334,6.016666666666667,203.5,17.083333333333332,0.11541666666666667,0.360625,89.65996678050873,High Risk
2021-02-10,0.10548611111111113,25.879166666666666,0.09999999999999999,0.0,40.458333333333336,74.75,20.525000000000002,0.09999999999999999,15.625,1010.9,1010.8000000000001,8.3375,99.54166666666667,18.416666666666668,0.17,0.7487499999999999,88.49160803488667,High Risk
2021-02-11,0.0232638888888889,25.945833333333336,0.0,0.0,23.25,68.91666666666667,19.275,0.0,0.75,1011.2875,1011.1875,7.033333333333334,67.79166666666667,14.4625,0.19458333333333333,0.5116666666666667,88.03126302496437,High Risk
2021-02-12,0.11694444444444446,26.141666666666666,0.0,0.0,24.166666666666668,65.70833333333333,18.441666666666666,0.0,0.75,1011.8291666666668,1011.7291666666666,6.583333333333333,118.08333333333333,13.479166666666666,0.2025,0.14333333333333334,88.55576084454646,High Risk
2021-02-13,0.21416666666666664,26.7,0.004166666666666667,0.0,22.458333333333332,74.08333333333333,21.120833333333334,0.004166666666666667,2.7083333333333335,1011.9416666666666,1011.8416666666667,7.8500000000000005,159.0,16.333333333333332,0.18625,0.045625,89.10008771438702,High Risk
2021-02-14,0.20194444444444445,27.333333333333332,0.004166666666666667,0.0,86.20833333333333,72.41666666666667,21.370833333333334,0.004166666666666667,4.75,1012.0375,1011.9375,9.895833333333334,176.625,19.474999999999998,0.18333333333333335,0.015625,89.03165805074991,High Risk
2021-02-15,0.12909722222222222,27.25,0.04583333333333334,0.0,42.833333333333336,75.5,22.266666666666666,0.04583333333333334,11.458333333333334,1010.9291666666667,1010.8291666666668,12.762500000000001,184.79166666666666,24.383333333333336,0.17458333333333334,0.0,88.62380170327653,High Risk
2021-02-16,0.171875,27.71666666666667,0.03333333333333333,0.0,25.625,74.54166666666667,22.59583333333333,0.03333333333333333,11.125,1010.3249999999999,1010.225,14.049999999999999,177.25,27.025000000000002,0.18500000000000003,0.0,88.86330552600637,High Risk
2021-02-17,0.11965277777777779,27.045833333333334,0.13333333333333333,0.0,38.583333333333336,80.58333333333333,23.291666666666668,0.13333333333333333,20.041666666666668,1011.8208333333333,1011.7208333333333,9.975,171.16666666666666,24.59166666666667,0.15125,0.0,88.57092423592059,High Risk
2021-02-18,0.17194444444444446,27.254166666666666,0.016666666666666666,0.0,5.75,63.791666666666664,18.662499999999998,0.016666666666666666,2.125,1014.15,1014.0500000000001,11.6625,82.91666666666667,23.275000000000002,0.2354166666666667,0.0,88.8636943309134,High Risk
2021-02-19,0.16437500000000002,26.28333333333333,0.0,0.0,7.125,52.083333333333336,15.1625,0.0,0.125,1015.0625,1014.9625,14.029166666666667,58.0,27.558333333333334,0.25708333333333333,0.0,88.82131459604724,High Risk
2021-02-20,0.1557638888888889,25.704166666666666,0.0,0.0,1.0416666666666667,55.541666666666664,15.6,0.0,0.0,1014.0458333333332,1013.9458333333333,10.195833333333333,97.04166666666667,20.95,0.22999999999999998,0.0,88.77310278757565,High Risk
2021-02-21,0.16833333333333333,25.53333333333333,0.0,0.0,0.16666666666666666,64.08333333333333,17.45,0.0,0.0,1012.7583333333333,1012.6583333333333,6.008333333333333,195.0,12.916666666666666,0.20958333333333334,0.0,88.84347647574789,High Risk
2021-02-22,0.1516666666666667,26.6375,0.0,0.0,13.041666666666666,73.83333333333333,21.104166666666668,0.0,0.375,1011.5625,1011.4625,9.595833333333333,211.33333333333334,19.025000000000002,0.2020833333333333,0.0,88.75016329806094,High Risk
2021-02-23,0.1092361111111111,27.087500000000002,0.0,0.0,12.958333333333334,75.58333333333333,22.108333333333334,0.0,0.375,1010.5958333333333,1010.4958333333334,10.016666666666667,191.125,20.283333333333335,0.18833333333333335,0.0,88.51260349986624,High Risk
2021-02-24,0.11791666666666667,27.541666666666668,0.0,0.0,19.375,73.79166666666667,21.983333333333334,0.0,0.5833333333333334,1009.4666666666667,1009.3666666666667,12.65,183.83333333333334,24.666666666666668,0.21916666666666665,0.0,88.56120411324486,High Risk
2021-02-25,0.07868055555555556,28.758333333333336,0.0,0.0,60.708333333333336,69.58333333333333,21.8625,0.0,1.875,1007.8541666666666,1007.7541666666666,9.991666666666667,206.66666666666666,20.583333333333332,0.22791666666666666,0.0,88.34152934077349,High Risk
2021-02-26,0.03222222222222221,28.400000000000002,0.0,0.0,37.208333333333336,64.16666666666667,19.654166666666665,0.0,1.1666666666666667,1006.4583333333334,1006.3583333333332,9.745833333333334,227.16666666666666,20.412499999999998,0.24250000000000002,0.0,88.08141885797112,High Risk
2021-02-27,0.05256944444444444,27.599999999999998,0.0,0.0,7.25,73.58333333333333,21.59166666666667,0.0,0.20833333333333334,1006.8375,1006.7375000000001,8.579166666666667,189.29166666666666,18.804166666666667,0.22208333333333333,0.0,88.1953386957306,High Risk
2021-02-28,0.10118055555555557,27.516666666666666,0.0,0.0,7.333333333333333,74.45833333333333,22.083333333333332,0.0,0.20833333333333334,1008.8000000000001,1008.6999999999999,14.554166666666667,174.20833333333334,27.716666666666665,0.22083333333333333,0.0,88.46750213065087,High Risk
2021-03-01,0.13631944444444444,28.224999999999998,0.0,0.0,17.833333333333332,72.0,22.333333333333332,0.0,0.4583333333333333,1011.5083333333333,1011.4083333333333,13.470833333333333,174.5,26.870833333333334,0.21833333333333335,0.0,88.66423741360754,High Risk
2021-03-02,0.052708333333333336,28.47083333333333,0.07916666666666666,0.0,44.333333333333336,76.20833333333333,23.65416666666667,0.07916666666666666,15.958333333333334,1011.6374999999999,1011.5375,10.9375,183.20833333333334,23.5,0.18291666666666664,0.0,88.19611630554466,High Risk
2021-03-03,0.16604166666666667,27.675,0.3458333333333334,0.0,66.0,80.91666666666667,24.05,0.3458333333333334,27.625,1011.9791666666666,1011.8791666666666,11.829166666666666,191.16666666666666,24.616666666666664,0.13791666666666666,0.30187499999999995,88.83064591381594,High Risk
2021-03-04,0.16430555555555557,27.979166666666668,0.03333333333333333,0.0,44.041666666666664,77.95833333333333,23.52916666666667,0.03333333333333333,11.666666666666666,1012.3708333333334,1012.2708333333334,8.4,165.54166666666666,18.9375,0.17875,0.7354166666666666,88.82092579114021,High Risk
2021-03-05,0.155,28.320833333333336,0.016666666666666666,0.0,13.041666666666666,77.41666666666667,23.741666666666664,0.016666666666666666,6.541666666666667,1011.9791666666666,1011.8791666666666,10.570833333333333,201.125,21.879166666666666,0.19291666666666665,0.5481250000000001,88.76882593359832,High Risk
2021-03-06,0.0882638888888889,28.454166666666666,0.0,0.0,5.208333333333333,76.58333333333333,23.55,0.0,0.041666666666666664,1012.3041666666667,1012.2041666666668,12.529166666666667,182.875,24.866666666666664,0.22,0.14333333333333334,88.3951844179435,High Risk
2021-03-07,0.11934027777777777,28.741666666666664,0.0,0.0,12.416666666666666,76.41666666666667,23.775000000000002,0.0,0.3333333333333333,1011.5708333333333,1011.4708333333333,12.841666666666667,178.41666666666666,25.46666666666667,0.22458333333333333,0.045625,88.56917461383895,High Risk
2021-03-08,0.1734027777777778,28.795833333333334,0.020833333333333332,0.0,32.791666666666664,74.875,23.691666666666666,0.020833333333333332,7.166666666666667,1012.5124999999999,1012.4125,11.691666666666668,170.16666666666666,24.075,0.19208333333333336,0.015625,88.87185923396102,High Risk
2021-03-09,0.170625,28.704166666666666,0.12916666666666668,0.0,45.125,75.91666666666667,23.775000000000002,0.12916666666666668,8.083333333333334,1012.3458333333333,1012.2458333333334,8.791666666666666,179.0,19.991666666666667,0.18999999999999997,0.0,88.85630703767985,High Risk
2021-03-10,0.24083333333333334,28.491666666666664,0.029166666666666664,0.0,28.416666666666668,77.20833333333333,23.983333333333334,0.029166666666666664,9.0,1012.2416666666667,1012.1416666666668,9.737499999999999,181.08333333333334,22.662499999999998,0.1675,0.0,89.24938879868614,High Risk
2021-03-11,0.21187500000000004,28.754166666666666,0.041666666666666664,0.0,22.0,76.33333333333333,23.962500000000002,0.041666666666666664,11.041666666666666,1012.1333333333333,1012.0333333333333,8.299999999999999,188.70833333333334,20.691666666666666,0.19125,0.0,89.08725715245505,High Risk
2021-03-12,0.24385416666666662,29.09166666666667,0.016666666666666666,0.0,14.291666666666666,75.66666666666667,24.09583333333333,0.016666666666666666,8.666666666666666,1012.2458333333334,1012.1458333333334,8.029166666666667,173.91666666666666,21.983333333333334,0.19375,0.0,89.2663018121419,High Risk
2021-03-13,0.25201388888888887,28.683333333333334,0.03333333333333333,0.0,27.208333333333332,77.04166666666667,24.079166666666666,0.03333333333333333,6.916666666666667,1011.8958333333334,1011.7958333333332,11.170833333333334,177.95833333333334,22.754166666666666,0.17208333333333334,0.0,89.31198638871781,High Risk
2021-03-14,0.22618055555555558,28.670833333333334,0.04583333333333334,0.0,29.666666666666668,76.5,23.954166666666666,0.04583333333333334,4.916666666666667,1010.3208333333333,1010.2208333333333,10.945833333333333,176.66666666666666,23.6375,0.18375,0.0,89.16735096330302,High Risk
2021-03-15,0.27770833333333333,28.945833333333336,0.008333333333333333,0.0,20.708333333333332,74.16666666666667,23.733333333333334,0.008333333333333333,4.708333333333333,1009.5791666666668,1009.4791666666666,14.362499999999999,183.33333333333334,27.8625,0.20916666666666664,0.0,89.45584420431852,High Risk
2021-03-16,0.18020833333333333,28.729166666666668,0.004166666666666667,0.0,42.708333333333336,76.375,23.962500000000002,0.004166666666666667,3.375,1009.1791666666667,1009.0791666666668,14.091666666666667,181.45833333333334,27.46666666666667,0.20125,0.0,88.90996211484985,High Risk
2021-03-17,0.11541666666666668,28.925,0.07083333333333335,0.0,94.75,75.58333333333333,24.0125,0.07083333333333335,11.125,1008.9458333333333,1008.8458333333333,14.904166666666667,181.70833333333334,28.395833333333332,0.19666666666666666,0.0,88.54720713659182,High Risk
2021-03-18,0.08111111111111109,29.462500000000002,0.008333333333333333,0.0,73.04166666666667,75.08333333333333,24.320833333333336,0.008333333333333333,6.291666666666667,1008.475,1008.375,12.883333333333333,182.5,25.4375,0.21125000000000002,0.0,88.3551375125195,High Risk
2021-03-19,0.12944444444444445,29.65833333333333,0.004166666666666667,0.0,53.375,72.70833333333333,23.90416666666667,0.004166666666666667,3.7916666666666665,1008.0625,1007.9625,15.012500000000001,182.75,28.7625,0.23625,0.0,88.62574572781168,High Risk
2021-03-20,0.04381944444444446,29.441666666666666,0.0,0.0,37.708333333333336,74.125,24.125,0.0,1.1666666666666667,1006.9208333333332,1006.8208333333333,15.758333333333333,179.04166666666666,30.15833333333333,0.22458333333333333,0.0,88.14634927744495,High Risk
2021-03-21,0.06958333333333333,29.729166666666668,0.008333333333333333,0.0,32.041666666666664,76.125,24.849999999999998,0.008333333333333333,5.083333333333333,1007.2041666666668,1007.1041666666666,13.716666666666667,176.20833333333334,27.2,0.21625000000000003,0.014374999999999999,88.29059589795271,High Risk
2021-03-22,0.11597222222222221,27.84583333333333,0.5083333333333333,0.0,86.25,81.75,24.291666666666668,0.5083333333333333,26.333333333333332,1010.8708333333334,1010.7708333333334,9.491666666666667,181.875,23.266666666666666,0.11083333333333334,0.03,88.55031757584806,High Risk
2021-03-23,0.24409722222222222,28.616666666666664,0.0,0.0,39.125,65.25,20.833333333333332,0.0,1.1666666666666667,1011.75,1011.65,8.116666666666667,90.08333333333333,17.470833333333335,0.22166666666666668,0.03,89.26766262931652,High Risk
2021-03-24,0.2801388888888889,29.3,0.004166666666666667,0.0,20.5,63.333333333333336,21.2625,0.004166666666666667,2.5416666666666665,1009.4958333333334,1009.3958333333334,6.779166666666666,143.58333333333334,15.766666666666666,0.22624999999999998,0.015625,89.46945237606454,High Risk
2021-03-25,0.214375,29.354166666666668,0.020833333333333332,0.0,85.25,69.25,22.816666666666666,0.020833333333333332,10.791666666666666,1008.9125,1008.8125,11.525,181.58333333333334,23.358333333333334,0.22958333333333333,0.0,89.10125412910811,High Risk
2021-03-26,0.3202777777777778,29.454166666666666,0.012500000000000002,0.0,81.625,75.16666666666667,24.395833333333332,0.012500000000000002,6.5,1008.9416666666666,1008.8416666666667,14.416666666666666,191.125,27.97083333333333,0.20875,0.0,89.6941816123273,High Risk
2021-03-27,0.3223958333333333,29.791666666666668,0.0,0.0,54.625,72.83333333333333,24.09583333333333,0.0,1.625,1008.0,1007.9,14.066666666666668,188.20833333333334,27.508333333333336,0.235,0.0,89.70604016199168,High Risk
2021-03-28,0.21291666666666664,29.8625,0.0,0.0,62.75,73.625,24.354166666666668,0.0,2.0,1007.6458333333334,1007.5458333333332,16.154166666666665,186.41666666666666,31.245833333333334,0.24583333333333332,0.0,89.0930892260605,High Risk
2021-03-29,0.140625,30.0125,0.0,0.0,49.416666666666664,74.25,24.662499999999998,0.0,1.4583333333333333,1006.8041666666667,1006.7041666666668,15.429166666666667,184.45833333333334,29.608333333333334,0.23958333333333334,0.0,88.68834331784335,High Risk
2021-03-30,0.1671527777777778,30.3125,0.0,0.0,54.166666666666664,73.25,24.77916666666667,0.0,1.6666666666666667,1005.5041666666666,1005.4041666666667,14.387500000000001,189.54166666666666,29.59583333333333,0.2325,0.0,88.83686679232841,High Risk
2021-03-31,0.07138888888888889,30.34166666666667,0.008333333333333333,0.0,41.166666666666664,73.66666666666667,24.766666666666666,0.008333333333333333,5.416666666666667,1004.6125000000001,1004.5124999999999,11.445833333333333,195.125,24.40833333333333,0.2304166666666667,0.0,88.30070482553545,High Risk
2021-04-01,0.055694444444444456,30.09166666666667,0.0,0.0,59.541666666666664,72.70833333333333,24.474999999999998,0.0,1.75,1005.1791666666667,1005.0791666666668,11.525,190.75,23.508333333333336,0.17916666666666667,0.0,88.21283491654691,High Risk
2021-04-02,0.029444444444444443,30.2,0.0,0.0,70.91666666666667,70.5,24.020833333333332,0.0,2.2083333333333335,1006.0458333333332,1005.9458333333333,15.654166666666667,184.66666666666666,30.316666666666666,0.25708333333333333,0.0,88.06586666168995,High Risk
2021-04-03,-0.09666666666666668,30.150000000000002,0.05833333333333333,0.0,71.66666666666667,75.20833333333333,25.075,0.05833333333333333,12.5,1006.1458333333334,1006.0458333333332,13.241666666666667,166.45833333333334,27.191666666666666,0.21791666666666665,0.014374999999999999,87.35979695052534,High Risk
2021-04-04,0.06090277777777777,28.7375,0.2125,0.0,97.54166666666667,80.66666666666667,24.97083333333333,0.2125,23.916666666666668,1007.9125,1007.8125,9.195833333333333,164.66666666666666,22.270833333333332,0.1525,1.3812499999999999,88.24199528457409,High Risk
2021-04-05,0.02437500000000001,26.84166666666667,0.30416666666666664,0.0,81.08333333333333,85.75,24.162499999999998,0.30416666666666664,19.583333333333332,1010.0583333333334,1009.9583333333334,6.654166666666666,150.29166666666666,17.658333333333335,0.13541666666666666,6.175416666666667,88.03748390347683,High Risk
2021-04-06,0.24020833333333333,26.770833333333332,0.3458333333333334,0.0,91.875,88.125,24.575,0.3458333333333334,28.125,1010.9791666666666,1010.8791666666666,6.445833333333333,204.125,18.537499999999998,0.11375,23.69541666666667,89.24588955452289,High Risk
2021-04-07,0.0707638888888889,27.125,0.3125,0.0,86.08333333333333,85.91666666666667,24.429166666666664,0.3125,19.333333333333332,1011.4333333333334,1011.3333333333334,7.170833333333333,234.20833333333334,15.725,0.14625000000000002,49.96979166666667,88.2972055813722,High Risk
2021-04-08,0.022847222222222227,28.0625,0.19583333333333333,0.0,66.45833333333333,82.0,24.537499999999998,0.19583333333333333,20.958333333333332,1009.8625000000001,1009.7624999999999,5.55,197.04166666666666,14.054166666666667,0.1729166666666667,60.47083333333333,88.02893019552221,High Risk
2021-04-09,0.14284722222222224,28.7,0.03333333333333333,0.0,57.041666666666664,80.83333333333333,24.929166666666664,0.03333333333333333,12.125,1009.2333333333332,1009.1333333333333,6.675,212.79166666666666,14.933333333333332,0.1975,59.09770833333334,88.70078507486826,High Risk
2021-04-10,0.13868055555555556,28.3625,0.37916666666666665,0.0,83.08333333333333,82.95833333333333,25.070833333333336,0.37916666666666665,19.625,1010.5,1010.4,6.8999999999999995,163.125,15.733333333333334,0.15333333333333335,60.205625,88.67745678044653,High Risk
2021-04-11,0.25569444444444445,27.604166666666668,0.37083333333333335,0.0,97.95833333333333,86.70833333333333,25.070833333333336,0.37083333333333335,30.0,1011.8375,1011.7375000000001,4.2124999999999995,177.58333333333334,14.279166666666667,0.13875,55.166041666666665,89.33259304879034,High Risk
2021-04-12,0.23979166666666665,27.858333333333334,0.049999999999999996,0.0,86.58333333333333,85.95833333333333,25.183333333333334,0.049999999999999996,12.958333333333334,1012.0,1011.9,6.058333333333334,204.83333333333334,15.154166666666667,0.17708333333333334,36.910833333333336,89.24355672508071,High Risk
2021-04-13,0.13798611111111111,28.525000000000002,0.08750000000000001,0.0,91.0,80.41666666666667,24.733333333333334,0.08750000000000001,15.083333333333334,1011.0583333333334,1010.9583333333334,8.370833333333334,192.33333333333334,16.966666666666665,0.15291666666666667,16.20416666666667,88.67356873137624,High Risk
2021-04-14,0.14017361111111112,28.52916666666667,0.22916666666666666,0.0,93.83333333333333,81.5,24.941666666666666,0.22916666666666666,21.541666666666668,1010.6125000000001,1010.5124999999999,9.2875,200.41666666666666,18.629166666666666,0.17125,5.482916666666667,88.68581608594765,High Risk
2021-04-15,0.06756944444444446,28.558333333333334,0.03333333333333333,0.0,84.0,79.08333333333333,24.429166666666664,0.03333333333333333,6.833333333333333,1009.2916666666666,1009.1916666666666,5.8125,204.83333333333334,13.583333333333334,0.20166666666666666,2.0858333333333334,88.27932055564887,High Risk
2021-04-16,0.1126388888888889,29.229166666666668,0.13749999999999998,0.0,81.16666666666667,78.45833333333333,24.991666666666664,0.13749999999999998,17.125,1008.9250000000001,1008.8249999999999,9.341666666666667,200.91666666666666,19.766666666666666,0.20166666666666666,0.8162499999999998,88.53165494031066,High Risk
2021-04-17,0.0027083333333333404,28.645833333333332,0.025000000000000005,0.0,78.375,79.125,24.412499999999998,0.025000000000000005,10.375,1010.4916666666667,1010.3916666666668,5.704166666666667,187.66666666666666,14.2875,0.20666666666666667,0.29020833333333335,87.9161767724838,High Risk
2021-04-18,-0.012361111111111087,28.504166666666666,0.2708333333333333,0.0,64.04166666666667,80.75,24.729166666666668,0.2708333333333333,23.208333333333332,1010.2208333333333,1010.1208333333334,5.683333333333334,194.54166666666666,15.479166666666666,0.20125,1.0416666666666667,87.83180610765852,High Risk
2021-04-19,0.030833333333333334,28.087500000000002,0.20000000000000004,0.0,76.91666666666667,80.79166666666667,24.304166666666664,0.20000000000000004,19.166666666666668,1008.7041666666668,1008.6041666666666,7.083333333333333,177.29166666666666,18.666666666666668,0.19874999999999998,2.2108333333333334,88.07364275983053,High Risk
2021-04-20,0.041631944444444444,28.858333333333334,0.041666666666666664,0.0,88.45833333333333,77.45833333333333,24.433333333333334,0.041666666666666664,16.833333333333332,1008.1833333333334,1008.0833333333334,7.670833333333333,173.95833333333334,17.604166666666668,0.1875,1.6445833333333333,88.13410192287354,High Risk
2021-04-21,0.05770833333333333,28.95,0.2791666666666666,0.0,70.83333333333333,80.45833333333333,25.166666666666668,0.2791666666666666,23.625,1008.5291666666667,1008.4291666666667,5.966666666666666,191.5,14.200000000000001,0.18083333333333332,0.6314583333333333,88.22411025885076,High Risk
2021-04-22,0.010069444444444438,29.416666666666668,0.10416666666666667,0.0,85.20833333333333,78.33333333333333,25.02916666666667,0.10416666666666667,10.958333333333334,1007.9499999999999,1007.85,7.766666666666667,241.29166666666666,17.441666666666666,0.18708333333333335,0.37895833333333334,87.95739009262887,High Risk
2021-04-23,0.0551388888888889,29.895833333333332,0.14583333333333334,0.0,94.16666666666667,75.04166666666667,24.770833333333332,0.14583333333333334,13.5,1006.9499999999999,1006.85,9.987499999999999,228.125,21.179166666666667,0.21583333333333332,0.18895833333333334,88.20972447729068,High Risk
2021-04-24,0.02173611111111111,29.704166666666666,0.13749999999999998,0.0,92.41666666666667,75.70833333333333,24.708333333333332,0.13749999999999998,9.333333333333334,1006.9541666666668,1006.8541666666666,10.2125,202.875,21.712500000000002,0.21791666666666665,0.104375,88.02270931700974,High Risk
2021-04-25,0.07645833333333334,29.754166666666666,0.029166666666666664,0.0,87.125,76.91666666666667,25.079166666666666,0.029166666666666664,8.958333333333334,1007.9,1007.8000000000001,6.954166666666667,200.79166666666666,17.133333333333333,0.19625,0.15354166666666666,88.32908758374856,High Risk
2021-04-26,0.08520833333333333,28.7375,0.42500000000000004,0.0,91.41666666666667,79.5,24.712500000000002,0.42500000000000004,24.375,1008.0291666666667,1007.9291666666667,5.716666666666668,209.41666666666666,15.054166666666667,0.1725,0.3529166666666667,88.37807700203423,High Risk
2021-04-27,0.1070138888888889,27.820833333333336,0.41250000000000003,0.0,97.41666666666667,83.91666666666667,24.679166666666664,0.41250000000000003,20.333333333333332,1009.4583333333334,1009.3583333333332,5.120833333333334,171.25,12.808333333333332,0.1575,7.621666666666667,88.50016174284131,High Risk
2021-04-28,0.046527777777777744,27.3125,0.4708333333333334,0.0,99.04166666666667,85.66666666666667,24.608333333333334,0.4708333333333334,35.166666666666664,1010.8249999999999,1010.725,7.929166666666667,174.75,18.716666666666665,0.15625,33.35625,88.16151266881909,High Risk
2021-04-29,0.11048611111111112,26.724999999999998,0.6791666666666667,0.0,98.54166666666667,86.54166666666667,24.25,0.6791666666666667,49.916666666666664,1010.8625000000001,1010.7624999999999,7.233333333333333,156.0,17.837500000000002,0.13416666666666668,97.80958333333332,88.51960198819276,High Risk
2021-04-30,0.12916666666666668,27.141666666666666,0.2791666666666667,0.0,96.16666666666667,86.375,24.587500000000002,0.2791666666666667,39.75,1010.3958333333334,1010.2958333333332,5.820833333333333,115.20833333333333,16.270833333333332,0.13916666666666666,289.40479166666665,88.62419050818356,High Risk
2021-05-01,0.1411111111111111,27.666666666666668,0.025000000000000005,0.0,78.29166666666667,84.41666666666667,24.724999999999998,0.025000000000000005,14.5,1010.6166666666667,1010.5166666666668,6.25,175.25,15.3375,0.15208333333333332,521.1733333333333,88.69106495219255,High Risk
2021-05-02,0.1498611111111111,28.620833333333334,0.041666666666666664,0.0,56.333333333333336,80.125,24.675,0.041666666666666664,13.875,1010.1333333333333,1010.0333333333333,4.708333333333333,145.70833333333334,12.4625,0.18541666666666667,605.676875,88.74005437047819,High Risk
2021-05-03,0.18243055555555554,29.120833333333334,0.11666666666666665,0.0,73.0,80.66666666666667,25.337500000000002,0.11666666666666665,15.0,1008.4333333333334,1008.3333333333334,2.9916666666666667,255.625,10.045833333333333,0.18375,580.88125,88.92240387187478,High Risk
2021-05-04,0.14958333333333332,29.55,0.5708333333333334,0.0,69.41666666666667,80.45833333333333,25.708333333333332,0.5708333333333334,19.666666666666668,1007.9250000000001,1007.8249999999999,5.533333333333334,212.70833333333334,14.333333333333334,0.19208333333333336,521.889375,88.73849915085007,High Risk
2021-05-05,0.11854166666666666,29.858333333333334,0.0,0.0,75.91666666666667,78.04166666666667,25.395833333333332,0.0,2.4583333333333335,1007.775,1007.6750000000001,5.120833333333334,174.20833333333334,12.970833333333333,0.21208333333333332,468.6214583333333,88.56470335740812,High Risk
2021-05-06,0.1474652777777778,27.170833333333334,0.5416666666666667,0.0,90.58333333333333,86.08333333333333,24.629166666666666,0.5416666666666667,30.416666666666668,1011.1333333333333,1011.0333333333333,7.625,185.54166666666666,16.675,0.07083333333333333,430.5572916666667,88.7266406011857,High Risk
2021-05-07,0.027916666666666663,27.616666666666664,0.07916666666666666,0.0,78.66666666666667,82.75,24.333333333333332,0.07916666666666666,10.666666666666666,1010.7375000000001,1010.6374999999999,7.791666666666667,192.125,18.9875,0.14583333333333334,397.2210416666667,88.0573129537353,High Risk
2021-05-08,0.1478472222222222,28.291666666666668,0.0625,0.0,88.5,83.75,25.129166666666666,0.0625,11.083333333333334,1009.4375,1009.3375,4.520833333333333,229.95833333333334,12.529166666666667,0.15708333333333332,372.6525,88.72877902817434,High Risk
2021-05-09,0.07409722222222222,28.633333333333336,0.09583333333333333,0.0,66.08333333333333,81.125,24.96666666666667,0.09583333333333333,14.791666666666666,1008.4791666666666,1008.3791666666666,5.8125,219.91666666666666,14.779166666666667,0.19541666666666666,366.214375,88.31586821690959,High Risk
2021-05-10,0.12368055555555556,29.820833333333336,0.012500000000000002,0.0,44.25,76.79166666666667,25.066666666666666,0.012500000000000002,7.458333333333333,1007.7083333333334,1007.6083333333332,10.454166666666667,203.91666666666666,20.779166666666665,0.22624999999999998,374.19,88.59347492052827,High Risk
2021-05-11,0.15715277777777778,30.329166666666666,0.04583333333333334,0.0,67.33333333333333,74.25,25.066666666666666,0.04583333333333334,12.291666666666666,1007.0416666666666,1006.9416666666666,10.691666666666668,198.04166666666666,21.445833333333336,0.22958333333333333,382.20979166666666,88.78087888571625,High Risk
2021-05-12,0.11097222222222224,30.45,0.04583333333333334,0.0,42.458333333333336,75.16666666666667,25.4375,0.04583333333333334,15.75,1006.3041666666667,1006.2041666666668,10.825000000000001,189.83333333333334,22.59583333333333,0.23124999999999998,380.22625,88.52232362254196,High Risk
2021-05-13,0.03895833333333335,30.65416666666667,0.012500000000000002,0.0,26.208333333333332,71.54166666666667,24.708333333333332,0.012500000000000002,6.958333333333333,1005.7916666666666,1005.6916666666666,11.591666666666667,192.625,23.15833333333333,0.24208333333333332,373.26854166666664,88.11913293395293,High Risk
2021-05-14,0.07020833333333332,30.954166666666666,0.004166666666666667,0.0,36.583333333333336,71.625,25.045833333333334,0.004166666666666667,3.125,1005.7666666666668,1005.6666666666666,12.033333333333333,182.83333333333334,24.037499999999998,0.24583333333333332,366.8385416666667,88.29409514211596,High Risk
2021-05-15,0.04312499999999999,30.837500000000002,0.012500000000000002,0.0,59.0,73.91666666666667,25.554166666666664,0.012500000000000002,7.791666666666667,1006.5833333333334,1006.4833333333332,12.325000000000001,174.5,24.90416666666667,0.22124999999999997,360.56354166666665,88.14246122837466,High Risk
2021-05-16,0.028472222222222242,30.570833333333336,0.0375,0.0,82.58333333333333,74.04166666666667,25.379166666666666,0.0375,12.666666666666666,1007.1041666666666,1007.0041666666666,12.366666666666667,178.0,24.325,0.17875,354.35437500000006,88.06042339299155,High Risk
2021-05-17,-0.03736111111111112,30.849999999999998,0.012500000000000002,0.0,49.125,73.25,25.27916666666667,0.012500000000000002,7.708333333333333,1007.1416666666668,1007.0416666666666,9.991666666666667,185.20833333333334,20.854166666666668,0.22999999999999998,348.2889583333333,87.6918363411281,High Risk
2021-05-18,0.0069444444444444475,30.59166666666667,0.02916666666666667,0.0,80.33333333333333,74.54166666666667,25.433333333333334,0.02916666666666667,10.583333333333334,1007.65,1007.5500000000001,13.358333333333334,179.25,26.870833333333334,0.21541666666666667,343.42104166666667,87.93989387181257,High Risk
2021-05-19,-0.11166666666666665,29.858333333333334,0.3875,0.0,88.66666666666667,79.0,25.40416666666667,0.3875,26.208333333333332,1007.0208333333334,1006.9208333333332,8.7875,195.625,21.375,0.20375,345.981875,87.2758150906071,High Risk
2021-05-20,-0.18256944444444442,29.7,0.14166666666666666,0.0,96.875,81.125,25.954166666666666,0.14166666666666666,25.25,1007.0291666666667,1006.9291666666667,7.2124999999999995,191.375,17.054166666666667,0.16541666666666668,368.09270833333335,86.8788452805305,High Risk
2021-05-21,-0.08500000000000002,30.3,0.0625,0.0,86.29166666666667,72.95833333333333,24.704166666666666,0.0625,11.0,1006.9125,1006.8125,10.991666666666667,233.5,22.59583333333333,0.23625,407.9314583333333,87.42511617490621,High Risk
2021-05-22,-0.22680555555555557,30.229166666666668,0.15,0.0,73.95833333333333,68.41666666666667,23.59166666666667,0.15,9.083333333333334,1006.0708333333333,1005.9708333333333,12.179166666666667,238.375,26.8875,0.24166666666666667,434.36291666666665,86.63117655475305,High Risk
2021-05-23,-0.19534722222222223,31.02916666666667,0.049999999999999996,0.0,42.5,64.75,23.370833333333334,0.049999999999999996,11.416666666666666,1006.0208333333334,1005.9208333333332,13.625,225.875,30.504166666666666,0.25166666666666665,440.4902083333334,86.80730517763718,High Risk
2021-05-24,-0.09166666666666667,30.775000000000002,0.09583333333333334,0.0,89.5,66.20833333333333,23.441666666666666,0.09583333333333334,7.166666666666667,1006.7958333333332,1006.6958333333333,11.383333333333333,223.41666666666666,24.5125,0.225,451.60395833333337,87.38779090383143,High Risk
2021-05-25,-0.06013888888888889,29.78333333333333,0.08750000000000001,0.0,98.79166666666667,70.95833333333333,23.766666666666666,0.08750000000000001,13.166666666666666,1006.8625000000001,1006.7624999999999,10.604166666666666,230.91666666666666,23.59166666666667,0.1758333333333333,469.6935416666667,87.56430833162258,High Risk
2021-05-26,-0.05923611111111112,29.7,0.0,0.0,99.0,69.16666666666667,23.329166666666666,0.0,3.0,1006.6833333333334,1006.5833333333334,9.195833333333333,243.83333333333334,21.233333333333334,0.14125000000000001,478.73,87.56936279541397,High Risk
2021-05-27,-0.03305555555555557,29.579166666666666,0.3041666666666667,0.0,97.125,72.70833333333333,23.916666666666668,0.3041666666666667,22.375,1006.5833333333334,1006.4833333333332,9.858333333333333,221.70833333333334,22.8,0.16541666666666668,485.71625,87.71594224536388,High Risk
2021-05-28,0.010208333333333347,28.0,0.6708333333333334,0.0,95.54166666666667,84.5,25.02916666666667,0.6708333333333334,45.25,1008.3208333333333,1008.2208333333333,9.487499999999999,137.04166666666666,20.004166666666666,0.13958333333333334,510.24854166666665,87.95816770244292,High Risk
2021-05-29,0.03381944444444443,28.895833333333332,0.32916666666666666,0.0,75.08333333333333,80.04166666666667,24.90833333333333,0.32916666666666666,27.916666666666668,1008.1541666666667,1008.0541666666667,13.420833333333334,182.0,28.729166666666668,0.2070833333333333,551.2335416666666,88.09036137083278,High Risk
2021-05-30,0.11541666666666668,29.795833333333334,0.012500000000000002,0.0,41.5,73.125,24.349999999999998,0.012500000000000002,5.375,1007.2791666666667,1007.1791666666667,15.208333333333334,197.91666666666666,29.72083333333333,0.24166666666666667,601.04125,88.54720713659182,High Risk
2021-05-31,-0.03562500000000001,30.175,0.03333333333333333,0.0,18.291666666666668,71.33333333333333,24.195833333333336,0.03333333333333333,6.708333333333333,1006.3000000000001,1006.1999999999999,13.258333333333333,214.375,27.170833333333334,0.25166666666666665,649.339375,87.70155646380381,High Risk
2021-06-01,-0.0701388888888889,30.870833333333334,0.004166666666666667,0.0,17.125,69.04166666666667,24.21666666666667,0.004166666666666667,2.4583333333333335,1006.5708333333333,1006.4708333333333,12.495833333333332,206.5,25.695833333333336,0.26708333333333334,687.174375,87.50832042501041,High Risk
2021-06-02,-0.06916666666666667,31.5625,0.012500000000000002,0.0,34.916666666666664,67.33333333333333,24.3625,0.012500000000000002,5.208333333333333,1006.5916666666667,1006.4916666666667,11.445833333333333,215.33333333333334,24.645833333333332,0.2654166666666667,702.91375,87.51376369370882,High Risk
2021-06-03,-0.06583333333333334,31.891666666666666,0.0,0.0,41.916666666666664,66.16666666666667,24.45,0.0,1.1666666666666667,1007.3041666666667,1007.2041666666668,11.945833333333333,202.95833333333334,26.337500000000002,0.26166666666666666,686.9091666666667,87.5324263292462,High Risk
2021-06-04,-0.1317361111111111,32.204166666666666,0.04583333333333334,0.0,73.375,64.83333333333333,24.270833333333332,0.04583333333333334,12.5,1007.1708333333332,1007.0708333333333,13.479166666666666,228.33333333333334,28.7625,0.27166666666666667,649.6485416666666,87.16345047247572,High Risk
2021-06-05,-0.10020833333333334,31.241666666666664,0.35833333333333334,0.0,88.5,67.66666666666667,24.354166666666668,0.35833333333333334,16.75,1007.2166666666667,1007.1166666666667,12.504166666666668,235.16666666666666,28.8125,0.23958333333333334,606.9733333333332,87.33996790026687,High Risk
2021-06-06,-0.12871527777777778,30.170833333333334,0.5,0.0,96.79166666666667,67.58333333333333,23.333333333333332,0.5,12.125,1006.6541666666667,1006.5541666666667,12.579166666666666,233.375,26.0,0.17791666666666664,567.6025,87.18036348593148,High Risk
2021-06-07,-0.1267361111111111,30.491666666666664,0.012499999999999999,0.0,99.08333333333333,62.291666666666664,22.349999999999998,0.012499999999999999,5.0,1006.5291666666667,1006.4291666666667,14.65,239.20833333333334,30.645833333333332,0.1775,532.67,87.19144442578181,High Risk
2021-06-08,-0.08895833333333335,30.40833333333333,0.008333333333333333,0.0,96.20833333333333,63.791666666666664,22.59583333333333,0.008333333333333333,4.958333333333333,1006.775,1006.6750000000001,15.466666666666667,224.08333333333334,32.729166666666664,0.24250000000000002,504.279375,87.40295429520556,High Risk
2021-06-09,-0.0729861111111111,29.404166666666665,0.08333333333333333,0.0,97.75,70.79166666666667,23.233333333333334,0.08333333333333333,19.041666666666668,1006.6750000000001,1006.5749999999999,12.670833333333334,224.375,27.212500000000002,0.16416666666666666,496.56395833333335,87.49237942382221,High Risk
2021-06-10,-0.16548611111111108,27.78333333333333,0.37083333333333335,0.0,99.625,81.95833333333333,24.370833333333334,0.37083333333333335,34.25,1006.0958333333333,1005.9958333333334,10.366666666666667,219.79166666666666,24.462500000000002,0.09583333333333333,530.7129166666666,86.97449128765965,High Risk
2021-06-11,-0.2532638888888889,28.995833333333334,0.0375,0.0,95.875,72.875,23.5625,0.0375,11.0,1005.3791666666666,1005.2791666666667,10.216666666666667,231.25,22.979166666666668,0.135,619.5170833333333,86.48304188517501,High Risk
2021-06-12,-0.19645833333333332,29.070833333333336,0.03333333333333333,0.0,99.625,70.20833333333333,22.958333333333332,0.03333333333333333,11.0,1006.2875,1006.1875,10.495833333333334,237.16666666666666,22.97083333333333,0.13916666666666666,728.9164583333333,86.80108429912471,High Risk
2021-06-13,-0.1052777777777778,28.245833333333334,0.07916666666666666,0.0,100.0,77.29166666666667,23.791666666666668,0.07916666666666666,19.166666666666668,1006.7375000000001,1006.6374999999999,9.541666666666666,211.54166666666666,19.745833333333334,0.09749999999999999,816.7639583333333,87.31158514205376,High Risk
2021-06-14,-0.023541666666666655,29.208333333333332,0.049999999999999996,0.0,99.75,71.25,23.329166666666666,0.049999999999999996,13.0,1006.9499999999999,1006.85,11.895833333333334,221.04166666666666,28.412499999999998,0.17791666666666664,896.6972916666667,87.76920851762685,High Risk
2021-06-15,-0.128125,27.724999999999998,0.3,0.0,97.625,81.5,24.170833333333334,0.3,25.791666666666668,1007.025,1006.9250000000001,9.375,201.20833333333334,19.316666666666666,0.09958333333333334,984.4318749999999,87.18366832764121,High Risk
2021-06-16,-0.09041666666666666,28.775000000000002,0.04583333333333333,0.0,93.20833333333333,76.625,24.079166666666666,0.04583333333333333,12.916666666666666,1008.025,1007.9250000000001,11.475,210.08333333333334,23.083333333333332,0.15833333333333333,1088.3208333333334,87.39478939215796,High Risk
2021-06-17,-0.15826388888888884,28.97083333333333,0.024999999999999998,0.0,89.5,74.58333333333333,23.900000000000002,0.024999999999999998,8.833333333333334,1009.3166666666666,1009.2166666666667,9.620833333333334,207.875,21.270833333333332,0.16666666666666666,1230.04125,87.01492699799064,High Risk
2021-06-18,-0.15729166666666664,29.74166666666667,0.08333333333333333,0.0,57.583333333333336,72.45833333333333,23.9375,0.08333333333333333,12.166666666666666,1010.0958333333333,1009.9958333333334,11.204166666666666,227.95833333333334,24.212500000000002,0.2325,1381.3964583333334,87.02037026668906,High Risk
2021-06-19,-0.21756944444444445,30.483333333333334,0.037500000000000006,0.0,42.583333333333336,69.66666666666667,23.6125,0.037500000000000006,11.583333333333334,1009.125,1009.025,12.008333333333333,242.70833333333334,25.47083333333333,0.2554166666666667,1455.9352083333333,86.6828876073879,High Risk
2021-06-20,-0.14131944444444444,30.925,0.012500000000000002,0.0,46.5,65.125,22.995833333333334,0.012500000000000002,5.583333333333333,1007.6833333333334,1007.5833333333334,12.9,247.04166666666666,28.28333333333333,0.26375,1420.4652083333333,87.10979539530571,High Risk
2021-06-21,-0.1676388888888889,30.191666666666666,0.6208333333333332,0.0,58.375,66.16666666666667,22.916666666666668,0.6208333333333332,13.375,1006.9250000000001,1006.8249999999999,13.1875,237.95833333333334,27.741666666666664,0.23791666666666667,1320.92375,86.96243833554175,High Risk
2021-06-22,-0.144375,29.641666666666666,0.15416666666666667,0.0,66.29166666666667,68.0,22.96666666666667,0.15416666666666667,14.625,1007.875,1007.775,11.25,237.70833333333334,24.483333333333334,0.22291666666666665,1211.451875,87.09268797939644,High Risk
2021-06-23,-0.06201388888888889,29.708333333333332,0.2916666666666667,0.0,92.125,67.25,22.84166666666667,0.2916666666666667,14.041666666666666,1008.7541666666666,1008.6541666666667,12.395833333333334,238.70833333333334,27.116666666666664,0.22791666666666666,1118.3397916666665,87.5538105991328,High Risk
2021-06-24,-0.2664583333333333,30.066666666666666,0.08333333333333333,0.0,91.58333333333333,62.958333333333336,21.958333333333332,0.08333333333333333,11.166666666666666,1007.2458333333334,1007.1458333333334,13.383333333333333,256.4166666666667,28.741666666666664,0.2529166666666667,1039.935,86.40916895283952,High Risk
2021-06-25,-0.13618055555555555,29.65833333333333,0.09999999999999999,0.0,96.45833333333333,67.83333333333333,22.84166666666667,0.09999999999999999,15.25,1006.3375,1006.2375000000001,12.204166666666666,229.66666666666666,26.241666666666664,0.2354166666666667,972.35875,87.13856695842587,High Risk
2021-06-26,-0.03430555555555556,29.566666666666666,0.041666666666666664,0.0,66.875,72.70833333333333,23.958333333333332,0.041666666666666664,12.291666666666666,1007.3166666666666,1007.2166666666667,12.387500000000001,207.25,25.429166666666664,0.23166666666666666,919.58625,87.70894375703736,High Risk
2021-06-27,0.0340277777777778,30.270833333333332,0.012499999999999999,0.0,39.583333333333336,71.0,24.087500000000002,0.012499999999999999,3.2083333333333335,1008.9,1008.8000000000001,13.666666666666666,200.25,28.087500000000002,0.2575,878.9691666666666,88.09152778555386,High Risk
2021-06-28,-0.045347222222222226,29.479166666666668,0.325,0.0,83.0,73.79166666666667,23.870833333333334,0.325,19.958333333333332,1008.6125000000001,1008.5124999999999,7.3625,234.79166666666666,19.0625,0.15708333333333332,850.603125,87.64712377681975,High Risk
2021-06-29,-0.07503472222222222,29.375,0.2708333333333333,0.0,87.04166666666667,77.83333333333333,24.808333333333334,0.2708333333333333,23.708333333333332,1007.65,1007.5500000000001,9.3125,214.91666666666666,20.708333333333332,0.17500000000000002,840.4,87.48090967906487,High Risk
2021-06-30,-0.07604166666666666,29.266666666666666,0.25,0.0,95.20833333333333,75.04166666666667,24.1875,0.25,25.75,1007.5166666666668,1007.4166666666666,10.950000000000001,227.125,24.71666666666667,0.18833333333333332,845.0670833333334,87.47527200791295,High Risk
2021-07-01,-0.10236111111111111,29.833333333333332,0.0,0.0,87.625,68.70833333333333,23.125,0.0,2.75,1007.5958333333333,1007.4958333333334,11.504166666666668,221.375,25.087500000000002,0.2504166666666667,853.9110416666666,87.32791494814897,High Risk
2021-07-02,-0.08513888888888889,30.133333333333336,0.0,0.0,76.95833333333333,70.375,23.84166666666667,0.0,2.4166666666666665,1008.5583333333334,1008.4583333333334,10.008333333333333,219.41666666666666,23.383333333333336,0.23625,852.3654166666666,87.42433856509216,High Risk
2021-07-03,-0.15256944444444445,31.233333333333334,0.03333333333333333,0.0,47.583333333333336,64.29166666666667,23.083333333333332,0.03333333333333333,5.666666666666667,1007.5124999999999,1007.4125,10.25,253.79166666666666,23.570833333333336,0.26125000000000004,840.6572916666668,87.04680900036703,High Risk
2021-07-04,-0.052638888888888895,31.833333333333332,0.029166666666666664,0.0,38.083333333333336,62.875,23.320833333333336,0.029166666666666664,3.1666666666666665,1006.0124999999999,1005.9125,12.741666666666667,253.41666666666666,27.087500000000002,0.2704166666666667,827.2927083333334,87.60629926158171,High Risk
2021-07-05,-0.058472222222222224,31.754166666666666,0.09166666666666667,0.0,79.29166666666667,60.916666666666664,22.6125,0.09166666666666667,12.583333333333334,1004.9291666666667,1004.8291666666668,13.5875,255.0,27.96666666666667,0.27666666666666667,812.176875,87.57363964939128,High Risk
2021-07-06,-0.07267361111111112,29.53333333333333,0.9416666666666668,0.0,99.41666666666667,75.125,24.3875,0.9416666666666668,23.166666666666668,1004.7125,1004.6125000000001,10.2875,228.20833333333334,23.566666666666666,0.15875,800.8389583333333,87.49412904590385,High Risk
2021-07-07,-0.21291666666666667,28.537499999999998,0.44166666666666665,0.0,97.79166666666667,78.54166666666667,24.320833333333336,0.44166666666666665,22.083333333333332,1005.8083333333334,1005.7083333333334,9.641666666666667,246.66666666666666,21.616666666666664,0.15208333333333332,796.9900000000001,86.70893753615884,High Risk
2021-07-08,-0.06250000000000001,28.27916666666667,0.7124999999999999,0.0,99.08333333333333,77.66666666666667,23.916666666666668,0.7124999999999999,21.666666666666668,1005.8708333333334,1005.7708333333334,9.0,236.79166666666666,21.125,0.16333333333333333,797.8716666666668,87.5510889647836,High Risk
2021-07-09,0.021944444444444457,27.041666666666668,0.5,0.0,99.625,85.54166666666667,24.34166666666667,0.5,38.666666666666664,1005.2083333333334,1005.1083333333332,6.995833333333334,173.70833333333334,17.716666666666665,0.11583333333333334,827.1870833333334,88.02387573173083,High Risk
2021-07-10,-0.011006944444444444,26.287499999999998,0.8624999999999999,0.0,96.29166666666667,90.29166666666667,24.55,0.8624999999999999,54.583333333333336,1005.1999999999999,1005.1,10.383333333333333,125.54166666666667,21.15,0.09833333333333333,920.0812500000001,87.83938780334559,High Risk
2021-07-11,0.06048611111111111,26.7,1.0250000000000001,0.0,96.79166666666667,89.41666666666667,24.7625,1.0250000000000001,52.0,1007.2708333333334,1007.1708333333332,12.1875,152.125,23.166666666666668,0.07375,1052.7454166666666,88.2396624551319,High Risk
2021-07-12,0.019861111111111125,28.195833333333336,0.1875,0.0,88.125,82.20833333333333,24.754166666666666,0.1875,21.416666666666668,1008.7916666666666,1008.6916666666666,8.045833333333333,181.125,17.695833333333333,0.1875,1186.5820833333332,88.01221158451996,High Risk
2021-07-13,0.018125000000000002,28.337500000000002,0.23750000000000002,0.0,95.66666666666667,83.79166666666667,25.241666666666664,0.23750000000000002,22.0,1007.5625,1007.4625,4.883333333333334,210.58333333333334,12.975,0.15041666666666667,1293.6364583333332,88.00249146184423,High Risk
2021-07-14,-0.02847222222222223,27.816666666666666,0.7833333333333333,0.0,94.91666666666667,86.20833333333333,25.208333333333332,0.7833333333333333,35.666666666666664,1006.6999999999999,1006.6,5.5249999999999995,203.625,14.0625,0.12916666666666668,1399.008125,87.74160336922779,High Risk
2021-07-15,-0.1623611111111111,26.775000000000002,0.375,0.0,99.16666666666667,87.25,24.416666666666668,0.375,40.333333333333336,1007.6750000000001,1007.5749999999999,6.8125,195.375,15.216666666666667,0.10208333333333335,1496.0283333333334,86.99198750847594,High Risk
2021-07-16,0.07784722222222222,27.575,0.37916666666666665,0.0,94.79166666666667,84.41666666666667,24.604166666666668,0.37916666666666665,36.291666666666664,1009.2208333333333,1009.1208333333334,7.708333333333333,172.20833333333334,16.458333333333332,0.13666666666666666,1460.6270833333335,88.33686368188916,High Risk
2021-07-17,-0.06229166666666667,27.941666666666666,0.4375,0.0,59.916666666666664,82.04166666666667,24.483333333333334,0.4375,27.25,1007.6541666666667,1007.5541666666667,9.341666666666667,233.375,22.391666666666666,0.1925,1322.0152083333335,87.55225537950469,High Risk
2021-07-18,-0.075,28.083333333333332,0.11666666666666665,0.0,96.29166666666667,78.54166666666667,23.90833333333333,0.11666666666666665,15.25,1006.0708333333333,1005.9708333333333,12.729166666666666,246.625,28.8125,0.1475,1220.9795833333333,87.4811040815184,High Risk
2021-07-19,-0.08944444444444444,27.541666666666668,0.15833333333333335,0.0,98.875,81.20833333333333,23.929166666666664,0.15833333333333335,21.5,1006.3583333333332,1006.2583333333333,11.049999999999999,234.29166666666666,23.929166666666664,0.11833333333333333,1194.1979166666667,87.40023266085636,High Risk
2021-07-20,0.011180555555555555,27.7,0.325,0.0,90.58333333333333,81.83333333333333,24.2375,0.325,31.916666666666668,1006.8583333333332,1006.7583333333333,16.320833333333333,212.91666666666666,33.704166666666666,0.17125,1217.33125,87.96361097114134,High Risk
2021-07-21,0.10979166666666666,28.087500000000002,0.049999999999999996,0.0,93.45833333333333,79.79166666666667,24.208333333333332,0.049999999999999996,13.0,1006.4291666666667,1006.3291666666668,15.141666666666666,203.33333333333334,29.0,0.15875,1239.165625,88.51571393912248,High Risk
2021-07-22,0.054097222222222234,28.520833333333332,0.20833333333333334,0.0,81.08333333333333,79.0,24.479166666666668,0.20833333333333334,17.333333333333332,1006.1708333333332,1006.0708333333333,14.799999999999999,200.66666666666666,30.9375,0.16416666666666666,1240.65,88.20389240368523,High Risk
2021-07-23,-0.045798611111111116,28.054166666666664,0.10833333333333334,0.0,94.83333333333333,82.66666666666667,24.7625,0.10833333333333334,19.125,1006.3541666666666,1006.2541666666666,10.6,220.29166666666666,23.912499999999998,0.13875,1251.7139583333335,87.64459654492407,High Risk
2021-07-24,-0.017430555555555557,27.5,0.37083333333333335,0.0,99.625,87.29166666666667,25.166666666666668,0.37083333333333335,39.916666666666664,1006.125,1006.025,9.924999999999999,221.41666666666666,25.070833333333336,0.07083333333333333,1302.61,87.8034233494454,High Risk
2021-07-25,-0.08201388888888887,27.1875,0.3625,0.0,99.875,87.83333333333333,24.96666666666667,0.3625,41.75,1006.3083333333334,1006.2083333333334,10.0375,216.70833333333334,23.679166666666664,0.07166666666666667,1428.565625,87.44183478590845,High Risk
2021-07-26,-0.11118055555555557,28.208333333333332,0.03333333333333333,0.0,98.08333333333333,80.75,24.504166666666666,0.03333333333333333,11.0,1005.5791666666668,1005.4791666666666,12.241666666666667,230.875,24.433333333333334,0.15041666666666667,1604.693125,87.2785367249563,High Risk
2021-07-27,-0.0275,28.025000000000002,0.2333333333333333,0.0,85.79166666666667,82.20833333333333,24.645833333333332,0.2333333333333333,23.416666666666668,1005.1958333333333,1005.0958333333333,10.991666666666667,218.75,27.454166666666666,0.14166666666666666,1747.4470833333335,87.7470466379262,High Risk
2021-07-28,-0.10725694444444446,28.566666666666666,0.5,0.0,89.79166666666667,80.5,24.795833333333334,0.5,19.833333333333332,1005.0833333333334,1004.9833333333332,11.283333333333333,228.20833333333334,26.991666666666664,0.16,1844.8191666666664,87.30050420220343,High Risk
2021-07-29,-0.10493055555555554,28.325,0.2333333333333333,0.0,92.08333333333333,80.41666666666667,24.566666666666666,0.2333333333333333,20.208333333333332,1005.7083333333334,1005.6083333333332,10.483333333333333,227.95833333333334,23.858333333333334,0.18375,1916.7454166666666,87.31352916658889,High Risk
2021-07-30,-0.12118055555555556,28.691666666666666,0.3666666666666667,0.0,86.16666666666667,79.95833333333333,24.791666666666668,0.3666666666666667,15.833333333333334,1007.025,1006.9250000000001,11.758333333333333,233.75,25.170833333333334,0.1875,1946.5066666666664,87.22254881834411,High Risk
2021-07-31,-0.09486111111111112,28.65833333333333,0.375,0.0,95.5,78.83333333333333,24.554166666666664,0.375,22.75,1007.0583333333334,1006.9583333333334,10.970833333333333,238.5,25.837500000000002,0.16916666666666666,1936.0222916666664,87.3699058781081,High Risk
2021-08-01,-0.14395833333333333,28.791666666666668,0.08333333333333333,0.0,94.58333333333333,74.95833333333333,23.829166666666666,0.08333333333333333,19.041666666666668,1006.2875,1006.1875,12.1875,239.29166666666666,24.979166666666668,0.19000000000000003,1892.8608333333332,87.09502080883863,High Risk
2021-08-02,-0.19211805555555558,28.537499999999998,0.05833333333333334,0.0,93.33333333333333,75.375,23.679166666666664,0.05833333333333334,17.083333333333332,1006.3833333333333,1006.2833333333333,11.370833333333332,230.625,24.308333333333334,0.16749999999999998,1828.8133333333333,86.82538460581402,High Risk
2021-08-03,-0.13090277777777778,28.541666666666668,0.3333333333333333,0.0,88.0,75.79166666666667,23.791666666666668,0.3333333333333333,14.0,1007.0208333333334,1006.9208333333332,11.433333333333332,235.54166666666666,25.179166666666664,0.16208333333333333,1776.091875,87.16811613136007,High Risk
2021-08-04,-0.10923611111111113,28.412499999999998,0.07083333333333333,0.0,75.125,77.79166666666667,24.087500000000002,0.07083333333333333,16.583333333333332,1007.4583333333334,1007.3583333333332,10.941666666666668,218.04166666666666,24.8,0.16416666666666666,1754.9841666666669,87.28942326235311,High Risk
2021-08-05,-0.16034722222222222,28.53333333333333,0.07916666666666668,0.0,87.5,77.33333333333333,24.104166666666668,0.07916666666666668,18.916666666666668,1006.9666666666667,1006.8666666666667,11.491666666666667,214.16666666666666,24.662499999999998,0.16,1792.4879166666667,87.00326285077978,High Risk
2021-08-06,-0.1252777777777778,28.495833333333334,0.14166666666666666,0.0,89.08333333333333,77.875,24.2375,0.14166666666666666,17.208333333333332,1007.5375,1007.4375,10.741666666666667,213.04166666666666,24.59583333333333,0.15,1891.9858333333332,87.19960932882942,High Risk
2021-08-07,-0.09472222222222222,28.879166666666666,0.21666666666666667,0.0,97.58333333333333,76.375,24.224999999999998,0.21666666666666667,13.916666666666666,1008.6291666666666,1008.5291666666667,10.333333333333334,225.95833333333334,23.22083333333333,0.17541666666666667,1975.1516666666666,87.37068348792216,High Risk
2021-08-08,-0.22506944444444443,28.795833333333334,0.09583333333333333,0.0,96.70833333333333,77.54166666666667,24.320833333333336,0.09583333333333333,13.208333333333334,1008.375,1008.275,10.5875,242.95833333333334,22.616666666666664,0.20958333333333334,1998.86,86.64089667742878,High Risk
2021-08-09,-0.1333333333333333,29.037499999999998,0.09583333333333333,0.0,87.16666666666667,77.33333333333333,24.53333333333333,0.09583333333333333,13.208333333333334,1006.9958333333334,1006.8958333333334,10.545833333333333,238.66666666666666,23.25,0.20541666666666666,1983.5410416666666,87.15450795961405,High Risk
2021-08-10,-0.04951388888888889,29.525000000000002,0.08333333333333333,0.0,95.83333333333333,75.45833333333333,24.537499999999998,0.08333333333333333,17.125,1005.1791666666667,1005.0791666666668,11.870833333333332,223.875,24.483333333333334,0.22166666666666668,1936.975625,87.62379548239801,High Risk
2021-08-11,0.08048611111111109,28.675,0.4875,0.0,99.41666666666667,81.70833333333333,25.1375,0.4875,26.583333333333332,1006.9958333333334,1006.8958333333334,11.658333333333333,198.70833333333334,24.958333333333332,0.15666666666666668,1883.6785416666664,88.35163826835625,High Risk
2021-08-12,0.09868055555555555,28.308333333333334,0.29583333333333334,0.0,97.83333333333333,82.45833333333333,24.933333333333334,0.29583333333333334,32.25,1009.2083333333334,1009.1083333333332,13.616666666666667,185.5,27.241666666666664,0.15375,1832.7856249999998,88.45350515399784,High Risk
2021-08-13,0.06868055555555555,28.416666666666668,0.4166666666666667,0.0,97.75,78.83333333333333,24.333333333333332,0.4166666666666667,24.416666666666668,1008.0749999999999,1007.975,11.629166666666668,209.875,25.058333333333334,0.14791666666666667,1765.0379166666664,88.28554143416133,High Risk
2021-08-14,0.09173611111111112,27.8125,0.16666666666666666,0.0,98.70833333333333,81.0,24.224999999999998,0.16666666666666666,29.5,1006.7583333333333,1006.6583333333333,11.512500000000001,208.45833333333334,23.22083333333333,0.11916666666666668,1709.74625,88.41462466329494,High Risk
2021-08-15,0.1329861111111111,27.183333333333334,0.325,0.0,99.33333333333333,85.5,24.495833333333334,0.325,46.0,1008.6,1008.5,14.591666666666667,193.75,28.974999999999998,0.09625,1697.087083333333,88.64557477807014,High Risk
2021-08-16,0.06791666666666667,27.008333333333336,0.3958333333333333,0.0,76.70833333333333,85.33333333333333,24.266666666666666,0.3958333333333333,33.291666666666664,1011.7208333333333,1011.6208333333334,11.166666666666666,184.0,21.675,0.10541666666666667,1712.506666666667,88.281264580184,High Risk
2021-08-17,-0.008958333333333327,28.433333333333334,0.020833333333333332,0.0,44.458333333333336,80.95833333333333,24.616666666666664,0.020833333333333332,5.5,1010.8958333333334,1010.7958333333332,5.379166666666666,177.875,14.858333333333334,0.21833333333333335,1759.8335416666666,87.85085754810294,High Risk
2021-08-18,0.002569444444444439,29.170833333333334,0.0,0.0,51.583333333333336,74.125,23.795833333333334,0.0,1.625,1008.7333333333332,1008.6333333333333,7.970833333333334,254.33333333333334,17.341666666666665,0.22916666666666666,1848.944375,87.91539916266974,High Risk
2021-08-19,-0.020069444444444442,28.912499999999998,0.05416666666666666,0.0,83.83333333333333,73.33333333333333,23.558333333333334,0.05416666666666666,8.958333333333334,1007.7916666666666,1007.6916666666666,7.504166666666666,227.16666666666666,16.662499999999998,0.19791666666666666,1934.374375,87.7886487629783,High Risk
2021-08-20,-0.016666666666666653,29.291666666666668,0.075,0.0,93.70833333333333,76.33333333333333,24.566666666666666,0.075,13.166666666666666,1008.4916666666667,1008.3916666666668,5.679166666666667,204.91666666666666,13.666666666666666,0.19833333333333333,1962.553541666667,87.80770020342271,High Risk
2021-08-21,0.05454861111111112,28.508333333333336,0.125,0.0,79.375,80.54166666666667,24.754166666666666,0.125,11.416666666666666,1009.2958333333332,1009.1958333333333,8.112499999999999,168.625,17.3125,0.1625,1928.069375,88.20641963558093,High Risk
2021-08-22,0.008854166666666656,28.55,0.49583333333333335,0.0,88.66666666666667,81.41666666666667,24.9875,0.49583333333333335,26.708333333333332,1008.375,1008.275,8.308333333333334,190.625,18.729166666666668,0.17416666666666666,1856.8064583333335,87.95058600675587,High Risk
2021-08-23,-0.1261111111111111,28.662499999999998,0.2541666666666667,0.0,86.75,77.29166666666667,24.129166666666666,0.2541666666666667,9.458333333333334,1007.15,1007.0500000000001,11.120833333333332,235.625,22.879166666666666,0.20333333333333334,1775.3625,87.19494366994506,High Risk
2021-08-24,0.007291666666666659,28.474999999999998,0.45,0.0,83.08333333333333,77.58333333333333,24.054166666666664,0.45,20.625,1005.975,1005.875,10.1,230.70833333333334,22.354166666666668,0.19666666666666666,1699.0714583333336,87.94183789634772,High Risk
2021-08-25,0.0008333333333333526,27.645833333333332,0.9416666666666668,0.0,98.29166666666667,84.20833333333333,24.604166666666668,0.9416666666666668,46.166666666666664,1005.7458333333334,1005.6458333333334,7.879166666666666,199.29166666666666,19.0,0.1445833333333333,1644.26875,87.90567903999401,High Risk
2021-08-26,0.03902777777777777,26.883333333333336,0.6791666666666667,0.0,98.25,86.91666666666667,24.454166666666666,0.6791666666666667,47.333333333333336,1006.3541666666666,1006.2541666666666,8.141666666666667,177.5,16.925,0.10333333333333333,1655.6431249999998,88.11952173885996,High Risk
2021-08-27,0.11798611111111111,26.116666666666664,0.8250000000000001,0.0,98.66666666666667,89.41666666666667,24.2,0.8250000000000001,42.0,1006.9708333333333,1006.8708333333334,6.8625,174.25,17.833333333333332,0.09000000000000001,1741.3960416666666,88.5615929181519,High Risk
2021-08-28,0.15291666666666667,26.458333333333332,0.17500000000000002,0.0,96.25,86.29166666666667,23.9375,0.17500000000000002,19.5,1007.1583333333333,1007.0583333333334,9.216666666666667,186.45833333333334,18.858333333333334,0.08416666666666667,1853.1610416666665,88.75716178638746,High Risk
2021-08-29,0.063125,26.508333333333336,0.47500000000000003,0.0,96.95833333333333,86.75,24.09166666666667,0.47500000000000003,43.083333333333336,1007.5416666666666,1007.4416666666666,8.0375,160.83333333333334,16.825,0.10875,2004.0716666666667,88.254437041599,High Risk
2021-08-30,0.1125,27.683333333333334,0.2791666666666667,0.0,95.25,84.625,24.770833333333332,0.2791666666666667,25.625,1008.2375000000001,1008.1374999999999,4.825,150.79166666666666,11.825000000000001,0.14916666666666667,2197.4920833333335,88.53087733049661,High Risk
2021-08-31,0.09288194444444443,27.479166666666668,0.7791666666666667,0.0,98.95833333333333,85.25,24.704166666666666,0.7791666666666667,34.75,1008.8166666666666,1008.7166666666667,5.308333333333334,252.0,13.645833333333334,0.12791666666666665,2371.1745833333334,88.42103994426093,High Risk
2021-09-01,0.02854166666666665,26.770833333333332,0.7000000000000001,0.0,98.875,87.375,24.429166666666664,0.7000000000000001,39.083333333333336,1008.5875,1008.4875000000001,4.170833333333333,210.625,11.049999999999999,0.12375000000000001,2494.908125,88.06081219789858,High Risk
2021-09-02,0.10166666666666667,27.09583333333333,0.4791666666666667,0.0,96.95833333333333,85.04166666666667,24.25,0.4791666666666667,22.416666666666668,1007.7208333333333,1007.6208333333334,5.708333333333333,218.875,14.387500000000001,0.16208333333333333,2568.518541666667,88.47022376500009,High Risk
2021-09-03,-0.11249999999999999,26.920833333333334,0.19166666666666668,0.0,99.54166666666667,83.58333333333333,23.833333333333332,0.19166666666666668,27.583333333333332,1007.4499999999999,1007.35,8.566666666666666,234.66666666666666,20.495833333333334,0.11708333333333333,2601.7954166666664,87.27114943172273,High Risk
2021-09-04,0.03819444444444444,27.4375,0.19166666666666665,0.0,94.20833333333333,80.58333333333333,23.708333333333332,0.19166666666666665,25.458333333333332,1007.7624999999999,1007.6625,9.308333333333334,216.95833333333334,23.329166666666666,0.15791666666666668,2611.16,88.11485607997561,High Risk
2021-09-05,0.12482638888888888,26.775000000000002,0.4875,0.0,90.70833333333333,85.58333333333333,24.079166666666666,0.4875,28.208333333333332,1008.6750000000001,1008.5749999999999,6.4875,222.70833333333334,16.8,0.09375,2608.280208333333,88.59989020149425,High Risk
2021-09-06,-0.0016666666666666635,27.791666666666668,0.0625,0.0,80.75,80.41666666666667,23.983333333333334,0.0625,10.666666666666666,1009.1708333333332,1009.0708333333333,6.8374999999999995,271.6666666666667,14.733333333333334,0.15833333333333333,2610.914375,87.89168206334098,High Risk
2021-09-07,0.048263888888888905,27.03333333333333,0.9,0.0,99.66666666666667,85.66666666666667,24.366666666666664,0.9,48.416666666666664,1008.4333333333334,1008.3333333333334,9.6625,304.375,21.90833333333333,0.12875,2658.2829166666666,88.1712327914948,High Risk
2021-09-08,0.027673611111111125,26.22083333333333,1.0916666666666666,0.0,99.66666666666667,89.875,24.358333333333334,1.0916666666666666,52.416666666666664,1006.0583333333334,1005.9583333333334,8.758333333333333,276.375,19.599999999999998,0.09625,2814.9364583333336,88.05595213656072,High Risk
2021-09-09,0.19680555555555557,26.691666666666666,0.6916666666666668,0.0,96.33333333333333,87.75,24.40833333333333,0.6916666666666668,45.166666666666664,1005.7875,1005.6875,9.295833333333333,175.66666666666666,19.341666666666665,0.12708333333333333,3054.788541666667,89.00288648762978,High Risk
2021-09-10,0.14631944444444447,26.9375,0.4583333333333333,0.0,96.875,87.91666666666667,24.724999999999998,0.4583333333333333,52.25,1007.5291666666667,1007.4291666666667,6.608333333333333,198.66666666666666,17.908333333333335,0.105,3345.8818749999996,88.72022532021971,High Risk
2021-09-11,0.15131944444444445,27.099999999999998,0.26666666666666666,0.0,91.20833333333333,85.25,24.383333333333336,0.26666666666666666,25.333333333333332,1008.1,1008.0,8.208333333333334,249.375,20.125,0.10291666666666667,3728.7325,88.74821927352579,High Risk
2021-09-12,0.11902777777777779,27.72083333333333,0.004166666666666667,0.0,96.66666666666667,77.16666666666667,23.2375,0.004166666666666667,4.916666666666667,1006.2833333333333,1006.1833333333334,12.9125,273.375,25.150000000000002,0.15916666666666665,4097.526875,88.56742499175732,High Risk
2021-09-13,0.08618055555555555,28.55,0.020833333333333332,0.0,76.33333333333333,74.125,23.416666666666668,0.020833333333333332,6.375,1006.4125,1006.3125,13.579166666666666,275.5,26.90416666666667,0.205,4431.231875,88.38352027073263,High Risk
2021-09-14,0.04791666666666664,27.879166666666666,0.28750000000000003,0.0,97.29166666666667,79.75,23.974999999999998,0.28750000000000003,22.083333333333332,1007.3458333333333,1007.2458333333334,10.970833333333333,275.0833333333333,21.895833333333332,0.15333333333333332,4690.1329166666665,88.16928876695967,High Risk
2021-09-15,0.26819444444444446,26.724999999999998,0.5958333333333333,0.0,98.45833333333333,88.66666666666667,24.675,0.5958333333333333,42.0,1008.3874999999999,1008.2875,5.979166666666667,166.5,13.320833333333333,0.09833333333333333,4586.550208333333,89.40257793205556,High Risk
2021-09-16,0.36163194444444446,27.020833333333332,0.4375,0.0,95.875,85.20833333333333,24.308333333333334,0.4375,36.083333333333336,1008.6583333333333,1008.5583333333334,10.683333333333332,176.58333333333334,21.733333333333334,0.1175,4308.907916666667,89.92571493446303,High Risk
2021-09-17,0.27895833333333336,28.116666666666664,0.0375,0.0,98.20833333333333,79.79166666666667,24.229166666666668,0.0375,9.0,1008.8958333333334,1008.7958333333332,10.716666666666667,187.70833333333334,21.091666666666665,0.1775,4225.289375,89.46284269264505,High Risk
2021-09-18,0.24125,28.05,0.075,0.0,70.33333333333333,84.125,24.974999999999998,0.075,14.833333333333334,1009.0625,1008.9625,6.5375000000000005,155.83333333333334,14.262500000000001,0.18291666666666664,4244.7977083333335,89.25172162812832,High Risk
2021-09-19,0.22131944444444443,27.46666666666667,0.225,0.0,94.66666666666667,84.20833333333333,24.454166666666666,0.225,27.75,1009.0916666666667,1008.9916666666667,5.554166666666667,239.58333333333334,13.258333333333333,0.11875000000000001,4259.685416666666,89.14013461981101,High Risk
2021-09-20,0.20541666666666666,26.745833333333334,1.0875000000000001,0.0,99.08333333333333,88.95833333333333,24.712500000000002,1.0875000000000001,42.666666666666664,1007.7375000000001,1007.6374999999999,6.075,240.0,13.979166666666666,0.08208333333333333,4341.505,89.05109829610137,High Risk
2021-09-21,0.3492361111111111,26.15833333333333,1.325,0.0,98.70833333333333,88.5,24.045833333333334,1.325,55.25,1006.4208333333332,1006.3208333333333,9.395833333333334,216.75,19.73333333333333,0.11541666666666667,4576.555416666667,89.85631325855836,High Risk
2021-09-22,0.46249999999999997,26.579166666666666,0.9625,0.0,94.75,87.91666666666667,24.358333333333334,0.9625,48.416666666666664,1006.2875,1006.1875,8.2125,203.0,17.900000000000002,0.12541666666666665,4821.277916666667,90.4904540619226,High Risk
2021-09-23,0.3634722222222222,27.037499999999998,0.875,0.0,94.54166666666667,86.83333333333333,24.55,0.875,35.666666666666664,1007.9958333333334,1007.8958333333334,5.5249999999999995,179.125,16.349999999999998,0.14625,4957.333541666667,89.9360182644993,High Risk
2021-09-24,0.4675694444444444,27.212500000000002,0.5958333333333333,0.0,99.91666666666667,85.41666666666667,24.395833333333332,0.5958333333333333,27.166666666666668,1008.1916666666666,1008.0916666666667,8.608333333333333,278.4583333333333,19.575,0.15208333333333332,5078.154583333333,90.51883682013573,High Risk
2021-09-25,0.45263888888888887,26.275000000000002,0.65,0.0,99.91666666666667,90.54166666666667,24.583333333333332,0.65,51.5,1006.5375,1006.4375,8.341666666666667,238.54166666666666,18.533333333333335,0.07333333333333333,5297.574791666667,90.4352437651245,High Risk
2021-09-26,0.46597222222222223,25.704166666666666,1.4291666666666665,0.0,99.79166666666667,92.25,24.383333333333336,1.4291666666666665,53.333333333333336,1006.9541666666668,1006.8541666666666,9.770833333333334,161.54166666666666,17.758333333333333,0.042083333333333334,5963.87375,90.50989430727408,High Risk
2021-09-27,0.5317361111111111,26.683333333333334,0.85,0.0,96.95833333333333,86.875,24.224999999999998,0.85,38.916666666666664,1008.3958333333334,1008.2958333333332,4.433333333333334,131.08333333333334,14.3375,0.14833333333333334,6969.630624999999,90.8780925542305,High Risk
2021-09-28,0.5286458333333334,27.004166666666666,0.275,0.0,79.91666666666667,87.16666666666667,24.587500000000002,0.275,13.125,1008.9833333333332,1008.8833333333333,4.829166666666667,136.45833333333334,12.608333333333334,0.15041666666666667,7430.695833333334,90.86079073586771,High Risk
2021-09-29,0.5378472222222223,28.224999999999998,0.15,0.0,37.0,86.16666666666667,25.541666666666668,0.15,15.916666666666666,1007.9333333333334,1007.8333333333334,5.579166666666667,210.125,14.762500000000001,0.18833333333333332,7219.996041666666,90.91230738604905,High Risk
2021-09-30,0.6128472222222222,28.40833333333333,0.11666666666666665,0.0,82.625,84.45833333333333,25.441666666666666,0.11666666666666665,23.166666666666668,1008.4333333333334,1008.3333333333334,4.875,169.625,12.395833333333334,0.16208333333333333,6848.5997916666665,91.33221668564033,High Risk
2021-10-01,0.5654166666666667,28.758333333333336,0.03333333333333333,0.0,62.083333333333336,82.79166666666667,25.445833333333336,0.03333333333333333,12.125,1008.625,1008.525,9.358333333333333,180.83333333333334,18.45,0.18583333333333332,6487.299166666667,91.06666293413956,High Risk
2021-10-02,0.6463194444444444,28.270833333333332,0.1958333333333333,0.0,93.66666666666667,81.79166666666667,24.829166666666666,0.1958333333333333,15.625,1009.2708333333334,1009.1708333333332,8.950000000000001,199.29166666666666,19.066666666666666,0.17083333333333336,6172.501041666666,91.5196206508283,High Risk
2021-10-03,0.5871875000000001,27.46666666666667,0.28750000000000003,0.0,93.66666666666667,84.41666666666667,24.474999999999998,0.28750000000000003,18.041666666666668,1008.7166666666667,1008.6166666666667,4.583333333333333,222.20833333333334,12.25,0.15958333333333333,5926.576875,91.18855327249312,High Risk
2021-10-04,0.7082638888888888,27.65833333333333,0.05833333333333334,0.0,69.5,84.70833333333333,24.708333333333332,0.05833333333333334,16.625,1007.8583333333332,1007.7583333333333,5.341666666666666,145.95833333333334,13.720833333333333,0.18500000000000003,5744.014999999999,91.86643462789816,High Risk
2021-10-05,0.6192361111111111,28.195833333333336,0.029166666666666664,0.0,63.75,80.08333333333333,24.1875,0.029166666666666664,8.0,1007.1416666666668,1007.0416666666666,10.495833333333334,253.16666666666666,20.795833333333334,0.19291666666666665,5587.449791666667,91.36798673708701,High Risk
2021-10-06,0.5779513888888889,27.183333333333334,1.4000000000000001,0.0,97.08333333333333,86.75,24.6875,1.4000000000000001,47.0,1005.775,1005.6750000000001,7.329166666666667,247.45833333333334,21.45,0.1375,5441.07,91.13684221985827,High Risk
2021-10-07,0.7056944444444445,27.175,0.1875,0.0,95.95833333333333,85.875,24.491666666666664,0.1875,31.416666666666668,1004.8791666666666,1004.7791666666667,6.358333333333333,207.41666666666666,15.020833333333334,0.10916666666666668,5304.963125,91.85204884633806,High Risk
2021-10-08,0.6677777777777778,27.616666666666664,0.0,0.0,87.54166666666667,84.83333333333333,24.745833333333334,0.0,2.75,1004.9458333333333,1004.8458333333333,6.641666666666667,231.08333333333334,13.845833333333333,0.09000000000000001,5149.833333333333,91.63976136710026,High Risk
2021-10-09,0.7891319444444443,27.866666666666664,0.025000000000000005,0.0,95.41666666666667,82.16666666666667,24.491666666666664,0.025000000000000005,11.0,1005.4499999999999,1005.35,8.25,200.54166666666666,17.195833333333333,0.13791666666666666,4964.205416666667,92.31919794213339,High Risk
2021-10-10,0.9140277777777778,28.34166666666667,0.075,0.0,88.08333333333333,80.91666666666667,24.645833333333332,0.075,12.958333333333334,1004.8208333333333,1004.7208333333333,10.0875,224.25,19.391666666666666,0.16541666666666668,4763.302708333334,93.01846356742499,High Risk
2021-10-11,0.8685416666666667,28.266666666666666,0.2791666666666667,0.0,87.125,83.0,25.070833333333336,0.2791666666666667,19.625,1004.1833333333334,1004.0833333333334,8.895833333333334,207.29166666666666,20.929166666666667,0.13791666666666666,4569.218541666666,92.763796353321,High Risk
2021-10-12,0.8303472222222222,27.454166666666666,0.85,0.0,93.625,87.70833333333333,25.15833333333333,0.85,35.333333333333336,1004.6041666666666,1004.5041666666666,8.5375,210.875,18.316666666666666,0.135,4451.572708333333,92.54995365445508,High Risk
2021-10-13,0.6511805555555555,27.308333333333334,0.22083333333333333,0.0,99.95833333333333,86.79166666666667,24.787499999999998,0.22083333333333333,29.75,1004.0749999999999,1003.975,5.929166666666667,177.08333333333334,14.454166666666666,0.14583333333333334,4494.359166666666,91.54683699432033,High Risk
2021-10-14,0.6870138888888889,27.170833333333334,1.0208333333333333,0.0,100.0,85.5,24.445833333333336,1.0208333333333333,25.0,1003.8375,1003.7375000000001,7.570833333333333,242.75,17.258333333333333,0.14125000000000001,4636.4314583333335,91.74746032634728,High Risk
2021-10-15,0.8186805555555555,26.425,0.9666666666666668,0.0,99.95833333333333,89.41666666666667,24.504166666666666,0.9666666666666668,45.666666666666664,1005.0833333333334,1004.9833333333332,7.141666666666667,151.29166666666666,16.745833333333334,0.08625000000000001,4804.272708333333,92.48463443007421,High Risk
2021-10-16,0.7397916666666666,27.0625,0.45,0.0,97.875,87.04166666666667,24.537499999999998,0.45,26.833333333333332,1007.6708333333332,1007.5708333333333,8.466666666666667,127.58333333333333,18.566666666666666,0.17,5105.496666666667,92.04295205568928,High Risk
2021-10-17,0.758263888888889,24.120833333333334,2.3874999999999997,0.0,100.0,92.29166666666667,22.775000000000002,2.3874999999999997,59.166666666666664,1010.6916666666666,1010.5916666666667,8.5625,163.04166666666666,18.716666666666665,0.04041666666666666,5559.639375,92.146374160959,High Risk
2021-10-18,0.7698611111111111,24.304166666666664,0.3541666666666667,0.0,99.25,85.95833333333333,21.695833333333336,0.3541666666666667,37.916666666666664,1010.8041666666667,1010.7041666666668,8.708333333333334,237.20833333333334,16.6875,0.09999999999999999,5951.484583333334,92.21130458043285,High Risk
2021-10-19,0.8359027777777778,26.075,0.041666666666666664,0.0,57.25,83.66666666666667,22.933333333333334,0.041666666666666664,13.875,1012.7375000000001,1012.6374999999999,5.354166666666667,213.125,12.145833333333334,0.14708333333333334,6087.652083333333,92.5810580470174,High Risk
2021-10-20,0.7750694444444445,27.3875,0.03333333333333333,0.0,81.58333333333333,85.83333333333333,24.6375,0.03333333333333333,12.625,1012.7666666666668,1012.6666666666666,5.629166666666666,225.45833333333334,12.275,0.16916666666666666,5987.9139583333335,92.24046494846002,High Risk
2021-10-21,0.9467361111111111,27.34583333333333,0.2708333333333333,0.0,96.08333333333333,85.66666666666667,24.579166666666666,0.2708333333333333,17.833333333333332,1011.7083333333334,1011.6083333333332,5.741666666666667,178.16666666666666,12.6,0.14916666666666667,5797.931666666666,93.20159067863563,High Risk
2021-10-22,0.9123611111111112,26.2625,0.725,0.0,99.75,88.16666666666667,24.087500000000002,0.725,27.0,1011.9458333333333,1011.8458333333333,5.345833333333334,142.5,14.983333333333334,0.135,5644.60625,93.00913224965629,High Risk
2021-10-23,0.9368055555555556,25.625,0.9083333333333333,0.0,92.125,87.875,23.375,0.9083333333333333,39.541666666666664,1012.975,1012.875,9.158333333333333,137.625,19.075,0.11916666666666666,5553.071666666667,93.14599157693048,High Risk
2021-10-24,0.899513888888889,26.075,0.049999999999999996,0.0,57.75,85.45833333333333,23.245833333333334,0.049999999999999996,5.833333333333333,1012.3916666666668,1012.2916666666666,6.866666666666667,170.375,14.9375,0.17333333333333334,5483.483125,92.93720334185593,High Risk
2021-10-25,0.8593055555555557,26.462500000000002,0.016666666666666666,0.0,72.0,77.95833333333333,22.15833333333333,0.016666666666666666,10.25,1011.1374999999999,1011.0375,7.229166666666667,91.25,15.1625,0.17625000000000002,5384.637291666667,92.71208530068616,High Risk
2021-10-26,0.8914583333333334,27.212500000000002,0.008333333333333333,0.0,63.833333333333336,78.29166666666667,22.849999999999998,0.008333333333333333,6.125,1010.3833333333333,1010.2833333333333,6.0249999999999995,159.16666666666666,12.65,0.18958333333333333,5233.5233333333335,92.89210197264056,High Risk
2021-10-27,0.8909027777777778,27.075,0.0,0.0,61.666666666666664,74.33333333333333,21.875,0.0,1.75,1010.3083333333334,1010.2083333333334,8.625,171.125,17.116666666666667,0.19166666666666665,5044.886041666666,92.88899153338434,High Risk
2021-10-28,0.7868055555555555,26.204166666666666,0.4291666666666667,0.0,91.16666666666667,80.83333333333333,22.575,0.4291666666666667,20.25,1010.2541666666666,1010.1541666666667,9.133333333333335,138.75,18.1875,0.10666666666666667,4856.435,92.30617297774792,High Risk
2021-10-29,0.8449305555555555,26.895833333333332,0.47500000000000003,0.0,69.58333333333333,83.54166666666667,23.679166666666664,0.47500000000000003,16.375,1011.7624999999999,1011.6625,7.379166666666666,178.91666666666666,15.291666666666666,0.17166666666666666,4716.485833333333,92.63160268493117,High Risk
2021-10-30,0.7915277777777777,27.208333333333332,0.1875,0.0,63.083333333333336,84.875,24.270833333333332,0.1875,10.666666666666666,1012.4708333333333,1012.3708333333334,6.454166666666667,156.375,14.454166666666666,0.16666666666666666,4645.09125,92.33261171142587,High Risk
2021-10-31,0.7728472222222221,26.479166666666668,0.1375,0.0,99.79166666666667,89.54166666666667,24.541666666666668,0.1375,19.5,1012.3125,1012.2125,5.920833333333333,183.79166666666666,16.0,0.10458333333333335,4612.632500000001,92.22802319143508,High Risk
2021-11-01,0.7269444444444444,26.1875,0.325,0.0,99.83333333333333,89.33333333333333,24.204166666666666,0.325,15.916666666666666,1012.1166666666667,1012.0166666666668,6.654166666666666,222.66666666666666,15.525,0.13249999999999998,4596.495625,91.97102314788894,High Risk
2021-11-02,0.821388888888889,26.454166666666666,0.19166666666666665,0.0,99.875,88.875,24.395833333333332,0.19166666666666665,17.5,1011.8708333333334,1011.7708333333334,6.841666666666666,210.20833333333334,15.958333333333334,0.12041666666666667,4590.98,92.49979782144835,High Risk
2021-11-03,0.8402083333333333,27.27916666666667,0.020833333333333332,0.0,90.75,81.16666666666667,23.520833333333332,0.020833333333333332,12.791666666666666,1011.1541666666667,1011.0541666666667,7.270833333333333,227.08333333333334,14.8375,0.16874999999999998,4555.799583333333,92.60516395125319,High Risk
2021-11-04,0.7902777777777777,27.6875,0.004166666666666667,0.0,91.83333333333333,80.25,23.724999999999998,0.004166666666666667,4.833333333333333,1010.5291666666667,1010.4291666666667,6.175,183.0,11.870833333333332,0.15916666666666668,4448.87625,92.32561322309935,High Risk
2021-11-05,0.9111111111111111,28.295833333333334,0.004166666666666667,0.0,91.70833333333333,78.83333333333333,24.008333333333336,0.004166666666666667,4.791666666666667,1009.2875,1009.1875,5.720833333333334,125.25,11.4,0.17,4293.7439583333335,93.00213376132976,High Risk
2021-11-06,0.9664583333333333,27.1875,0.5041666666666667,0.0,99.375,86.29166666666667,24.625,0.5041666666666667,22.083333333333332,1007.7458333333334,1007.6458333333334,3.920833333333334,182.20833333333334,12.012500000000001,0.13916666666666666,4128.879791666667,93.31201127223186,High Risk
2021-11-07,0.9233680555555556,27.395833333333332,0.24166666666666667,0.0,80.95833333333333,86.125,24.741666666666664,0.24166666666666667,19.25,1007.4666666666667,1007.3666666666667,5.245833333333334,189.79166666666666,14.545833333333333,0.16083333333333333,3966.0520833333335,93.0707578274204,High Risk
2021-11-08,1.0302083333333332,26.900000000000002,0.5125000000000001,0.0,92.20833333333333,85.95833333333333,24.245833333333334,0.5125000000000001,26.75,1009.0708333333333,1008.9708333333333,8.783333333333333,164.70833333333334,20.54583333333333,0.1391666666666667,3821.5002083333334,93.66893417688445,High Risk
2021-11-09,0.928611111111111,26.84583333333333,0.020833333333333332,0.0,60.416666666666664,78.83333333333333,22.695833333333336,0.020833333333333332,12.041666666666666,1011.1416666666668,1011.0416666666666,10.545833333333333,87.29166666666667,20.3875,0.1708333333333333,3700.24375,93.10011259790106,High Risk
2021-11-10,0.8711111111111111,26.40833333333333,0.0,0.0,74.41666666666667,75.875,21.679166666666664,0.0,2.375,1011.5458333333332,1011.4458333333333,6.479166666666667,63.541666666666664,13.645833333333334,0.16375,3575.0772916666665,92.77818213488108,High Risk
2021-11-11,0.8047222222222222,26.304166666666664,0.0,0.0,79.08333333333333,77.83333333333333,21.900000000000002,0.0,2.375,1010.8874999999999,1010.7875,5.979166666666667,116.75,12.512500000000001,0.16208333333333333,3272.8927083333333,92.40648464376137,High Risk
2021-11-12,0.6791666666666667,26.354166666666668,0.2833333333333334,0.0,95.29166666666667,78.875,22.3125,0.2833333333333334,13.458333333333334,1011.35,1011.25,6.216666666666666,111.54166666666667,14.200000000000001,0.125,2919.259375,91.70352537185302,High Risk
2021-11-13,0.7095833333333333,25.412499999999998,0.2625,0.0,85.04166666666667,85.08333333333333,22.6875,0.2625,13.916666666666666,1011.1,1011.0,6.504166666666666,166.08333333333334,14.020833333333334,0.08583333333333333,2951.132916666667,91.87382192113171,High Risk
2021-11-14,0.5622222222222222,25.787499999999998,0.0,0.0,76.75,79.66666666666667,21.820833333333336,0.0,2.2916666666666665,1010.9125,1010.8125,8.295833333333333,83.83333333333333,15.887500000000001,0.11916666666666666,3079.7741666666666,91.04877790841621,High Risk
2021-11-15,0.4653125,26.625,0.05833333333333333,0.0,62.125,78.75,22.412499999999998,0.05833333333333333,12.125,1009.5124999999999,1009.4125,7.895833333333333,49.833333333333336,16.287499999999998,0.15708333333333332,3007.4839583333337,90.50620066065729,High Risk
2021-11-16,0.5909722222222222,26.495833333333334,0.3958333333333333,0.0,96.20833333333333,85.0,23.641666666666666,0.3958333333333333,20.333333333333332,1009.5166666666668,1009.4166666666666,7.908333333333334,94.29166666666667,16.5375,0.13041666666666665,2912.049791666667,91.20974313992622,High Risk
2021-11-17,0.5347222222222222,27.099999999999998,0.07916666666666666,0.0,66.54166666666667,83.125,23.825,0.07916666666666666,4.5,1009.9291666666667,1009.8291666666668,6.595833333333334,119.91666666666667,14.533333333333333,0.14958333333333332,2819.642916666666,90.89481116523275,High Risk
2021-11-18,0.5686805555555555,26.670833333333334,0.45416666666666666,0.0,79.0,82.95833333333333,23.45,0.45416666666666666,17.583333333333332,1009.3416666666667,1009.2416666666667,8.191666666666666,100.20833333333333,17.216666666666665,0.12,2730.1629166666667,91.08493676476992,High Risk
2021-11-19,0.5577083333333334,27.566666666666666,0.029166666666666664,0.0,51.208333333333336,82.75,24.166666666666668,0.029166666666666664,11.75,1007.9125,1007.8125,6.145833333333333,185.75,13.008333333333333,0.15958333333333333,2643.5245833333333,91.02350558945935,High Risk
2021-11-20,0.6353472222222222,27.84583333333333,0.09999999999999999,0.0,74.95833333333333,84.5,24.84166666666667,0.09999999999999999,10.625,1007.775,1007.6750000000001,3.9375,200.45833333333334,10.695833333333333,0.15291666666666667,2556.863958333333,91.45818947551773,High Risk
2021-11-21,0.5752083333333334,27.808333333333334,0.24583333333333332,0.0,65.125,85.66666666666667,25.020833333333332,0.24583333333333332,16.666666666666668,1008.7958333333332,1008.6958333333333,4.683333333333334,208.875,11.975,0.1475,2472.7052083333333,91.12148442603063,High Risk
2021-11-22,0.5233333333333333,27.329166666666666,0.6416666666666667,0.0,49.125,86.58333333333333,24.745833333333334,0.6416666666666667,15.125,1009.3291666666668,1009.2291666666666,6.1499999999999995,160.45833333333334,14.633333333333333,0.13541666666666666,2391.635208333333,90.83104716048,High Risk
2021-11-23,0.5423958333333333,25.925,0.6541666666666667,0.0,99.83333333333333,86.25,23.40416666666667,0.6541666666666667,31.666666666666668,1010.5625,1010.4625,10.541666666666666,90.45833333333333,20.241666666666667,0.06916666666666667,2328.0833333333335,90.93777410745945,High Risk
2021-11-24,0.6366666666666666,25.620833333333334,0.0,0.0,72.91666666666667,78.20833333333333,21.3,0.0,2.2083333333333335,1011.8541666666666,1011.7541666666666,8.979166666666666,219.125,17.554166666666667,0.1445833333333333,2318.5485416666666,91.46557676875128,High Risk
2021-11-25,0.4677777777777778,26.195833333333336,0.0,0.0,78.25,71.625,20.545833333333334,0.0,2.375,1011.775,1011.6750000000001,7.070833333333333,83.08333333333333,14.379166666666668,0.1679166666666667,2304.4958333333334,90.52000323485682,High Risk
2021-11-26,0.42333333333333334,26.224999999999998,0.0,0.0,70.04166666666667,74.08333333333333,21.004166666666666,0.0,2.1666666666666665,1011.6708333333332,1011.5708333333333,6.658333333333334,125.25,13.508333333333333,0.1758333333333333,2229.839375,90.27116809435827,High Risk
2021-11-27,0.3320138888888889,25.3,0.0,0.0,39.625,68.91666666666667,19.0125,0.0,1.125,1012.2125,1012.1125000000001,9.025,42.208333333333336,17.758333333333333,0.18458333333333332,2136.9614583333337,89.75988964161517,High Risk
2021-11-28,0.24381944444444445,25.333333333333332,0.0,0.0,54.083333333333336,63.625,17.854166666666668,0.0,1.625,1012.0749999999999,1011.975,12.070833333333333,80.625,22.537499999999998,0.2025,2047.6522916666665,89.26610740968839,High Risk
2021-11-29,0.15770833333333334,26.445833333333336,0.04583333333333334,0.0,82.95833333333333,63.625,18.845833333333335,0.04583333333333334,6.666666666666667,1011.0083333333333,1010.9083333333333,14.783333333333333,53.5,27.354166666666668,0.18458333333333332,1968.7304166666665,88.78398932497247,High Risk
2021-11-30,0.19576388888888888,25.016666666666666,0.025000000000000005,0.0,93.875,69.33333333333333,18.920833333333334,0.025000000000000005,8.875,1011.0625,1010.9625,11.670833333333334,85.75,21.675,0.12833333333333333,1897.4858333333332,88.99705441402435,High Risk
2021-12-01,0.2860416666666667,24.6875,0.008333333333333333,0.0,57.5,62.541666666666664,16.933333333333334,0.008333333333333333,3.8333333333333335,1012.3166666666666,1012.2166666666667,10.083333333333334,51.083333333333336,19.429166666666667,0.14416666666666667,1830.7970833333331,89.502500793162,High Risk
2021-12-02,0.6552083333333333,24.679166666666664,0.0,0.0,74.16666666666667,66.91666666666667,17.808333333333334,0.0,2.25,1013.6,1013.5,8.095833333333333,124.04166666666667,15.85,0.1729166666666667,1770.5287499999997,91.56938767892801,High Risk
2021-12-03,0.47180555555555553,24.366666666666664,0.0,0.0,45.5,62.5,16.529166666666665,0.0,1.2916666666666667,1015.1708333333332,1015.0708333333333,7.120833333333334,80.20833333333333,13.995833333333332,0.18000000000000002,1712.4720833333333,90.5425539194645,High Risk
2021-12-04,0.3638194444444445,22.3875,0.0,0.0,83.16666666666667,62.791666666666664,14.7125,0.0,2.5416666666666665,1015.4125,1015.3125,6.370833333333334,141.66666666666666,12.916666666666666,0.17208333333333334,1656.096875,89.93796228903446,High Risk
2021-12-05,0.5011111111111112,21.84583333333333,0.0,0.0,63.916666666666664,60.0,13.558333333333332,0.0,1.9166666666666667,1015.2583333333333,1015.1583333333333,9.591666666666667,77.33333333333333,18.666666666666668,0.17916666666666667,1603.531875,90.70662959023072,High Risk
2021-12-06,0.37916666666666665,23.320833333333336,0.0,0.0,54.375,60.875,15.133333333333333,0.0,1.7083333333333333,1014.0041666666666,1013.9041666666667,9.604166666666666,63.75,18.508333333333333,0.18999999999999997,1552.6325,90.02388817348785,High Risk
2021-12-07,0.4840972222222222,23.758333333333336,0.0,0.0,16.125,61.375,15.608333333333334,0.0,0.25,1014.1208333333334,1014.0208333333334,6.7749999999999995,224.83333333333334,14.116666666666667,0.18000000000000002,1503.3495833333334,90.61137238800863,High Risk
2021-12-08,0.5381250000000001,23.6375,0.0,0.0,5.458333333333333,59.958333333333336,15.095833333333333,0.0,0.16666666666666666,1014.4625,1014.3625000000001,7.666666666666667,130.58333333333334,15.387500000000001,0.18625,1455.6274999999998,90.91386260567718,High Risk
2021-12-09,0.333125,25.2625,0.0,0.0,65.33333333333333,64.33333333333333,17.925,0.0,2.0833333333333335,1014.4375,1014.3375,8.4375,120.16666666666667,16.504166666666666,0.17416666666666666,1409.4214583333332,89.76611052012764,High Risk
2021-12-10,0.38458333333333333,26.287499999999998,0.0,0.0,55.5,68.375,19.75,0.0,1.6666666666666667,1013.7375000000001,1013.6374999999999,7.633333333333333,130.45833333333334,14.845833333333333,0.16458333333333333,1366.1620833333334,90.0542149562361,High Risk
2021-12-11,0.45812499999999995,26.34166666666667,0.0,0.0,27.125,66.5,19.162499999999998,0.0,0.7083333333333334,1013.5500000000001,1013.4499999999999,7.791666666666667,64.16666666666667,15.079166666666666,0.18625,1325.8418749999998,90.46595935277979,High Risk
2021-12-12,0.2684722222222222,25.608333333333334,0.0,0.0,7.041666666666667,63.375,17.758333333333333,0.0,0.125,1013.7541666666666,1013.6541666666667,7.191666666666666,100.95833333333333,15.070833333333333,0.18291666666666664,1286.7125,89.40413315168368,High Risk
2021-12-13,0.19809027777777777,25.27916666666667,0.0,0.0,20.791666666666668,64.16666666666667,17.75,0.0,0.625,1013.3166666666666,1013.2166666666667,10.495833333333334,47.541666666666664,19.8,0.17500000000000002,1248.73875,89.01007937840981,High Risk
2021-12-14,0.31993055555555555,25.304166666666664,0.0,0.0,49.083333333333336,64.625,17.970833333333335,0.0,1.5416666666666667,1012.1041666666666,1012.0041666666666,7.675,158.16666666666666,15.308333333333332,0.17666666666666667,1213.2035416666665,89.69223758779214,High Risk
2021-12-15,0.22166666666666668,25.879166666666666,0.0,0.0,73.25,65.75,18.645833333333332,0.0,2.2916666666666665,1011.1999999999999,1011.1,8.441666666666666,209.66666666666666,15.566666666666668,0.18375,1180.114375,89.14207864434616,High Risk
2021-12-16,0.19319444444444445,26.520833333333332,0.0,0.0,54.583333333333336,64.0,18.904166666666665,0.0,1.5833333333333333,1010.9083333333333,1010.8083333333334,8.991666666666667,239.33333333333334,16.883333333333333,0.18999999999999997,1147.9260416666668,88.98266863246427,High Risk
2021-12-17,0.33361111111111114,28.0125,0.0,0.0,84.41666666666667,60.416666666666664,19.379166666666666,0.0,2.5,1010.9083333333333,1010.8083333333334,10.441666666666666,188.16666666666666,19.900000000000002,0.19499999999999998,1117.8300000000002,89.76883215447685,High Risk
2021-12-18,0.43277777777777776,27.741666666666664,0.0,0.0,66.125,58.208333333333336,18.629166666666666,0.0,1.9166666666666667,1011.7125,1011.6125000000001,11.704166666666666,75.25,21.766666666666666,0.20666666666666667,1089.8502083333333,90.3240455617142,High Risk
2021-12-19,0.355,24.5,0.0,0.0,96.83333333333333,62.5,16.783333333333335,0.0,2.9166666666666665,1013.2833333333333,1013.1833333333334,8.120833333333334,51.083333333333336,15.666666666666666,0.1325,1062.5660416666667,89.88858406584177,High Risk
2021-12-20,0.0963888888888889,23.224999999999998,0.0,0.0,28.375,63.0,15.508333333333333,0.0,0.75,1013.4083333333333,1013.3083333333334,7.908333333333334,142.04166666666666,15.375,0.1741666666666667,1037.0927083333333,88.44067459206588,High Risk
2021-12-21,0.22951388888888888,24.233333333333334,0.0,0.0,39.958333333333336,63.25,16.287499999999998,0.0,1.125,1012.85,1012.75,7.4875,206.75,14.391666666666666,0.16833333333333333,1014.573125,89.18601359884042,High Risk
2021-12-22,0.3350694444444444,25.391666666666666,0.0,0.0,38.375,63.75,17.691666666666666,0.0,1.125,1012.025,1011.9250000000001,6.666666666666667,243.83333333333334,13.404166666666667,0.17458333333333334,994.8320833333333,89.77699705752444,High Risk
2021-12-23,0.4035416666666667,25.708333333333332,0.0,0.0,13.625,66.20833333333333,18.608333333333334,0.0,0.375,1011.4125,1011.3125,5.8875,260.4166666666667,11.704166666666666,0.16833333333333333,976.6550000000001,90.16035869585501,High Risk
2021-12-24,0.3685416666666667,26.175,0.016666666666666666,0.0,23.125,77.5,21.616666666666664,0.016666666666666666,8.833333333333334,1011.375,1011.275,6.745833333333334,107.125,15.241666666666667,0.15958333333333333,960.9118749999999,89.96440102271241,High Risk
2021-12-25,0.2769097222222222,25.925,0.2791666666666667,0.0,44.166666666666664,80.375,22.0625,0.2791666666666667,20.791666666666668,1012.4541666666668,1012.3541666666666,6.995833333333334,94.0,16.595833333333335,0.13916666666666666,950.841875,89.45137294788769,High Risk
2021-12-26,0.2940277777777778,25.816666666666666,0.09166666666666667,0.0,31.916666666666668,77.95833333333333,21.366666666666664,0.09166666666666667,15.458333333333334,1014.1125000000001,1014.0124999999999,8.029166666666667,70.70833333333333,17.724999999999998,0.15458333333333332,944.2910416666667,89.54721335747034,High Risk
2021-12-27,0.0676388888888889,26.895833333333332,0.0,0.0,15.333333333333334,71.04166666666667,20.891666666666666,0.0,0.375,1014.5083333333333,1014.4083333333333,7.591666666666666,105.16666666666667,16.945833333333333,0.1729166666666667,935.7245833333333,88.2797093605559,High Risk
2021-12-28,0.023680555555555552,26.46666666666667,0.0,0.0,18.333333333333332,64.29166666666667,18.979166666666668,0.0,0.4166666666666667,1014.2666666666668,1014.1666666666666,9.920833333333333,47.666666666666664,19.5625,0.18875,923.98625,88.03359585440656,High Risk
2021-12-29,0.15722222222222224,26.712500000000002,0.0,0.0,24.416666666666668,61.708333333333336,18.525000000000002,0.0,0.5,1014.0416666666666,1013.9416666666666,10.520833333333334,44.916666666666664,19.8125,0.19499999999999998,913.2954166666667,88.78126769062325,High Risk
2021-12-30,0.35229166666666667,26.675,0.0,0.0,58.125,63.5,18.95,0.0,1.7083333333333333,1015.0333333333333,1014.9333333333334,9.541666666666666,65.33333333333333,18.2625,0.17166666666666666,904.91375,89.87342067446764,High Risk
2021-12-31,0.47055555555555556,26.104166666666668,0.0,0.0,35.583333333333336,63.458333333333336,18.341666666666665,0.0,1.0,1015.2291666666666,1015.1291666666666,10.029166666666667,68.83333333333333,19.470833333333335,0.18833333333333332,896.6120833333333,90.53555543113798,High Risk
2022-01-01,0.4444444444444444,25.045833333333334,0.0,0.0,46.0,65.66666666666667,17.866666666666667,0.0,1.4166666666666667,1015.1541666666667,1015.0541666666667,7.729166666666667,79.45833333333333,15.512500000000001,0.17708333333333334,889.363125,90.38936478609507,High Risk
2022-01-02,0.3717361111111111,25.041666666666668,0.0,0.0,51.375,64.5,17.6375,0.0,1.5,1014.5625,1014.4625,8.641666666666667,60.5,16.995833333333334,0.18000000000000002,882.2595833333334,89.98228604843575,High Risk
2022-01-03,0.32506944444444447,25.729166666666668,0.0,0.0,74.875,64.125,18.154166666666665,0.0,2.2083333333333335,1012.975,1012.875,8.725,71.875,16.866666666666667,0.17833333333333334,875.1210416666667,89.7210091509123,High Risk
2022-01-04,0.3482986111111111,25.766666666666666,0.0,0.0,66.79166666666667,69.16666666666667,19.379166666666666,0.0,2.0833333333333335,1013.0749999999999,1012.975,7.395833333333333,163.125,14.5,0.16833333333333333,788.2404166666666,89.85106439231348,High Risk
2022-01-05,0.2686111111111111,26.175,0.0,0.0,32.208333333333336,68.125,19.366666666666667,0.0,1.0,1012.4208333333332,1012.3208333333333,6.229166666666667,170.08333333333334,12.558333333333332,0.17208333333333334,561.9516666666667,89.40491076149773,High Risk
2022-01-06,0.21625000000000003,26.370833333333334,0.0,0.0,58.833333333333336,68.20833333333333,19.354166666666668,0.0,1.9166666666666667,1012.5416666666666,1012.4416666666666,7.104166666666667,119.5,13.241666666666667,0.18416666666666667,296.618125,89.11175186159788,High Risk
2022-01-07,0.25895833333333335,26.75,0.0,0.0,5.833333333333333,64.79166666666667,19.025000000000002,0.0,0.125,1013.1625,1013.0625,7.570833333333333,79.875,13.875,0.18666666666666668,99.10708333333334,89.3508668794207,High Risk
2022-01-08,0.21972222222222224,26.9875,0.0,0.0,25.958333333333332,62.416666666666664,18.537499999999998,0.0,0.75,1012.9458333333333,1012.8458333333333,7.7625,99.08333333333333,14.158333333333333,0.19499999999999998,12.59375,89.13119210694933,High Risk
2022-01-09,0.09340277777777778,26.6875,0.0,0.0,0.0,62.416666666666664,18.154166666666665,0.0,0.0,1011.8333333333334,1011.7333333333332,7.395833333333333,200.0,13.662500000000001,0.19291666666666665,0.0,88.42395598106364,High Risk
2022-01-10,0.046319444444444434,26.441666666666666,0.0,0.0,5.666666666666667,64.20833333333333,18.558333333333334,0.0,0.125,1012.2875,1012.1875,4.895833333333333,217.625,9.924999999999999,0.18000000000000002,0.0,88.160346254098,High Risk
2022-01-11,0.16555555555555554,26.650000000000002,0.0,0.0,9.166666666666666,64.66666666666667,18.891666666666666,0.0,0.16666666666666666,1012.6708333333332,1012.5708333333333,5.495833333333334,160.20833333333334,11.120833333333332,0.18125,0.0,88.82792427946673,High Risk
2022-01-12,0.33642361111111113,27.316666666666666,0.012500000000000002,0.0,57.291666666666664,73.91666666666667,21.72083333333333,0.012500000000000002,5.916666666666667,1013.2208333333333,1013.1208333333334,7.404166666666666,169.08333333333334,14.070833333333333,0.16874999999999998,0.0,89.78457875321153,High Risk
2022-01-13,0.2779861111111111,27.329166666666666,0.0,0.0,21.833333333333332,73.16666666666667,21.59583333333333,0.0,0.625,1013.2624999999999,1013.1625,7.033333333333334,171.04166666666666,14.633333333333333,0.1758333333333333,0.0,89.45739942394665,High Risk
2022-01-14,0.22611111111111112,27.087500000000002,0.012500000000000002,0.0,11.125,72.83333333333333,21.183333333333334,0.012500000000000002,4.5,1013.1916666666666,1013.0916666666667,6.3875,158.41666666666666,13.612499999999999,0.17,0.0,89.166962158396,High Risk
2022-01-15,0.25201388888888887,26.625,0.0,0.0,26.125,72.08333333333333,20.383333333333333,0.0,0.7916666666666666,1012.8458333333333,1012.7458333333334,7.058333333333334,149.125,14.520833333333334,0.1875,0.0,89.31198638871781,High Risk
2022-01-16,0.254375,26.958333333333332,0.0,0.0,42.75,68.29166666666667,20.087500000000002,0.0,1.3333333333333333,1012.8249999999999,1012.725,7.2749999999999995,201.625,13.958333333333334,0.18083333333333332,0.0,89.3252057555568,High Risk
2022-01-17,0.24048611111111115,27.175,0.012500000000000002,0.0,36.916666666666664,66.54166666666667,19.695833333333333,0.012500000000000002,5.208333333333333,1012.85,1012.75,4.566666666666666,221.04166666666666,10.370833333333334,0.16083333333333333,0.0,89.24744477415099,High Risk
2022-01-18,0.20631944444444447,27.395833333333332,0.0,0.0,75.58333333333333,56.625,17.525000000000002,0.0,2.3333333333333335,1012.2833333333333,1012.1833333333334,7.716666666666666,65.95833333333333,14.995833333333332,0.2020833333333333,0.0,89.05615275989275,High Risk
2022-01-19,0.2990277777777777,26.8,0.0,0.0,52.875,58.25,17.445833333333333,0.0,1.5833333333333333,1011.2833333333333,1011.1833333333334,10.045833333333333,58.791666666666664,19.033333333333335,0.2025,0.0,89.57520731077642,High Risk
2022-01-20,0.3430555555555556,26.724999999999998,0.004166666666666667,0.0,36.625,64.08333333333333,18.916666666666668,0.004166666666666667,3.0,1010.3666666666667,1010.2666666666668,10.1,116.83333333333333,18.650000000000002,0.19166666666666665,0.009583333333333333,89.8217096218328,High Risk
2022-01-21,0.3513888888888889,25.0,0.4791666666666667,0.0,78.75,84.54166666666667,22.1125,0.4791666666666667,30.708333333333332,1010.8125,1010.7125,10.583333333333334,180.08333333333334,22.045833333333334,0.11666666666666665,0.063125,89.86836621067626,High Risk
2022-01-22,0.35503472222222227,25.579166666666666,0.09999999999999999,0.0,33.333333333333336,82.41666666666667,22.270833333333332,0.09999999999999999,11.791666666666666,1009.5875,1009.4875000000001,11.695833333333333,164.91666666666666,22.558333333333334,0.14041666666666666,0.13875,89.88877846829529,High Risk
2022-01-23,0.22291666666666665,26.087500000000002,0.008333333333333333,0.0,13.333333333333334,78.20833333333333,21.675,0.008333333333333333,4.583333333333333,1009.7291666666666,1009.6291666666666,7.779166666666666,154.20833333333334,17.145833333333332,0.17166666666666666,0.12687500000000002,89.14907713267267,High Risk
2022-01-24,0.07500000000000001,26.224999999999998,0.0,0.0,9.916666666666666,75.91666666666667,21.162499999999998,0.0,0.08333333333333333,1010.0583333333334,1009.9583333333334,6.354166666666667,144.41666666666666,14.1625,0.1729166666666667,0.05604166666666666,88.32092268070096,High Risk
2022-01-25,0.08819444444444448,26.416666666666668,0.0,0.0,11.833333333333334,76.625,21.441666666666666,0.0,0.2916666666666667,1010.1125000000001,1010.0124999999999,6.175,172.75,14.025,0.17666666666666667,0.025208333333333333,88.39479561303646,High Risk
2022-01-26,0.18416666666666667,26.929166666666664,0.029166666666666664,0.0,21.791666666666668,79.25,22.733333333333334,0.029166666666666664,6.833333333333333,1010.3249999999999,1010.225,7.1375,170.04166666666666,15.183333333333332,0.17,0.010416666666666666,88.93212399455051,High Risk
2022-01-27,0.20027777777777778,27.441666666666666,0.020833333333333332,0.0,24.166666666666668,81.08333333333333,23.641666666666666,0.020833333333333332,4.708333333333333,1010.4,1010.3000000000001,5.691666666666666,206.625,14.295833333333334,0.1625,0.0,89.02232673298123,High Risk
2022-01-28,0.21166666666666667,27.4875,0.004166666666666667,0.0,11.5,80.83333333333333,23.641666666666666,0.004166666666666667,2.25,1010.5041666666666,1010.4041666666667,6.570833333333333,215.54166666666666,14.320833333333333,0.16708333333333333,0.0,89.08609073773397,High Risk
2022-01-29,0.21618055555555551,28.383333333333336,0.0,0.0,23.5,75.29166666666667,23.03333333333333,0.0,0.625,1009.5958333333333,1009.4958333333334,9.7,202.70833333333334,19.295833333333334,0.18541666666666667,0.0,89.11136305669085,High Risk
2022-01-30,0.24673611111111113,27.9375,0.0,0.0,38.916666666666664,69.625,21.229166666666668,0.0,1.125,1009.2541666666666,1009.1541666666667,8.216666666666667,207.20833333333334,16.966666666666665,0.20125,0.0,89.2824372157836,High Risk
2022-01-31,0.3251388888888889,27.59166666666667,0.008333333333333333,0.0,20.458333333333332,76.83333333333333,22.754166666666666,0.008333333333333333,2.7083333333333335,1009.2958333333332,1009.1958333333333,10.924999999999999,205.375,20.804166666666667,0.1975,0.0,89.72139795581933,High Risk
2022-02-01,0.41972222222222216,27.991666666666664,0.012500000000000002,0.0,36.666666666666664,73.875,22.695833333333336,0.012500000000000002,7.25,1009.9,1009.8000000000001,14.695833333333333,181.5,27.004166666666666,0.19125,0.0,90.25095023919278,High Risk
2022-02-02,0.478863851095994,27.379166666666666,0.08750000000000001,0.0,43.708333333333336,78.91666666666667,23.258333333333336,0.08750000000000001,11.833333333333334,1011.2333333333332,1011.1333333333333,11.7875,182.75,23.116666666666664,0.16291666666666668,0.0,90.58207183862041,High Risk
2022-02-03,0.3782638888888889,27.662499999999998,0.004166666666666667,0.0,18.458333333333332,76.33333333333333,22.829166666666666,0.004166666666666667,2.5833333333333335,1011.0041666666666,1010.9041666666667,8.129166666666666,156.79166666666666,17.7625,0.17708333333333334,0.0,90.01883370969648,High Risk
2022-02-04,0.4135416666666667,26.666666666666668,0.18333333333333332,0.0,31.625,77.91666666666667,22.258333333333336,0.18333333333333332,11.708333333333334,1011.0833333333334,1010.9833333333332,7.429166666666667,114.25,17.229166666666668,0.14625,0.009583333333333333,90.2163466024672,High Risk
2022-02-05,0.5298958333333333,27.304166666666664,0.1708333333333333,0.0,55.5,68.70833333333333,20.337500000000002,0.1708333333333333,12.666666666666666,1011.75,1011.65,8.770833333333334,164.08333333333334,18.591666666666665,0.19333333333333333,0.02,90.86778922419424,High Risk
2022-02-06,0.4079166666666667,27.508333333333336,0.0,0.0,67.54166666666667,58.625,18.341666666666665,0.0,2.0833333333333335,1012.1999999999999,1012.1,7.854166666666667,168.04166666666666,16.783333333333335,0.19999999999999998,0.010416666666666666,90.18485340499784,High Risk
2022-02-07,0.24034722222222227,28.212500000000002,0.0,0.0,36.166666666666664,63.416666666666664,20.108333333333334,0.0,0.875,1011.1166666666667,1011.0166666666668,6.220833333333334,178.33333333333334,13.125,0.19458333333333333,0.0,89.24666716433694,High Risk
2022-02-08,0.18368055555555554,28.84166666666667,0.0,0.0,26.333333333333332,63.333333333333336,20.808333333333334,0.0,0.75,1010.4458333333333,1010.3458333333333,6.25,240.875,14.8375,0.2004166666666667,0.0,88.92940236020131,High Risk
2022-02-09,0.32729166666666665,28.308333333333334,0.04583333333333334,0.0,42.916666666666664,78.41666666666667,23.979166666666668,0.04583333333333334,7.5,1010.7583333333333,1010.6583333333333,8.875,198.75,18.4875,0.17208333333333334,0.0,89.73345090793721,High Risk
2022-02-10,0.3057638888888889,27.741666666666664,0.4375,0.0,79.75,78.79166666666667,23.53333333333333,0.4375,20.333333333333332,1010.5291666666667,1010.4291666666667,8.133333333333333,152.79166666666666,18.395833333333332,0.15916666666666665,0.014374999999999999,89.61292138675823,High Risk
2022-02-11,0.2857638888888889,28.041666666666668,0.32083333333333336,0.0,89.54166666666667,78.04166666666667,23.65416666666667,0.32083333333333336,13.916666666666666,1009.6875,1009.5875,6.591666666666666,212.08333333333334,15.545833333333334,0.16541666666666668,0.26958333333333334,89.50094557353388,High Risk
2022-02-12,0.27111111111111114,26.53333333333333,0.23333333333333336,0.0,69.5,85.25,23.724999999999998,0.23333333333333336,17.291666666666668,1009.1291666666666,1009.0291666666667,5.3500000000000005,125.04166666666667,13.666666666666666,0.11708333333333333,0.5922916666666667,89.41890773815078,High Risk
2022-02-13,0.24618055555555554,27.71666666666667,0.1625,0.0,28.166666666666668,80.66666666666667,23.891666666666666,0.1625,11.541666666666666,1007.3791666666666,1007.2791666666667,6.658333333333332,202.375,15.112499999999999,0.16166666666666668,0.44916666666666666,89.27932677652738,High Risk
2022-02-14,0.3374305555555555,26.954166666666666,0.25,0.0,69.20833333333333,82.66666666666667,23.616666666666664,0.25,35.541666666666664,1008.5333333333333,1008.4333333333334,7.483333333333333,106.58333333333333,17.775000000000002,0.15666666666666665,1.2885416666666665,89.79021642436345,High Risk
2022-02-15,0.37756944444444446,25.47083333333333,0.6666666666666666,0.0,87.33333333333333,88.875,23.441666666666666,0.6666666666666666,31.791666666666668,1009.4333333333334,1009.3333333333334,7.8999999999999995,115.16666666666667,16.854166666666668,0.08958333333333333,5.128541666666666,90.01494566062618,High Risk
2022-02-16,0.33652777777777776,25.125,0.4666666666666666,0.0,99.04166666666667,88.625,23.054166666666664,0.4666666666666666,22.0,1008.4375,1008.3375,6.679166666666666,147.375,14.4125,0.08875,11.164166666666667,89.78516196057207,High Risk
2022-02-17,0.34395833333333337,25.545833333333334,0.125,0.0,94.54166666666667,88.08333333333333,23.375,0.125,29.0,1007.8000000000001,1007.6999999999999,8.15,125.91666666666667,17.441666666666666,0.11958333333333333,16.99895833333333,89.82676408562416,High Risk
2022-02-18,0.3570138888888889,26.325,0.37916666666666665,0.0,92.58333333333333,86.0,23.741666666666664,0.37916666666666665,30.083333333333332,1008.8375,1008.7375000000001,8.608333333333333,154.95833333333334,18.224999999999998,0.13125,19.381666666666664,89.89985940814562,High Risk
2022-02-19,0.3553125,27.3125,1.0791666666666668,0.0,60.458333333333336,82.79166666666667,24.016666666666666,1.0791666666666668,26.125,1009.6208333333334,1009.5208333333334,13.6875,176.08333333333334,25.304166666666664,0.16458333333333333,16.900208333333335,89.8903336879234,High Risk
2022-02-20,0.2622222222222222,27.916666666666668,0.17083333333333336,0.0,46.916666666666664,82.625,24.575,0.17083333333333336,12.25,1008.5124999999999,1008.4125,14.508333333333333,195.16666666666666,27.070833333333336,0.17541666666666667,15.29625,89.36914071005107,High Risk
2022-02-21,0.2904861111111111,26.45,0.11666666666666668,0.0,55.208333333333336,85.375,23.733333333333334,0.11666666666666668,18.791666666666668,1010.2208333333333,1010.1208333333334,9.166666666666666,172.79166666666666,18.787499999999998,0.155,26.398958333333336,89.52738430721186,High Risk
2022-02-22,0.29315972222222225,24.8125,0.0,0.0,72.625,74.41666666666667,19.854166666666668,0.0,2.1666666666666665,1013.2416666666667,1013.1416666666668,7.416666666666667,123.5,15.6875,0.15875,46.77875,89.54235329613248,High Risk
2022-02-23,0.33555555555555555,25.6125,0.0,0.0,39.458333333333336,72.91666666666667,20.208333333333332,0.0,1.125,1014.1583333333333,1014.0583333333334,7.779166666666666,58.458333333333336,14.983333333333334,0.1625,60.18812500000001,89.77971869187365,High Risk
2022-02-24,0.3756944444444444,24.620833333333334,0.0,0.0,52.291666666666664,65.16666666666667,17.383333333333333,0.0,1.5416666666666667,1015.1958333333333,1015.0958333333333,9.941666666666666,109.29166666666667,18.8875,0.20583333333333334,61.919375,90.00444792813641,High Risk
2022-02-25,0.4686111111111111,24.65833333333333,0.0,0.0,23.833333333333332,65.70833333333333,17.4875,0.0,0.5833333333333334,1014.6791666666667,1014.5791666666668,7.841666666666666,71.45833333333333,15.1625,0.19875,53.446666666666665,90.52466889374118,High Risk
2022-02-26,0.4994444444444444,25.325,0.0,0.0,44.166666666666664,60.166666666666664,16.716666666666665,0.0,1.3333333333333333,1013.8541666666666,1013.7541666666666,7.616666666666667,171.70833333333334,14.975,0.19708333333333336,37.99604166666666,90.69729827246204,High Risk
2022-02-27,0.4794791666666667,26.337500000000002,0.0,0.0,69.45833333333333,60.0,17.745833333333334,0.0,2.125,1012.4250000000001,1012.3249999999999,9.325000000000001,164.25,18.195833333333333,0.22083333333333333,20.650833333333335,90.5855168616912,High Risk
2022-02-28,0.45826388888888886,27.608333333333334,0.0,0.0,54.791666666666664,65.70833333333333,20.208333333333332,0.0,1.7083333333333333,1011.6541666666667,1011.5541666666667,4.958333333333333,203.70833333333334,11.3125,0.19583333333333333,7.490833333333334,90.46673696259386,High Risk
2022-03-01,0.40444444444444444,28.175,0.05000000000000001,0.0,42.875,77.70833333333333,23.629166666666666,0.05000000000000001,7.666666666666667,1011.1333333333333,1011.0333333333333,8.516666666666667,185.20833333333334,17.129166666666666,0.19083333333333333,1.5220833333333337,90.16541315964639,High Risk
2022-03-02,0.30312500000000003,28.325,0.05416666666666667,0.0,43.125,79.0,24.183333333333334,0.05416666666666667,9.416666666666666,1011.0291666666667,1010.9291666666667,9.179166666666667,183.91666666666666,19.533333333333335,0.1758333333333333,0.11458333333333333,89.59814680029113,High Risk
2022-03-03,0.27791666666666665,28.775000000000002,0.041666666666666664,0.0,39.166666666666664,77.79166666666667,24.3125,0.041666666666666664,9.291666666666666,1010.8041666666667,1010.7041666666668,8.054166666666667,196.54166666666666,17.629166666666666,0.18708333333333335,0.0,89.45701061903961,High Risk
2022-03-04,0.2848611111111111,28.679166666666664,0.008333333333333333,0.0,68.375,75.25,23.6375,0.008333333333333333,6.083333333333333,1009.6999999999999,1009.6,7.6000000000000005,208.41666666666666,16.0125,0.19416666666666668,0.0,89.49589110974252,High Risk
2022-03-05,0.1675,29.191666666666666,0.008333333333333333,0.0,55.208333333333336,78.91666666666667,24.954166666666666,0.008333333333333333,5.708333333333333,1008.7083333333334,1008.6083333333332,9.795833333333333,182.75,19.854166666666668,0.19874999999999998,0.0,88.83881081686356,High Risk
2022-03-06,0.18090277777777777,29.304166666666664,0.0,0.0,48.541666666666664,77.20833333333333,24.65833333333333,0.0,1.4166666666666667,1009.0333333333333,1008.9333333333334,14.237499999999999,173.58333333333334,26.837500000000002,0.21416666666666664,0.0,88.91385016392015,High Risk
2022-03-07,0.1082638888888889,28.929166666666664,0.5666666666666668,0.0,63.125,77.83333333333333,24.458333333333332,0.5666666666666668,19.458333333333332,1009.9541666666668,1009.8541666666666,9.362499999999999,163.5,19.7375,0.18041666666666667,0.9295833333333333,88.50716023116783,High Risk
2022-03-08,0.14444444444444446,26.65416666666667,0.2333333333333333,0.0,95.0,80.91666666666667,22.8625,0.2333333333333333,25.541666666666668,1010.7541666666666,1010.6541666666667,8.808333333333334,169.0,19.129166666666666,0.1525,4.647291666666667,88.70972758772993,High Risk
2022-03-09,0.27968750000000003,27.829166666666666,0.0,0.0,7.458333333333333,77.54166666666667,23.21666666666667,0.0,0.041666666666666664,1009.4166666666666,1009.3166666666666,5.325,116.54166666666667,11.637500000000001,0.19291666666666665,8.701666666666666,89.46692514416885,High Risk
2022-03-10,0.2251388888888889,28.429166666666664,0.016666666666666666,0.0,26.5,77.5,23.95,0.016666666666666666,6.791666666666667,1008.3833333333333,1008.2833333333333,8.891666666666667,193.08333333333334,17.429166666666667,0.18916666666666668,8.276041666666666,89.1615188896976,High Risk
2022-03-11,0.17993055555555557,28.8625,0.0375,0.0,40.166666666666664,77.79166666666667,24.462500000000002,0.0375,7.375,1007.5833333333334,1007.4833333333332,8.733333333333333,188.5,18.420833333333334,0.18958333333333333,4.568958333333334,88.90840689522173,High Risk
2022-03-12,0.2086111111111111,29.45,0.012500000000000002,0.0,30.583333333333332,77.25,24.808333333333334,0.012500000000000002,5.041666666666667,1006.8333333333334,1006.7333333333332,7.858333333333333,178.83333333333334,16.654166666666665,0.20458333333333334,1.5691666666666668,89.0689833218247,High Risk
2022-03-13,0.31888888888888894,29.45,0.004166666666666667,0.0,70.45833333333333,78.58333333333333,25.083333333333332,0.004166666666666667,4.25,1007.0541666666667,1006.9541666666668,9.470833333333333,179.41666666666666,18.845833333333335,0.19708333333333336,0.3647916666666666,89.6864055141867,High Risk
2022-03-14,0.30256944444444445,29.525000000000002,0.0,0.0,89.33333333333333,78.375,25.145833333333332,0.0,2.7083333333333335,1007.8291666666668,1007.7291666666666,13.491666666666667,179.66666666666666,25.25,0.20375,0.09125,89.5950363610349,High Risk
2022-03-15,0.1879166666666667,29.675,0.0,0.0,47.083333333333336,75.04166666666667,24.508333333333336,0.0,1.4166666666666667,1006.6833333333334,1006.5833333333334,13.1875,186.58333333333334,24.7,0.2304166666666667,0.045625,88.95311945953006,High Risk
2022-03-16,0.23277777777777778,29.291666666666668,0.049999999999999996,0.0,75.75,75.45833333333333,24.3875,0.049999999999999996,10.666666666666666,1006.9,1006.8000000000001,14.1625,183.16666666666666,26.6125,0.20041666666666666,0.015625,89.20428742947078,High Risk
2022-03-17,0.14375000000000002,29.650000000000002,0.0,0.0,37.125,72.75,23.991666666666664,0.0,1.0416666666666667,1007.0291666666667,1006.9291666666667,12.2875,185.41666666666666,23.71666666666667,0.22541666666666668,0.0,88.70583953865965,High Risk
2022-03-18,0.17465277777777777,28.545833333333334,0.3833333333333333,0.0,69.375,78.79166666666667,24.349999999999998,0.3833333333333333,19.083333333333332,1007.4916666666667,1007.3916666666668,8.3375,157.625,18.345833333333335,0.15666666666666665,0.0,88.87885772228753,High Risk
2022-03-19,0.07930555555555556,28.2375,0.0,0.0,58.708333333333336,73.04166666666667,22.683333333333334,0.0,1.7916666666666667,1006.4708333333333,1006.3708333333334,7.008333333333333,122.66666666666667,15.674999999999999,0.21833333333333335,0.014374999999999999,88.34502858493676,High Risk
2022-03-20,0.18493055555555557,28.1375,0.3333333333333333,0.0,97.54166666666667,79.75,24.233333333333334,0.3333333333333333,28.416666666666668,1007.1166666666667,1007.0166666666668,11.304166666666667,153.95833333333334,22.620833333333334,0.17375,0.389375,88.93640084852782,High Risk
2022-03-21,0.28145833333333337,27.729166666666668,0.13749999999999998,0.0,99.70833333333333,80.125,23.891666666666666,0.13749999999999998,29.25,1008.4791666666666,1008.3791666666666,15.979166666666666,164.20833333333334,30.241666666666664,0.16291666666666668,1.541875,89.47683966929809,High Risk
2022-03-22,0.0926388888888889,27.599999999999998,0.2625,0.0,89.375,82.45833333333333,24.28333333333333,0.2625,35.625,1009.2791666666667,1009.1791666666667,12.725,171.25,25.016666666666666,0.17333333333333334,2.144791666666667,88.41967912708631,High Risk
2022-03-23,0.10354166666666668,27.079166666666666,0.1416666666666667,0.0,94.79166666666667,85.25,24.34166666666667,0.1416666666666667,23.166666666666668,1009.4875000000001,1009.3874999999999,8.875,170.04166666666666,16.829166666666666,0.12375000000000001,1.4064583333333334,88.48072149748987,High Risk
2022-03-24,0.09895833333333333,27.84583333333333,0.09583333333333333,0.0,99.25,82.95833333333333,24.604166666666668,0.09583333333333333,19.083333333333332,1008.9375,1008.8375,8.179166666666667,196.08333333333334,16.962500000000002,0.1475,0.78375,88.45506037362595,High Risk
2022-03-25,0.14333333333333334,28.329166666666666,0.19583333333333333,0.0,78.125,82.125,24.84583333333333,0.19583333333333333,19.083333333333332,1009.5,1009.4,8.795833333333333,202.375,16.891666666666666,0.1679166666666667,0.5702083333333333,88.70350670921746,High Risk
2022-03-26,0.10902777777777778,29.375,0.008333333333333333,0.0,13.833333333333334,78.58333333333333,25.133333333333336,0.008333333333333333,4.375,1010.3416666666667,1010.2416666666667,10.695833333333333,191.125,20.308333333333334,0.20541666666666666,0.30583333333333335,88.51143708514515,High Risk
2022-03-27,0.09749999999999999,29.625,0.0,0.0,28.125,77.45833333333333,25.09583333333333,0.0,0.7916666666666666,1009.775,1009.6750000000001,9.2875,195.125,18.575,0.21291666666666667,0.11208333333333333,88.44689547057834,High Risk
2022-03-28,0.12118055555555557,29.020833333333332,0.10416666666666667,0.0,75.58333333333333,79.125,24.895833333333332,0.10416666666666667,17.166666666666668,1009.4958333333334,1009.3958333333334,9.262500000000001,174.75,18.620833333333334,0.19833333333333333,0.08875,88.57947794387523,High Risk
2022-03-29,0.13499999999999998,28.308333333333334,0.1625,0.0,97.375,81.45833333333333,24.729166666666668,0.1625,19.541666666666668,1009.5124999999999,1009.4125,7.608333333333333,144.04166666666666,16.3875,0.165,0.34520833333333334,88.65685012037399,High Risk
2022-03-30,0.23229166666666665,28.070833333333336,0.22916666666666666,0.0,69.25,81.625,24.55,0.22916666666666666,19.541666666666668,1009.3249999999999,1009.225,5.829166666666667,149.54166666666666,14.75,0.18541666666666667,0.59,89.20156579512158,High Risk
2022-03-31,0.09187499999999998,28.662499999999998,0.18333333333333335,0.0,57.666666666666664,79.33333333333333,24.458333333333332,0.18333333333333335,12.541666666666666,1008.8625000000001,1008.7624999999999,6.204166666666667,165.58333333333334,14.929166666666667,0.19791666666666666,0.4127083333333333,88.415402273109,High Risk
2022-04-01,0.06479166666666668,28.554166666666664,0.0,0.0,87.95833333333333,72.125,22.724999999999998,0.0,2.625,1009.3916666666668,1009.2916666666666,10.3,81.08333333333333,20.554166666666667,0.2141666666666667,0.17208333333333334,88.2637683593677,High Risk
2022-04-02,0.09159722222222222,25.445833333333336,0.0,0.0,97.45833333333333,63.166666666666664,17.837500000000002,0.0,2.9583333333333335,1012.9041666666667,1012.8041666666667,13.729166666666666,61.75,25.825,0.16,0.10562500000000001,88.4138470534809,High Risk
2022-04-03,0.01736111111111112,22.175,0.016666666666666666,0.0,89.16666666666667,68.79166666666667,16.095833333333335,0.016666666666666666,8.708333333333334,1014.1166666666667,1014.0166666666668,13.85,93.33333333333333,26.25,0.13625,0.075625,87.99821460786691,High Risk
2022-04-04,0.31583333333333335,25.608333333333334,0.0,0.0,62.583333333333336,63.458333333333336,17.995833333333334,0.0,1.9166666666666667,1013.5833333333334,1013.4833333333332,8.933333333333334,133.5,17.970833333333335,0.22375,0.045625,89.66929809827744,High Risk
2022-04-05,0.27125,27.504166666666666,0.0,0.0,41.208333333333336,60.666666666666664,18.962500000000002,0.0,1.2083333333333333,1013.1041666666666,1013.0041666666666,7.783333333333334,95.91666666666667,15.704166666666666,0.20333333333333334,0.015625,89.41968534796484,High Risk
2022-04-06,0.31173611111111116,29.333333333333332,0.0,0.0,46.125,60.625,20.462500000000002,0.0,1.4583333333333333,1011.4208333333332,1011.3208333333333,8.325000000000001,59.125,15.929166666666667,0.2504166666666667,0.0,89.64635860876271,High Risk
2022-04-07,0.2759027777777778,29.791666666666668,0.0,0.0,84.45833333333333,57.041666666666664,19.95,0.0,2.5416666666666665,1010.6666666666666,1010.5666666666666,11.883333333333333,69.04166666666667,22.537499999999998,0.26708333333333334,0.0,89.44573527673579,High Risk
2022-04-08,0.2846527777777778,28.849999999999998,0.0,0.0,59.041666666666664,53.083333333333336,17.808333333333334,0.0,1.7083333333333333,1010.5833333333334,1010.4833333333332,11.183333333333332,52.125,20.841666666666665,0.27291666666666664,0.0,89.49472469502142,High Risk
2022-04-09,0.23194444444444443,28.954166666666666,0.0,0.0,18.958333333333332,58.541666666666664,19.420833333333334,0.0,0.4583333333333333,1009.0916666666667,1008.9916666666667,6.433333333333334,85.79166666666667,12.9125,0.24208333333333332,0.0,89.19962177058643,High Risk
2022-04-10,0.22444444444444445,29.391666666666666,0.0375,0.0,47.333333333333336,69.04166666666667,22.6875,0.0375,5.541666666666667,1008.1291666666666,1008.0291666666667,7.083333333333333,153.70833333333334,15.083333333333334,0.22458333333333333,0.0,89.1576308406273,High Risk
2022-04-11,0.12590277777777778,29.354166666666668,0.1708333333333333,0.0,88.625,76.625,24.508333333333336,0.1708333333333333,11.416666666666666,1007.725,1007.625,9.983333333333333,176.08333333333334,20.191666666666666,0.20083333333333334,0.359375,88.6059166775532,High Risk
2022-04-12,0.10756944444444443,29.84166666666667,0.012500000000000002,0.0,82.20833333333333,75.95833333333333,24.891666666666666,0.012500000000000002,6.583333333333333,1006.8958333333334,1006.7958333333332,10.954166666666666,186.16666666666666,21.929166666666664,0.2225,0.8841666666666667,88.50327218209755,High Risk
2022-04-13,0.08722222222222221,30.462500000000002,0.041666666666666664,0.0,47.333333333333336,72.29166666666667,24.516666666666666,0.041666666666666664,7.708333333333333,1005.6875,1005.5875,11.645833333333334,184.08333333333334,23.162499999999998,0.23750000000000002,0.6706249999999999,88.38935234433805,High Risk
2022-04-14,0.05284722222222223,31.162499999999998,0.0,0.0,51.375,67.25,23.46666666666667,0.0,1.5416666666666667,1005.7666666666668,1005.6666666666666,8.058333333333334,211.95833333333334,17.720833333333335,0.25,0.18895833333333334,88.19689391535871,High Risk
2022-04-15,0.05451388888888889,30.837500000000002,0.0,0.0,6.458333333333333,65.08333333333333,22.7625,0.0,0.041666666666666664,1006.0583333333334,1005.9583333333334,9.424999999999999,214.5,18.995833333333334,0.265,0.06125,88.20622523312743,High Risk
2022-04-16,0.100625,30.829166666666666,0.0,0.0,28.041666666666668,69.16666666666667,23.879166666666666,0.0,0.75,1005.975,1005.875,9.7125,210.875,20.033333333333335,0.2604166666666667,0.015625,88.46439169139467,High Risk
2022-04-17,0.16520833333333335,30.212500000000002,0.09583333333333333,0.0,56.875,72.95833333333333,24.7,0.09583333333333333,16.708333333333332,1007.2875,1007.1875,11.2125,161.70833333333334,23.0,0.21375,0.028749999999999998,88.82598025493161,High Risk
2022-04-18,0.2462956621004566,27.708333333333332,0.9083333333333333,0.0,95.125,81.91666666666667,24.254166666666666,0.9083333333333333,34.208333333333336,1009.7624999999999,1009.6625,6.958333333333333,152.66666666666666,16.51666666666667,0.12958333333333333,0.22770833333333332,89.27997123397601,High Risk
2022-04-19,0.41153665651953325,27.1375,0.48333333333333334,0.0,91.5,81.70833333333333,23.575,0.48333333333333334,29.083333333333332,1010.8625000000001,1010.7624999999999,7.2250000000000005,138.20833333333334,15.266666666666666,0.12958333333333333,0.43875,90.20512097037978,High Risk
2022-04-20,0.17479166666666668,28.375,0.22083333333333333,0.0,47.333333333333336,76.04166666666667,23.495833333333334,0.22083333333333333,10.083333333333334,1009.5958333333333,1009.4958333333334,5.608333333333333,182.375,13.5,0.2025,0.32145833333333335,88.87963533210159,High Risk
2022-04-21,0.2608333333333333,28.375,0.15833333333333333,0.0,56.0,79.58333333333333,24.354166666666668,0.15833333333333333,18.583333333333332,1008.8791666666666,1008.7791666666667,7.095833333333334,144.25,16.083333333333332,0.19333333333333333,0.5768749999999999,89.36136461191049,High Risk
2022-04-22,0.25434027777777773,28.84583333333333,0.2625,0.0,92.5,79.41666666666667,24.849999999999998,0.2625,23.666666666666668,1009.2125,1009.1125000000001,9.491666666666667,201.125,19.054166666666667,0.1825,1.2552083333333333,89.32501135310328,High Risk
2022-04-23,0.224375,29.766666666666666,0.0375,0.0,23.916666666666668,75.58333333333333,24.808333333333334,0.0375,11.0,1008.2666666666668,1008.1666666666666,10.862499999999999,189.625,20.891666666666666,0.22333333333333336,1.0975,89.15724203572027,High Risk
2022-04-24,0.17368055555555553,30.2375,0.0,0.0,34.833333333333336,74.25,24.958333333333332,0.0,1.0416666666666667,1006.8916666666668,1006.7916666666666,10.829166666666666,200.20833333333334,21.849999999999998,0.23583333333333334,0.5689583333333333,88.87341445358913,High Risk
2022-04-25,0.13499999999999998,30.162499999999998,0.09166666666666667,0.0,41.708333333333336,76.125,25.383333333333336,0.09166666666666667,7.708333333333333,1006.6708333333332,1006.5708333333333,14.370833333333332,185.20833333333334,26.791666666666668,0.21958333333333335,0.5610416666666667,88.65685012037399,High Risk
2022-04-26,0.0913888888888889,30.504166666666666,0.029166666666666664,0.0,70.83333333333333,73.58333333333333,25.141666666666666,0.029166666666666664,6.25,1006.9208333333332,1006.8208333333333,13.825000000000001,187.75,26.0125,0.21041666666666667,0.760625,88.4126806387598,High Risk
2022-04-27,0.010000000000000009,31.358333333333334,0.0,0.0,98.375,68.75,24.525000000000002,0.0,3.0,1006.0708333333333,1005.9708333333333,8.775,210.83333333333334,19.091666666666665,0.23875000000000002,1.0520833333333333,87.95700128772185,High Risk
2022-04-28,0.06180555555555556,31.09583333333333,0.25833333333333336,0.0,81.25,74.70833333333333,25.787499999999998,0.25833333333333336,13.125,1006.5666666666666,1006.4666666666667,12.504166666666668,173.0,25.3,0.24,1.62375,88.24704974836546,High Risk
2022-04-29,-0.01631944444444445,28.962500000000002,0.08750000000000001,0.0,98.125,75.83333333333333,23.8625,0.08750000000000001,9.125,1007.4541666666668,1007.3541666666666,5.0,200.66666666666666,12.700000000000001,0.18625,3.405208333333333,87.80964422795786,High Risk
2022-04-30,0.011111111111111105,29.304166666666664,0.049999999999999996,0.0,80.375,75.58333333333333,24.370833333333334,0.049999999999999996,16.75,1006.3041666666667,1006.2041666666668,6.9375,160.66666666666666,16.337500000000002,0.19458333333333333,78.89291666666666,87.96322216623432,High Risk
2022-05-01,0.06861111111111112,28.650000000000002,0.06666666666666667,0.0,99.25,78.91666666666667,24.5,0.06666666666666667,13.166666666666666,1005.6041666666666,1005.5041666666666,8.200000000000001,91.83333333333333,18.441666666666666,0.18541666666666667,264.2527083333334,88.2851526292543,High Risk
2022-05-02,-0.01055555555555556,26.370833333333334,1.0416666666666667,0.0,98.58333333333333,78.45833333333333,22.0625,1.0416666666666667,26.458333333333332,1007.5749999999999,1007.475,13.541666666666666,73.41666666666667,26.1875,0.15458333333333332,405.2391666666667,87.84191503524127,High Risk
2022-05-03,-0.09388888888888887,24.625,0.0,0.0,94.08333333333333,71.20833333333333,19.016666666666666,0.0,2.8333333333333335,1010.6,1010.5,9.045833333333333,43.333333333333336,17.875,0.11958333333333333,430.23104166666667,87.3753491468065,High Risk
2022-05-04,0.013124999999999979,24.445833333333336,0.0,0.0,96.08333333333333,76.58333333333333,19.912499999999998,0.0,2.9166666666666665,1010.4291666666667,1010.3291666666668,7.6875,186.79166666666666,16.366666666666667,0.14791666666666667,411.93812499999996,87.97449750853815,High Risk
2022-05-05,0.22791666666666668,27.166666666666668,0.0,0.0,89.70833333333333,76.91666666666667,22.45,0.0,2.7083333333333335,1007.8125,1007.7125,6.8,61.0,15.245833333333332,0.2025,382.33729166666666,89.17707108597875,High Risk
2022-05-06,0.2847222222222222,27.46666666666667,0.5499999999999999,0.0,92.33333333333333,82.70833333333333,24.066666666666666,0.5499999999999999,11.5,1006.8833333333333,1006.7833333333333,7.883333333333333,117.95833333333333,16.879166666666666,0.1695833333333333,354.15708333333333,89.49511349992845,High Risk
2022-05-07,0.3352777777777778,27.495833333333334,0.2833333333333333,0.0,99.29166666666667,85.45833333333333,24.633333333333336,0.2833333333333333,19.583333333333332,1007.025,1006.9250000000001,8.354166666666666,70.125,17.795833333333334,0.17375,345.9585416666667,89.77816347224555,High Risk
2022-05-08,0.3244097222222222,27.245833333333334,0.2041666666666667,0.0,99.70833333333333,84.66666666666667,24.28333333333333,0.2041666666666667,17.5,1007.5208333333334,1007.4208333333332,6.979166666666667,74.33333333333333,16.679166666666667,0.16,367.6616666666667,89.7173155042955,High Risk
2022-05-09,0.2581597222222222,27.566666666666666,0.23750000000000002,0.0,93.41666666666667,83.54166666666667,24.3875,0.23750000000000002,17.625,1007.7875,1007.6875,9.275,122.91666666666667,19.6875,0.17625000000000002,408.4370833333333,89.34639562298987,High Risk
2022-05-10,0.176875,27.52916666666667,0.1625,0.0,97.54166666666667,84.04166666666667,24.495833333333334,0.1625,29.5,1008.1291666666666,1008.0291666666667,9.5,167.54166666666666,20.195833333333333,0.15458333333333332,486.2135416666667,88.89129947931247,High Risk
2022-05-11,0.1476388888888889,27.633333333333336,0.4875,0.0,99.75,85.20833333333333,24.920833333333334,0.4875,38.833333333333336,1007.8458333333333,1007.7458333333334,9.174999999999999,182.70833333333334,18.875,0.13,597.7225,88.72761261345326,High Risk
2022-05-12,0.049513888888888906,28.27916666666667,0.09166666666666667,0.0,99.04166666666667,84.08333333333333,25.2,0.09166666666666667,17.166666666666668,1007.0583333333334,1006.9583333333334,6.633333333333333,210.41666666666666,15.083333333333334,0.1725,718.6593750000001,88.17823127982133,High Risk
2022-05-13,-0.005625000000000001,29.295833333333334,0.020833333333333332,0.0,90.20833333333333,78.45833333333333,24.974999999999998,0.020833333333333332,6.708333333333333,1006.3833333333333,1006.2833333333333,8.729166666666666,227.04166666666666,17.533333333333335,0.21291666666666667,834.019375,87.86952018364033,High Risk
2022-05-14,0.05409722222222221,29.479166666666668,0.12916666666666665,0.0,96.25,78.625,25.287499999999998,0.12916666666666665,17.375,1007.1916666666666,1007.0916666666667,7.845833333333334,216.29166666666666,16.3,0.19791666666666666,890.0891666666666,88.20389240368523,High Risk
2022-05-15,0.06729166666666667,29.65833333333333,0.16666666666666666,0.0,99.125,80.54166666666667,25.854166666666668,0.16666666666666666,15.583333333333334,1007.9416666666666,1007.8416666666667,7.941666666666666,218.375,16.858333333333334,0.15125,881.71,88.27776533602074,High Risk
2022-05-16,0.013333333333333327,29.045833333333334,0.49583333333333335,0.0,92.79166666666667,79.29166666666667,24.97083333333333,0.49583333333333335,15.833333333333334,1007.6416666666668,1007.5416666666666,8.433333333333334,239.58333333333334,18.504166666666666,0.20083333333333334,875.7033333333334,87.97566392325923,High Risk
2022-05-17,-0.00618055555555556,26.929166666666664,0.9333333333333332,0.0,98.75,86.08333333333333,24.325,0.9333333333333332,44.416666666666664,1008.4166666666666,1008.3166666666666,6.491666666666667,152.20833333333334,16.166666666666668,0.15541666666666668,903.0854166666667,87.86640974438409,High Risk
2022-05-18,0.1425,26.554166666666664,1.1791666666666667,0.0,99.95833333333333,87.75,24.275000000000002,1.1791666666666667,48.916666666666664,1009.1458333333334,1009.0458333333332,6.8,142.875,17.033333333333335,0.14583333333333334,940.3270833333332,88.69884105033312,High Risk
2022-05-19,0.1664583333333333,27.650000000000002,0.5791666666666667,0.0,100.0,84.5,24.7,0.5791666666666667,36.916666666666664,1008.8333333333334,1008.7333333333332,12.575000000000001,158.375,25.104166666666668,0.16874999999999998,1009.7666666666665,88.83297874325812,High Risk
2022-05-20,0.2260416666666667,28.495833333333334,0.30416666666666664,0.0,96.0,78.04166666666667,24.212500000000002,0.30416666666666664,18.125,1006.6333333333333,1006.5333333333333,16.325,202.25,31.94583333333333,0.20125,1127.95875,89.16657335348897,High Risk
2022-05-21,0.22,27.604166666666668,0.40416666666666673,0.0,100.0,84.375,24.695833333333336,0.40416666666666673,30.5,1004.4208333333332,1004.3208333333333,16.337500000000002,209.33333333333334,29.59583333333333,0.11833333333333333,1251.0645833333333,89.13274732657746,High Risk
2022-05-22,0.21024305555555556,26.90833333333333,0.39166666666666666,0.0,99.58333333333333,85.625,24.2625,0.39166666666666666,36.25,1002.9291666666667,1002.8291666666668,12.5875,218.08333333333334,25.516666666666666,0.11875000000000001,1373.4533333333331,89.07812023713988,High Risk
2022-05-23,0.13854166666666667,27.991666666666664,0.05833333333333334,0.0,90.58333333333333,79.625,24.041666666666668,0.05833333333333334,16.958333333333332,1004.1125000000001,1004.0124999999999,10.979166666666666,228.91666666666666,22.058333333333334,0.18625,1483.7514583333332,88.67667917063247,High Risk
2022-05-24,0.19062500000000002,28.145833333333332,0.4583333333333333,0.0,99.83333333333333,79.66666666666667,24.241666666666664,0.4583333333333333,26.833333333333332,1007.1041666666666,1007.0041666666666,11.683333333333332,217.25,23.166666666666668,0.16583333333333333,1545.4520833333333,88.9682828509042,High Risk
2022-05-25,0.07125,28.120833333333334,0.08333333333333333,0.0,99.20833333333333,80.5,24.333333333333332,0.08333333333333333,17.166666666666668,1008.5375,1008.4375,9.15,238.83333333333334,19.954166666666666,0.18583333333333332,1541.7375,88.2999272157214,High Risk
2022-05-26,-0.0675,28.2375,0.041666666666666664,0.0,99.54166666666667,76.25,23.599999999999998,0.041666666666666664,13.0,1006.3416666666667,1006.2416666666667,11.262500000000001,251.91666666666666,22.45,0.16708333333333333,1477.2108333333333,87.52309501147751,High Risk
2022-05-27,0.013680555555555552,28.65833333333333,0.1125,0.0,96.29166666666667,75.41666666666667,23.8125,0.1125,17.166666666666668,1004.9208333333332,1004.8208333333333,11.245833333333332,248.5,22.929166666666664,0.17833333333333334,1379.5118750000001,87.97760794779438,High Risk
2022-05-28,0.08552083333333332,28.120833333333334,0.075,0.0,84.25,78.29166666666667,23.879166666666666,0.075,14.625,1004.4083333333333,1004.3083333333334,10.945833333333333,228.54166666666666,22.787499999999998,0.20083333333333334,1278.2647916666667,88.37982662411585,High Risk
2022-05-29,-0.057361111111111106,28.40833333333333,0.27499999999999997,0.0,83.5,78.125,24.129166666666666,0.27499999999999997,13.708333333333334,1004.9083333333333,1004.8083333333334,10.383333333333333,231.91666666666666,21.008333333333333,0.20125,1192.4604166666666,87.57986052790375,High Risk
2022-05-30,-0.141875,28.366666666666664,0.17916666666666667,0.0,93.20833333333333,76.5,23.724999999999998,0.17916666666666667,19.833333333333332,1004.8958333333334,1004.7958333333332,11.1875,236.95833333333334,22.933333333333334,0.20625000000000002,1119.1383333333333,87.10668495604949,High Risk
2022-05-31,-0.011249999999999991,28.3125,0.3541666666666667,0.0,83.0,79.875,24.349999999999998,0.3541666666666667,13.541666666666666,1004.9375,1004.8375,6.991666666666667,230.625,16.604166666666668,0.19041666666666668,1053.8733333333332,87.83802698617097,High Risk
2022-06-01,-0.02486111111111111,28.929166666666664,0.025000000000000005,0.0,99.95833333333333,79.25,24.7625,0.025000000000000005,7.0,1005.7166666666667,1005.6166666666667,7.683333333333334,221.70833333333334,16.654166666666665,0.19791666666666666,998.0729166666666,87.7618212243933,High Risk
2022-06-02,-0.011145833333333346,29.120833333333334,0.1375,0.0,98.375,76.66666666666667,24.412499999999998,0.1375,9.541666666666666,1005.9541666666668,1005.8541666666666,10.345833333333333,213.08333333333334,20.929166666666667,0.22375,953.8579166666667,87.83861019353152,High Risk
2022-06-03,0.05638888888888891,28.787499999999998,0.7416666666666667,0.0,97.875,79.125,24.72083333333333,0.7416666666666667,14.041666666666666,1006.6999999999999,1006.6,11.4375,188.20833333333334,24.058333333333334,0.18625,925.2147916666667,88.2167229656172,High Risk
2022-06-04,-0.016249999999999976,28.270833333333332,0.07083333333333333,0.0,99.875,79.20833333333333,24.254166666666666,0.07083333333333333,11.166666666666666,1007.7125,1007.6125000000001,13.25,197.70833333333334,24.925,0.14,913.2027083333334,87.8100330328649,High Risk
2022-06-05,-0.10013888888888889,28.270833333333332,0.04583333333333334,0.0,92.5,78.33333333333333,24.025000000000002,0.04583333333333334,12.875,1007.3125,1007.2125,9.012500000000001,234.25,18.479166666666668,0.15916666666666665,914.0383333333334,87.34035670517389,High Risk
2022-06-06,-0.04888888888888887,28.195833333333336,0.008333333333333333,0.0,99.75,77.25,23.7,0.008333333333333333,7.0,1006.8458333333333,1006.7458333333334,9.299999999999999,242.91666666666666,19.541666666666668,0.16916666666666666,918.3458333333334,87.62729472656127,High Risk
2022-06-07,-0.13791666666666666,28.6875,0.024999999999999998,0.0,100.0,71.54166666666667,22.883333333333336,0.024999999999999998,9.0,1007.1208333333334,1007.0208333333334,10.429166666666667,235.20833333333334,21.724999999999998,0.19583333333333333,916.4120833333333,87.12884683575012,High Risk
2022-06-08,-0.09194444444444444,28.745833333333334,0.016666666666666666,0.0,99.875,71.83333333333333,22.96666666666667,0.016666666666666666,9.0,1007.3541666666666,1007.2541666666666,9.387500000000001,223.04166666666666,19.475,0.20541666666666666,913.11,87.38623568420331,High Risk
2022-06-09,-0.03173611111111111,29.070833333333336,0.08333333333333333,0.0,96.29166666666667,74.95833333333333,23.933333333333334,0.08333333333333333,9.333333333333334,1007.0416666666666,1006.9416666666666,8.816666666666666,218.29166666666666,18.895833333333332,0.2225,908.0979166666666,87.72332953859743,High Risk
2022-06-10,-0.02868055555555556,28.941666666666666,0.029166666666666664,0.0,98.625,76.875,24.191666666666666,0.029166666666666664,9.083333333333334,1007.3291666666668,1007.2291666666666,8.633333333333333,216.125,18.970833333333335,0.21083333333333334,891.8208333333333,87.7404369545067,High Risk
2022-06-11,-0.04916666666666667,29.4375,0.07916666666666666,0.0,98.95833333333333,74.875,24.2,0.07916666666666666,9.125,1007.6041666666666,1007.5041666666666,8.995833333333334,220.83333333333334,18.925,0.22708333333333333,870.4379166666666,87.62573950693316,High Risk
2022-06-12,0.05555555555555557,29.837500000000002,0.024999999999999998,0.0,96.66666666666667,70.875,23.625,0.024999999999999998,7.083333333333333,1007.7083333333334,1007.6083333333332,8.241666666666667,253.79166666666666,18.033333333333335,0.23916666666666667,854.3310416666667,88.21205730673285,High Risk
2022-06-13,-0.000625000000000026,29.425,0.2125,0.0,97.45833333333333,75.45833333333333,24.258333333333336,0.2125,15.625,1007.6125000000001,1007.5124999999999,6.741666666666667,193.08333333333334,16.629166666666666,0.21916666666666665,844.4520833333332,87.89751413694643,High Risk
2022-06-14,0.12444444444444445,29.816666666666666,0.13749999999999998,0.0,96.25,74.16666666666667,24.541666666666668,0.13749999999999998,23.25,1007.1875,1007.0875,10.016666666666667,191.79166666666666,20.191666666666666,0.2025,841.3247916666668,88.59775177450558,High Risk
2022-06-15,0.11947916666666665,29.516666666666666,0.14583333333333331,0.0,89.375,74.79166666666667,24.479166666666668,0.14583333333333331,17.375,1008.2041666666668,1008.1041666666666,10.716666666666667,189.08333333333334,22.099999999999998,0.19458333333333333,845.133125,88.56995222365302,High Risk
2022-06-16,0.046319444444444476,29.45,0.15,0.0,99.45833333333333,74.75,24.433333333333334,0.15,15.833333333333334,1009.0083333333333,1008.9083333333333,10.079166666666667,176.83333333333334,20.754166666666666,0.19541666666666668,844.4520833333332,88.160346254098,High Risk
2022-06-17,0.07437499999999998,30.141666666666666,0.016666666666666666,0.0,88.29166666666667,72.0,24.254166666666666,0.016666666666666666,6.666666666666667,1008.6208333333334,1008.5208333333334,7.541666666666667,223.16666666666666,16.833333333333332,0.21458333333333335,836.7008333333333,88.3174234365377,High Risk
2022-06-18,0.08590277777777777,30.179166666666664,0.012499999999999999,0.0,98.5,71.29166666666667,24.0125,0.012499999999999999,5.0,1008.4,1008.3000000000001,6.8625,244.20833333333334,15.354166666666666,0.21583333333333332,834.5247916666666,88.3819650511045,High Risk
2022-06-19,0.005347222222222235,30.03333333333333,0.19999999999999998,0.0,74.375,66.0,22.566666666666666,0.19999999999999998,12.75,1007.5416666666666,1007.4416666666666,9.783333333333333,246.83333333333334,21.55,0.24541666666666664,840.2435416666667,87.9309513589509,High Risk
2022-06-20,0.0009027777777777755,30.104166666666668,0.004166666666666667,0.0,77.625,68.5,23.099999999999998,0.004166666666666667,4.458333333333333,1005.4083333333333,1005.3083333333334,10.450000000000001,254.75,21.71666666666667,0.2529166666666667,845.214375,87.90606784490105,High Risk
2022-06-21,0.03826388888888888,28.733333333333334,1.3,0.0,98.45833333333333,74.41666666666667,23.366666666666664,1.3,22.0,1005.4416666666666,1005.3416666666667,7.491666666666667,256.375,17.670833333333334,0.17416666666666666,842.506875,88.11524488488264,High Risk
2022-06-22,-0.010590277777777787,28.583333333333332,0.18333333333333335,0.0,97.125,80.625,24.650000000000002,0.18333333333333335,21.458333333333332,1007.4208333333332,1007.3208333333333,6.833333333333333,226.5,16.400000000000002,0.1975,831.1191666666667,87.84172063278776,High Risk
2022-06-23,0.022673611111111106,28.620833333333334,0.12083333333333333,0.0,99.79166666666667,77.875,24.004166666666666,0.12083333333333333,13.5,1008.1916666666666,1008.0916666666667,7.016666666666667,211.0,16.591666666666665,0.18541666666666667,817.720625,88.02795818325463,High Risk
2022-06-24,0.007013888888888889,28.1375,1.1541666666666666,0.0,99.95833333333333,78.79166666666667,23.866666666666664,1.1541666666666666,27.083333333333332,1007.225,1007.125,7.308333333333334,209.625,16.974999999999998,0.18958333333333333,814.5277083333334,87.94028267671959,High Risk
2022-06-25,0.023194444444444424,28.016666666666666,0.2791666666666666,0.0,99.58333333333333,81.79166666666667,24.445833333333336,0.2791666666666666,19.75,1006.0,1005.9,7.679166666666667,162.70833333333334,17.095833333333335,0.20333333333333334,816.5591666666668,88.03087422005734,High Risk
2022-06-26,0.2095138888888889,27.900000000000002,0.425,0.0,100.0,80.45833333333333,24.070833333333336,0.425,28.666666666666668,1007.5458333333332,1007.4458333333333,12.1875,166.75,23.5625,0.18083333333333332,814.6791666666667,89.07403778561608,High Risk
2022-06-27,0.08374999999999999,27.925,0.24583333333333332,0.0,99.25,82.25,24.504166666666666,0.24583333333333332,17.583333333333332,1008.2833333333333,1008.1833333333334,10.0375,182.70833333333334,20.079166666666666,0.1575,820.0441666666667,88.36991209898662,High Risk
2022-06-28,-0.037245370370370366,28.366666666666664,0.35833333333333334,0.0,87.45833333333333,80.25,24.354166666666668,0.35833333333333334,9.333333333333334,1006.8916666666668,1006.7916666666666,6.570833333333333,244.5,15.158333333333333,0.19999999999999998,838.9958333333334,87.69248434930647,High Risk
2022-06-29,0.6639236111111111,29.212500000000002,0.1125,0.0,77.41666666666667,76.95833333333333,24.554166666666664,0.1125,8.833333333333334,1004.4583333333334,1004.3583333333332,8.670833333333333,252.04166666666666,18.275000000000002,0.21416666666666664,859.6995833333334,91.61818269476015,High Risk
2022-06-30,0.6221064814814815,28.97083333333333,0.6541666666666667,0.0,93.5,74.08333333333333,23.758333333333336,0.6541666666666667,11.916666666666666,1003.5958333333333,1003.4958333333334,11.370833333333332,258.4583333333333,23.150000000000002,0.20666666666666667,867.0016666666667,91.38405733991087,High Risk
2022-07-01,0.2733328912178174,29.1875,0.6083333333333333,0.0,98.83333333333333,73.16666666666667,23.77916666666667,0.6083333333333333,16.5,1003.4041666666667,1003.3041666666667,13.375,226.95833333333334,25.9375,0.1975,864.0529166666666,89.43134701986348,High Risk
2022-07-02,0.30203703703703705,28.566666666666666,0.19999999999999998,0.0,99.20833333333333,77.875,24.254166666666666,0.19999999999999998,13.666666666666666,1003.3916666666668,1003.2916666666666,10.5875,219.54166666666666,21.733333333333334,0.15083333333333335,855.3675,89.59205552341434,High Risk
2022-07-03,0.261400462962963,28.75,0.04583333333333334,0.0,99.875,76.5,24.09583333333333,0.04583333333333334,13.083333333333334,1004.6833333333334,1004.5833333333334,10.891666666666666,227.04166666666666,23.833333333333332,0.1708333333333333,843.5225,89.36453985198455,High Risk
2022-07-04,0.29618055555555556,28.558333333333334,0.47500000000000003,0.0,99.95833333333333,79.25,24.525000000000002,0.47500000000000003,21.0,1004.5916666666667,1004.4916666666667,12.475,209.33333333333334,24.516666666666666,0.16708333333333333,836.6104166666668,89.55926630958822,High Risk
2022-07-05,0.3704050925925926,28.854166666666668,0.22083333333333333,0.0,99.91666666666667,77.75,24.425,0.22083333333333333,17.916666666666668,1004.8416666666667,1004.7416666666667,12.045833333333334,209.16666666666666,23.329166666666666,0.19166666666666665,841.1070833333333,89.97483395438437,High Risk
2022-07-06,0.32225694444444447,29.104166666666668,0.09166666666666667,0.0,100.0,76.79166666666667,24.416666666666668,0.09166666666666667,13.166666666666666,1006.3041666666667,1006.2041666666668,9.65,231.25,19.933333333333334,0.21541666666666667,857.6579166666667,89.70526255217762,High Risk
2022-07-07,0.278125,28.77916666666667,0.24583333333333335,0.0,100.0,77.08333333333333,24.270833333333332,0.24583333333333335,13.916666666666666,1006.6083333333332,1006.5083333333333,9.054166666666667,244.16666666666666,19.366666666666667,0.16624999999999998,869.8814583333334,89.4581770337607,High Risk
2022-07-08,0.30053240740740744,28.325,0.5333333333333333,0.0,96.41666666666667,77.66666666666667,23.912499999999998,0.5333333333333333,22.583333333333332,1006.2166666666667,1006.1166666666667,11.833333333333334,234.20833333333334,24.008333333333336,0.18875,873.9010416666666,89.58363141709538,High Risk
2022-07-09,0.3126041666666667,27.15416666666667,0.6541666666666667,0.0,100.0,85.5,24.391666666666666,0.6541666666666667,34.583333333333336,1005.2291666666666,1005.1291666666666,6.8500000000000005,239.83333333333334,15.5375,0.1025,900.9022916666667,89.65121867010059,High Risk
2022-07-10,0.2947916666666667,27.554166666666664,0.1708333333333333,0.0,99.79166666666667,78.29166666666667,23.400000000000002,0.1708333333333333,15.583333333333334,1005.8041666666667,1005.7041666666668,9.737499999999999,240.58333333333334,19.791666666666668,0.11208333333333333,983.4335416666667,89.55149021144764,High Risk
2022-07-11,0.28658564814814813,28.054166666666664,0.020833333333333332,0.0,98.66666666666667,73.25,22.758333333333336,0.020833333333333332,10.958333333333334,1005.8916666666668,1005.7916666666666,11.612499999999999,261.2916666666667,24.141666666666666,0.12791666666666668,1102.2214583333332,89.5055464316004,High Risk
2022-07-12,0.36636574074074074,27.741666666666664,0.2916666666666667,0.0,100.0,74.33333333333333,22.695833333333336,0.2916666666666667,13.583333333333334,1004.9458333333333,1004.8458333333333,12.025,263.625,23.233333333333334,0.11791666666666667,1209.9508333333333,89.95221846895885,High Risk
2022-07-13,0.30011574074074077,26.075,0.3458333333333334,0.0,100.0,84.79166666666667,23.28333333333333,0.3458333333333334,36.25,1004.2833333333333,1004.1833333333334,10.575000000000001,256.9583333333333,20.479166666666668,0.0775,1286.3589583333335,89.58129858765321,High Risk
2022-07-14,0.2520486111111111,27.554166666666664,0.22499999999999998,0.0,99.20833333333333,80.79166666666667,23.849999999999998,0.22499999999999998,12.0,1003.7833333333333,1003.6833333333334,8.083333333333334,237.33333333333334,17.195833333333333,0.1679166666666667,1324.5720833333332,89.31218079117131,High Risk
2022-07-15,0.2366898148148148,27.712500000000002,0.3541666666666667,0.0,99.91666666666667,80.5,23.954166666666666,0.3541666666666667,19.666666666666668,1005.1916666666666,1005.0916666666667,7.983333333333333,221.16666666666666,17.345833333333335,0.14125000000000001,1344.3985416666667,89.22619010590009,High Risk
2022-07-16,0.31217592592592597,27.78333333333333,0.1875,0.0,90.29166666666667,83.54166666666667,24.53333333333333,0.1875,21.458333333333332,1006.1374999999999,1006.0375,8.570833333333333,196.58333333333334,17.654166666666665,0.18666666666666668,1360.314375,89.64882103984057,High Risk
2022-07-17,0.2982523148148148,28.0,0.13333333333333333,0.0,95.5,82.54166666666667,24.59583333333333,0.13333333333333333,17.458333333333332,1007.6291666666666,1007.5291666666667,7.508333333333333,237.16666666666666,16.025,0.17166666666666666,1354.61,89.57086565598125,High Risk
2022-07-18,0.3143518518518518,29.020833333333332,0.32916666666666666,0.0,85.08333333333333,78.08333333333333,24.620833333333334,0.32916666666666666,17.208333333333332,1006.4,1006.3000000000001,9.108333333333333,245.83333333333334,19.349999999999998,0.2091666666666667,1337.4760416666666,89.66100359359416,High Risk
2022-07-19,0.33326388888888886,29.474999999999998,0.09999999999999999,0.0,74.66666666666667,74.375,24.266666666666666,0.09999999999999999,6.875,1004.975,1004.875,11.674999999999999,252.75,23.575,0.21625000000000003,1313.508125,89.76688812994172,High Risk
2022-07-20,0.357511574074074,28.150000000000002,0.3541666666666667,0.0,100.0,78.66666666666667,23.920833333333334,0.3541666666666667,30.416666666666668,1005.1333333333333,1005.0333333333333,9.508333333333333,260.5,20.474999999999998,0.15958333333333333,1300.4877083333333,89.90264584331265,High Risk
2022-07-21,0.4171180555555556,26.21666666666667,1.3708333333333333,0.0,100.0,88.83333333333333,24.195833333333336,1.3708333333333333,57.083333333333336,1006.85,1006.75,9.075000000000001,211.29166666666666,19.679166666666667,0.08333333333333333,1348.3908333333334,90.23637005517918,High Risk
2022-07-22,0.3636689814814815,27.6125,0.225,0.0,93.45833333333333,82.91666666666667,24.354166666666668,0.225,29.541666666666668,1008.8833333333333,1008.7833333333333,10.2875,192.375,20.845833333333335,0.15875,1482.2141666666666,89.93711987840256,High Risk
2022-07-23,0.33695601851851853,27.90416666666667,0.19999999999999998,0.0,99.66666666666667,82.41666666666667,24.541666666666668,0.19999999999999998,19.75,1008.525,1008.4250000000001,10.070833333333333,190.625,20.070833333333333,0.16416666666666666,1657.210625,89.78755959083206,High Risk
2022-07-24,0.34805555555555556,27.400000000000002,0.7875,0.0,98.91666666666667,86.66666666666667,24.883333333333336,0.7875,29.0,1007.6333333333333,1007.5333333333333,4.554166666666666,129.58333333333334,12.25,0.16541666666666666,1838.2910416666666,89.84970357513886,High Risk
2022-07-25,0.31681712962962966,27.758333333333336,0.28750000000000003,0.0,61.166666666666664,85.75,25.075,0.28750000000000003,20.958333333333332,1007.7041666666668,1007.6041666666666,4.75,145.91666666666666,13.083333333333334,0.18458333333333332,2017.9414583333335,89.67480616779368,High Risk
2022-07-26,0.30997685185185186,28.804166666666664,0.0375,0.0,81.16666666666667,79.875,24.77916666666667,0.0375,8.583333333333334,1007.6666666666666,1007.5666666666666,4.941666666666666,219.20833333333334,11.358333333333334,0.215,2126.2591666666667,89.63650888445132,High Risk
2022-07-27,0.3499305555555556,29.1875,0.0375,0.0,79.83333333333333,77.75,24.816666666666666,0.0375,8.458333333333334,1007.1416666666668,1007.0416666666666,8.279166666666667,170.95833333333334,16.229166666666668,0.2070833333333333,2121.3625,89.86020130762866,High Risk
2022-07-28,0.32005787037037037,28.34166666666667,0.17083333333333336,0.0,97.70833333333333,81.70833333333333,24.90833333333333,0.17083333333333336,27.416666666666668,1007.4291666666667,1007.3291666666668,9.166666666666666,184.79166666666666,18.3625,0.16208333333333333,2030.124375,89.69295039678836,High Risk
2022-07-29,0.26417824074074076,28.958333333333332,0.041666666666666664,0.0,50.25,79.25,24.900000000000002,0.041666666666666664,11.875,1006.5541666666667,1006.4541666666668,10.133333333333333,189.16666666666666,19.941666666666666,0.21375,1899.9072916666667,89.38009204826571,High Risk
2022-07-30,0.1871759259259259,28.900000000000002,0.22083333333333333,0.0,98.375,79.0,24.712500000000002,0.22083333333333333,12.0,1005.8166666666666,1005.7166666666667,6.804166666666667,241.75,15.045833333333334,0.20583333333333334,1768.6320833333332,88.94897220718843,High Risk
2022-07-31,0.18993055555555552,28.304166666666664,0.7374999999999999,0.0,100.0,81.58333333333333,24.71666666666667,0.7374999999999999,25.166666666666668,1005.0625,1004.9625,6.745833333333334,231.75,15.758333333333333,0.16125,1677.3266666666666,88.96439480183392,High Risk
2022-08-01,0.1582523148148148,26.8875,1.7625000000000002,0.0,94.125,89.29166666666667,24.925,1.7625000000000002,47.125,1005.4208333333332,1005.3208333333333,7.441666666666666,164.41666666666666,17.108333333333334,0.115,1647.16,88.78703496341086,High Risk
2022-08-02,0.17261574074074074,26.808333333333334,0.5708333333333334,0.0,99.04166666666667,88.29166666666667,24.675,0.5708333333333334,43.5,1006.1208333333334,1006.0208333333334,10.629166666666666,165.20833333333334,20.7,0.08958333333333333,1650.8064583333335,88.86745277834801,High Risk
2022-08-03,0.2751736111111111,27.8625,0.18333333333333335,0.0,98.29166666666667,81.5,24.34166666666667,0.18333333333333335,31.333333333333332,1007.7666666666668,1007.6666666666666,13.700000000000001,186.875,26.40833333333333,0.14583333333333334,1663.9556249999998,89.44165282521197,High Risk
2022-08-04,0.3385532407407408,27.695833333333336,0.4375,0.0,99.41666666666667,83.58333333333333,24.558333333333334,0.4375,24.25,1007.8208333333333,1007.7208333333333,6.766666666666667,220.70833333333334,16.2625,0.17375,1686.9829166666668,89.79650210369374,High Risk
2022-08-05,0.30422453703703706,27.604166666666668,0.22083333333333333,0.0,100.0,82.04166666666667,24.175,0.22083333333333333,23.75,1007.15,1007.0500000000001,9.858333333333333,221.66666666666666,20.25,0.12666666666666668,1733.719375,89.60430287798576,High Risk
2022-08-06,0.24186342592592594,28.491666666666664,0.0625,0.0,100.0,77.70833333333333,24.129166666666666,0.0625,19.0,1005.5625,1005.4625,11.866666666666667,214.70833333333334,24.304166666666664,0.20541666666666666,1825.5941666666668,89.25515607147373,High Risk
2022-08-07,0.2656712962962963,27.650000000000002,0.3458333333333334,0.0,98.29166666666667,80.25,23.8875,0.3458333333333334,14.458333333333334,1005.5416666666666,1005.4416666666666,11.729166666666666,196.91666666666666,23.7,0.13833333333333334,1929.62625,89.38845135376684,High Risk
2022-08-08,0.21575231481481483,26.40416666666667,0.8916666666666666,0.0,100.0,88.45833333333333,24.3,0.8916666666666666,52.833333333333336,1006.8458333333333,1006.7458333333334,7.145833333333333,229.54166666666666,16.404166666666665,0.07125,1984.7339583333332,89.10896542643084,High Risk
2022-08-09,0.2623611111111111,26.0,0.29583333333333334,0.0,98.54166666666667,86.58333333333333,23.5125,0.29583333333333334,23.916666666666668,1006.525,1006.4250000000001,5.570833333333333,204.125,12.237499999999999,0.075,2018.7885416666668,89.36991831986512,High Risk
2022-08-10,0.26537037037037037,27.516666666666666,0.029166666666666664,0.0,90.41666666666667,78.875,23.416666666666668,0.029166666666666664,6.833333333333333,1005.0,1004.9,10.762500000000001,247.66666666666666,21.71666666666667,0.17458333333333334,2110.7508333333335,89.38676653250305,High Risk
2022-08-11,0.3474305555555555,27.429166666666664,0.8624999999999999,0.0,100.0,83.04166666666667,24.212500000000002,0.8624999999999999,31.5,1005.2791666666667,1005.1791666666667,11.358333333333334,234.91666666666666,23.208333333333332,0.13375,2282.637708333333,89.84620433097561,High Risk
2022-08-12,0.4191898148148148,27.129166666666666,0.38333333333333336,0.0,100.0,83.70833333333333,24.083333333333332,0.38333333333333336,18.666666666666668,1006.8208333333333,1006.7208333333333,11.75,200.625,22.991666666666664,0.15083333333333335,2488.565416666667,90.24796940157222,High Risk
2022-08-13,0.3336689814814815,27.541666666666668,0.0375,0.0,98.16666666666667,82.91666666666667,24.2,0.0375,15.0,1007.9125,1007.8125,8.704166666666667,209.0,16.98333333333333,0.2025,2645.7829166666666,89.76915615856603,High Risk
2022-08-14,0.3235648148148148,28.304166666666664,0.07083333333333335,0.0,77.54166666666667,78.75,24.079166666666666,0.07083333333333335,12.583333333333334,1008.1708333333332,1008.0708333333333,7.2749999999999995,242.54166666666666,15.179166666666667,0.21041666666666667,2697.00875,89.71258504459333,High Risk
2022-08-15,0.34827546296296297,27.666666666666668,1.3166666666666667,0.0,95.41666666666667,83.83333333333333,24.587500000000002,1.3166666666666667,32.833333333333336,1007.7708333333334,1007.6708333333332,9.295833333333333,255.75,18.204166666666666,0.15291666666666667,2664.0852083333334,89.85093479067781,High Risk
2022-08-16,0.3292824074074074,26.912499999999998,0.39999999999999997,0.0,100.0,85.79166666666667,24.28333333333333,0.39999999999999997,42.333333333333336,1006.3458333333333,1006.2458333333334,10.129166666666666,228.45833333333334,20.925,0.10791666666666666,2641.1614583333335,89.74459664860538,High Risk
2022-08-17,0.24886574074074075,27.875,0.15416666666666665,0.0,87.66666666666667,79.70833333333333,23.962500000000002,0.15416666666666665,15.041666666666666,1006.3249999999999,1006.225,12.2875,211.29166666666666,24.1875,0.17958333333333334,2689.077291666667,89.29436056626582,High Risk
2022-08-18,0.31690972222222225,28.016666666666666,0.10833333333333334,0.0,77.625,80.91666666666667,24.308333333333334,0.10833333333333334,13.0,1006.7958333333332,1006.6958333333333,9.170833333333333,220.5,19.108333333333334,0.18458333333333332,2764.7977083333335,89.67532457433637,High Risk
2022-08-19,0.22144675925925927,27.754166666666666,1.0416666666666667,0.0,96.41666666666667,83.875,24.679166666666664,1.0416666666666667,25.125,1006.7166666666667,1006.6166666666667,8.625,215.25,18.766666666666666,0.17,2826.0639583333336,89.1408474288072,High Risk
2022-08-20,0.2965393518518519,27.266666666666666,0.5625,0.0,99.29166666666667,84.25,24.349999999999998,0.5625,23.916666666666668,1005.7791666666667,1005.6791666666667,9.883333333333333,238.58333333333334,20.483333333333334,0.12333333333333334,2901.4495833333335,89.56127513494123,High Risk
2022-08-21,0.3801967592592593,27.741666666666664,0.37083333333333335,0.0,100.0,83.04166666666667,24.504166666666666,0.37083333333333335,20.75,1004.7875,1004.6875,8.495833333333334,228.20833333333334,17.970833333333335,0.14791666666666667,2979.8225,90.02965544627544,High Risk
2022-08-22,0.3604282407407407,27.945833333333336,0.1125,0.0,94.66666666666667,82.91666666666667,24.6875,0.1125,15.125,1006.1666666666666,1006.0666666666666,10.0,200.20833333333334,20.729166666666668,0.18583333333333332,3008.689375,89.91897564940787,High Risk
2022-08-23,0.3320216049382716,28.204166666666666,0.049999999999999996,0.0,81.83333333333333,79.41666666666667,24.150000000000002,0.049999999999999996,8.791666666666666,1007.1875,1007.0875,8.091666666666667,229.375,16.904166666666665,0.22375,2988.591875,89.75993284216042,High Risk
2022-08-24,0.3487422839506173,28.758333333333336,0.0,0.0,86.45833333333333,78.375,24.370833333333334,0.0,2.6666666666666665,1006.025,1005.9250000000001,8.879166666666666,248.625,18.1875,0.21541666666666667,2973.9522916666665,89.85354842366394,High Risk
2022-08-25,0.35290509259259256,27.2625,1.2541666666666667,0.0,100.0,84.625,24.383333333333336,1.2541666666666667,31.833333333333332,1004.8625000000001,1004.7624999999999,8.841666666666667,231.5,18.133333333333333,0.10166666666666667,3027.674375,89.87685511781307,High Risk
2022-08-26,0.316712962962963,27.09166666666667,0.5333333333333333,0.0,100.0,87.20833333333333,24.71666666666667,0.5333333333333333,34.833333333333336,1006.35,1006.25,13.583333333333334,190.66666666666666,26.733333333333334,0.11375,3123.580416666667,89.67422296043314,High Risk
2022-08-27,0.34129629629629626,27.379166666666666,0.05833333333333334,0.0,93.75,85.08333333333333,24.5625,0.05833333333333334,18.916666666666668,1008.0541666666667,1007.9541666666668,10.379166666666666,161.33333333333334,20.741666666666667,0.16666666666666666,3175.5802083333333,89.81185989752139,High Risk
2022-08-28,0.3165277777777778,28.2375,0.02916666666666667,0.0,86.125,83.125,24.983333333333334,0.02916666666666667,14.583333333333334,1007.3874999999999,1007.2875,5.004166666666666,140.625,12.450000000000001,0.20166666666666666,3172.6966666666667,89.67318614734772,High Risk
2022-08-29,0.2803703703703703,26.379166666666666,0.42500000000000004,0.0,97.5,89.79166666666667,24.520833333333332,0.42500000000000004,28.583333333333332,1008.3625000000001,1008.2624999999999,6.825,195.16666666666666,16.045833333333334,0.10625,3150.8485416666667,89.47074839242131,High Risk
2022-08-30,0.3871296296296296,27.599999999999998,0.1416666666666667,0.0,88.54166666666667,84.95833333333333,24.679166666666664,0.1416666666666667,9.208333333333334,1008.7166666666667,1008.6166666666667,4.645833333333333,77.25,11.75,0.18958333333333333,3160.444791666667,90.06847113616051,High Risk
2022-08-31,0.44144675925925925,28.379166666666666,0.016666666666666666,0.0,92.83333333333333,83.70833333333333,25.170833333333334,0.016666666666666666,8.833333333333334,1007.725,1007.625,6.175,177.875,12.991666666666667,0.19125,3165.734375,90.372581374275,High Risk
2022-09-01,0.43752314814814813,28.47083333333333,0.1125,0.0,72.70833333333333,84.04166666666667,25.358333333333334,0.1125,16.833333333333332,1007.8291666666668,1007.7291666666666,4.916666666666667,170.16666666666666,11.395833333333334,0.19791666666666666,3095.54625,90.35061389702787,High Risk
2022-09-02,0.34805555555555556,28.587500000000002,0.25,0.0,80.41666666666667,82.625,25.195833333333336,0.25,19.25,1007.8125,1007.7125,4.420833333333333,129.58333333333334,11.870833333333332,0.19541666666666668,2996.918333333333,89.84970357513886,High Risk
2022-09-03,0.32645833333333335,28.308333333333334,0.2125,0.0,99.66666666666667,85.5,25.55,0.2125,19.75,1006.8166666666666,1006.7166666666667,6.25,205.45833333333334,13.4625,0.16874999999999998,2899.0589583333335,89.72878524905286,High Risk
2022-09-04,0.41111111111111115,28.2375,1.1541666666666666,0.0,95.70833333333333,84.91666666666667,25.337500000000002,1.1541666666666666,38.5,1007.4791666666666,1007.3791666666666,7.141666666666667,208.70833333333334,15.941666666666668,0.17666666666666667,2800.224791666667,90.20273843072118,High Risk
2022-09-05,0.41484953703703703,27.266666666666666,0.49583333333333335,0.0,98.95833333333333,85.91666666666667,24.625,0.49583333333333335,34.458333333333336,1008.0208333333334,1007.9208333333332,7.283333333333334,185.41666666666666,14.395833333333334,0.1325,2738.1218750000003,90.2236690948829,High Risk
2022-09-06,0.4238888888888889,27.395833333333332,0.5208333333333334,0.0,99.66666666666667,83.125,24.2,0.5208333333333334,28.916666666666668,1007.5666666666666,1007.4666666666667,6.295833333333333,246.70833333333334,13.908333333333333,0.15,2712.7204166666666,90.27427853361452,High Risk
2022-09-07,0.42094907407407406,25.920833333333334,0.6458333333333334,0.0,97.04166666666667,90.33333333333333,24.15833333333333,0.6458333333333334,42.5,1008.5208333333334,1008.4208333333332,6.629166666666666,215.70833333333334,15.191666666666668,0.09333333333333334,2714.94875,90.25781912588361,High Risk
2022-09-08,0.41130787037037037,25.254166666666666,0.9833333333333334,0.0,100.0,91.95833333333333,23.84166666666667,0.9833333333333334,49.0,1009.2041666666668,1009.1041666666666,6.816666666666666,311.875,14.904166666666667,0.06833333333333334,2786.4575,90.20384004462444,High Risk
2022-09-09,0.4435995370370371,26.5625,0.5,0.0,96.75,86.75,24.079166666666666,0.5,18.625,1009.5458333333332,1009.4458333333333,6.204166666666667,243.75,15.158333333333333,0.15875,2937.6452083333334,90.3846343263929,High Risk
2022-09-10,0.45067129629629626,26.675,0.9375,0.0,94.95833333333333,86.625,24.1125,0.9375,23.416666666666668,1009.7166666666667,1009.6166666666667,5.845833333333334,273.8333333333333,14.808333333333332,0.18125,3136.8595833333334,90.42422762609202,High Risk
2022-09-11,0.4910763888888889,27.5,0.12916666666666665,0.0,90.29166666666667,81.25,23.729166666666668,0.12916666666666665,13.208333333333334,1008.9458333333333,1008.8458333333333,8.558333333333334,275.9166666666667,16.8625,0.20083333333333334,3323.283125,90.65044728116504,High Risk
2022-09-12,0.41500000000000004,27.02916666666667,0.325,0.0,89.91666666666667,84.625,24.116666666666664,0.325,30.083333333333332,1008.5875,1008.4875000000001,5.858333333333333,157.79166666666666,14.104166666666666,0.16833333333333333,3495.755625,90.2245115055148,High Risk
2022-09-13,0.3980787037037037,27.02916666666667,0.5375,0.0,69.375,86.66666666666667,24.5,0.5375,27.958333333333332,1009.1833333333334,1009.0833333333334,4.095833333333333,185.70833333333334,11.200000000000001,0.16916666666666666,3728.3039583333334,90.12977270983541,High Risk
2022-09-14,0.33046296296296296,27.179166666666664,0.25,0.0,93.16666666666667,86.16666666666667,24.55,0.25,19.458333333333332,1009.5416666666666,1009.4416666666666,5.783333333333334,200.83333333333334,13.950000000000001,0.18000000000000002,3995.1522916666668,89.75120633202486,High Risk
2022-09-15,0.379375,27.370833333333334,0.39166666666666666,0.0,94.91666666666667,83.83333333333333,24.304166666666664,0.39166666666666666,17.916666666666668,1008.6583333333333,1008.5583333333334,7.716666666666666,243.66666666666666,16.608333333333334,0.16833333333333333,4175.575416666667,90.02505458820895,High Risk
2022-09-16,0.3280902777777778,27.712500000000002,0.18333333333333335,0.0,83.45833333333333,80.875,24.058333333333334,0.18333333333333335,11.458333333333334,1006.625,1006.525,9.091666666666667,243.20833333333334,19.570833333333333,0.19041666666666668,4221.027708333333,89.73792216436806,High Risk
2022-09-17,0.25189814814814815,27.633333333333336,0.3875,0.0,88.04166666666667,82.0,24.195833333333336,0.3875,27.5,1006.8958333333334,1006.7958333333332,7.929166666666667,227.33333333333334,16.920833333333334,0.17416666666666666,4183.654583333334,89.31133838053942,High Risk
2022-09-18,0.24635416666666665,27.116666666666664,0.24583333333333335,0.0,99.70833333333333,85.45833333333333,24.4375,0.24583333333333335,33.666666666666664,1008.0708333333333,1007.9708333333333,7.929166666666667,230.29166666666666,16.599999999999998,0.11458333333333333,4107.758124999999,89.28029878879494,High Risk
2022-09-19,0.38103009259259263,26.583333333333332,0.6,0.0,100.0,82.625,23.291666666666668,0.6,24.083333333333332,1009.0083333333333,1008.9083333333333,9.083333333333334,251.0,18.6125,0.11625,4050.0229166666663,90.0343211051598,High Risk
2022-09-20,0.4272916666666666,27.579166666666666,0.05833333333333333,0.0,96.41666666666667,71.29166666666667,21.854166666666668,0.05833333333333333,12.958333333333334,1007.8083333333334,1007.7083333333334,11.1,272.625,21.058333333333334,0.17166666666666666,4026.56625,90.29332997405892,High Risk
2022-09-21,0.40401620370370367,27.212500000000002,1.0833333333333333,0.0,90.79166666666667,75.95833333333333,22.47083333333333,1.0833333333333333,18.958333333333332,1007.0958333333333,1006.9958333333334,8.891666666666667,281.2083333333333,19.570833333333333,0.19583333333333333,4003.65625,90.1630155293864,High Risk
2022-09-22,0.318912037037037,26.425,0.7083333333333334,0.0,100.0,87.66666666666667,24.166666666666668,0.7083333333333334,39.0,1007.1791666666667,1007.0791666666668,6.008333333333333,261.875,13.674999999999999,0.11916666666666666,3971.7220833333336,89.68653511582238,High Risk
2022-09-23,0.4425925925925926,25.916666666666668,0.8041666666666667,0.0,100.0,89.875,24.083333333333332,0.8041666666666667,39.166666666666664,1007.5291666666667,1007.4291666666667,4.941666666666666,205.83333333333334,12.216666666666667,0.10666666666666667,3939.6270833333333,90.37899665524098,High Risk
2022-09-24,0.4988425925925926,26.108333333333334,1.0208333333333333,0.0,99.95833333333333,88.58333333333333,23.979166666666668,1.0208333333333333,42.0,1007.1,1007.0,4.741666666666666,222.54166666666666,13.137500000000001,0.13,3929.7864583333335,90.69392862993443,High Risk
2022-09-25,0.48754629629629626,25.929166666666664,0.9541666666666667,0.0,100.0,89.79166666666667,24.0625,0.9541666666666667,43.75,1007.3874999999999,1007.2875,4.5125,182.08333333333334,12.137500000000001,0.11916666666666666,4009.781875,90.63068303172442,High Risk
2022-09-26,0.43671296296296297,25.5625,1.5791666666666666,0.0,97.45833333333333,90.0,23.75,1.5791666666666666,47.75,1008.3791666666666,1008.2791666666667,4.4875,181.70833333333334,12.191666666666668,0.10333333333333333,4222.206875,90.3460778397792,High Risk
2022-09-27,0.41238425925925926,25.8625,0.875,0.0,90.375,89.54166666666667,23.974999999999998,0.875,34.125,1007.1583333333333,1007.0583333333334,6.8875,268.5416666666667,15.65,0.10541666666666667,4488.096458333333,90.20986652068338,High Risk
2022-09-28,0.4482291666666667,26.679166666666664,0.025000000000000005,0.0,100.0,82.0,23.229166666666668,0.025000000000000005,7.0,1003.8416666666667,1003.7416666666667,13.333333333333334,282.3333333333333,24.379166666666666,0.1325,4748.691875,90.41055465352818,High Risk
2022-09-29,0.4958564814814815,25.95,0.6666666666666666,0.0,100.0,88.75,23.9375,0.6666666666666666,53.083333333333336,1003.1999999999999,1003.1,12.5875,254.91666666666666,23.625,0.07166666666666667,5147.135416666667,90.67721001893221,High Risk
2022-09-30,0.5424537037037037,27.479166666666668,0.5708333333333333,0.0,99.08333333333333,82.58333333333333,24.166666666666668,0.5708333333333333,24.5,1005.0708333333333,1004.9708333333333,10.908333333333333,218.04166666666666,22.9875,0.15166666666666667,5425.515208333333,90.93809811154864,High Risk
2022-10-01,0.5151388888888889,27.583333333333332,0.23750000000000002,0.0,99.875,82.91666666666667,24.34583333333333,0.23750000000000002,22.0,1006.8375,1006.7375000000001,10.4,190.20833333333334,20.3875,0.14583333333333334,5407.07875,90.78516818145057,High Risk
2022-10-02,0.5266550925925926,27.458333333333332,0.24583333333333335,0.0,100.0,82.79166666666667,24.058333333333334,0.24583333333333335,14.083333333333334,1007.6166666666667,1007.5166666666668,4.683333333333334,220.66666666666666,11.608333333333334,0.15041666666666667,5454.326875,90.84964499519954,High Risk
2022-10-03,0.9570023148148148,25.65416666666667,1.0875,0.0,99.95833333333333,89.66666666666667,23.787499999999998,1.0875,52.166666666666664,1008.2958333333332,1008.1958333333333,7.1000000000000005,145.25,15.8125,0.1075,5593.892708333333,93.25906900405808,High Risk
2022-10-04,0.9505902777777777,25.9375,0.42083333333333334,0.0,98.25,87.20833333333333,23.554166666666664,0.42083333333333334,32.583333333333336,1009.8000000000001,1009.6999999999999,8.916666666666666,138.75,18.675,0.13375,5776.5077083333335,93.22316935097574,High Risk
2022-10-05,1.0282638888888889,26.133333333333336,0.7583333333333334,0.0,94.79166666666667,89.5,24.22083333333333,0.7583333333333334,20.625,1010.1208333333334,1010.0208333333334,6.841666666666666,210.875,15.450000000000001,0.10958333333333332,5979.876041666666,93.65804763948765,High Risk
2022-10-06,1.0727777777777778,25.670833333333334,1.2625000000000002,0.0,100.0,89.79166666666667,23.787499999999998,1.2625000000000002,37.333333333333336,1010.5875,1010.4875000000001,5.9624999999999995,142.375,16.204166666666666,0.10125,6107.312708333334,93.90727158489321,High Risk
2022-10-07,1.018923611111111,25.84583333333333,1.4958333333333333,0.0,99.41666666666667,88.83333333333333,23.7625,1.4958333333333333,30.583333333333332,1010.5333333333333,1010.4333333333334,5.620833333333334,78.5,14.112499999999999,0.14291666666666666,6129.854166666667,93.60575337949223,High Risk
2022-10-08,1.0612152777777777,26.3,0.46249999999999997,0.0,93.70833333333333,86.625,23.804166666666664,0.46249999999999997,26.208333333333332,1010.8208333333333,1010.7208333333333,5.2749999999999995,139.41666666666666,12.691666666666668,0.10208333333333332,6109.021041666667,93.84253556787287,High Risk
2022-10-09,1.090138888888889,26.0625,0.8125,0.0,99.125,88.25,23.866666666666664,0.8125,26.875,1011.3041666666667,1011.2041666666668,5.604166666666667,170.66666666666666,14.770833333333334,0.12583333333333332,6054.297291666667,94.00447281165044,High Risk
2022-10-10,1.1682291666666667,25.516666666666666,0.7000000000000001,0.0,99.625,88.91666666666667,23.504166666666666,0.7000000000000001,52.166666666666664,1012.1875,1012.0875,8.020833333333334,65.16666666666667,19.195833333333333,0.11541666666666667,5971.213541666667,94.44168392960452,High Risk
2022-10-11,1.1966666666666665,25.5,0.5291666666666667,0.0,91.66666666666667,86.5,22.983333333333334,0.5291666666666667,32.208333333333336,1012.4499999999999,1012.35,6.954166666666667,161.83333333333334,15.725,0.1275,5928.25,94.6008995390329,High Risk
2022-10-12,1.1064930555555554,26.820833333333336,0.025000000000000005,0.0,49.583333333333336,80.95833333333333,22.962500000000002,0.025000000000000005,7.583333333333333,1011.3416666666667,1011.2416666666667,5.8500000000000005,189.33333333333334,13.316666666666668,0.19416666666666668,5902.2025,94.09603636725579,High Risk
2022-10-13,1.2584027777777778,27.387500000000003,0.004166666666666667,0.0,53.791666666666664,76.5,22.52916666666667,0.004166666666666667,3.5416666666666665,1009.9041666666667,1009.8041666666667,7.258333333333333,74.45833333333333,13.983333333333334,0.20041666666666666,5790.874375,94.94654710138165,High Risk
2022-10-14,1.165,26.945833333333336,0.0,0.0,99.95833333333333,70.70833333333333,20.8875,0.0,3.0,1008.6916666666666,1008.5916666666667,7.425,68.20833333333333,13.991666666666667,0.19874999999999998,5583.694583333334,94.42360450142769,High Risk
2022-10-15,1.0103819444444444,25.15416666666667,0.0,0.0,100.0,70.33333333333333,19.2375,0.0,3.0,1008.5708333333333,1008.4708333333333,9.45,74.29166666666667,17.991666666666667,0.15166666666666667,5338.882291666667,93.55793037592768,High Risk
2022-10-16,1.1304166666666666,22.97083333333333,0.03333333333333333,0.0,99.08333333333333,77.16666666666667,18.695833333333333,0.03333333333333333,8.958333333333334,1011.375,1011.275,12.6625,320.7083333333333,22.650000000000002,0.09416666666666668,5115.078333333333,94.22997965772724,High Risk
2022-10-17,1.0409375,25.420833333333334,0.07083333333333333,0.0,46.458333333333336,75.25,20.4375,0.07083333333333333,11.541666666666666,1011.0083333333333,1010.9083333333333,9.979166666666666,193.95833333333334,19.075,0.18083333333333332,4940.049166666667,93.72900453502044,High Risk
2022-10-18,1.0446527777777777,25.866666666666664,0.0,0.0,26.333333333333332,69.08333333333333,19.466666666666665,0.0,0.8333333333333334,1009.6916666666666,1009.5916666666667,9.245833333333334,40.75,17.295833333333334,0.20791666666666667,4804.779375,93.74980559754647,High Risk
2022-10-19,1.095,26.079166666666666,0.0,0.0,52.541666666666664,66.0,18.991666666666667,0.0,1.6666666666666667,1009.4916666666667,1009.3916666666668,9.929166666666667,44.041666666666664,18.483333333333334,0.21166666666666667,4674.408541666667,94.03168915514247,High Risk
2022-10-20,1.0342361111111111,26.1125,0.0,0.0,77.04166666666667,70.70833333333333,20.216666666666665,0.0,2.375,1010.3625000000001,1010.2624999999999,9.533333333333333,57.333333333333336,18.295833333333334,0.17958333333333332,4531.606875,93.69148486149213,High Risk
2022-10-21,1.0748958333333334,26.166666666666668,0.13333333333333333,0.0,86.58333333333333,77.20833333333333,21.770833333333332,0.13333333333333333,17.0,1011.7375000000001,1011.6374999999999,7.666666666666667,117.79166666666667,16.708333333333332,0.11416666666666668,4387.8202083333335,93.91913013455759,High Risk
2022-10-22,1.2240972222222222,26.079166666666666,0.6416666666666666,0.0,99.70833333333333,87.29166666666667,23.7,0.6416666666666666,27.083333333333332,1012.275,1012.1750000000001,5.708333333333333,221.16666666666666,15.404166666666667,0.14666666666666667,4248.596875,94.75447747730934,High Risk
2022-10-23,1.0293055555555555,26.679166666666664,0.4083333333333334,0.0,53.416666666666664,83.04166666666667,23.354166666666668,0.4083333333333334,25.458333333333332,1011.975,1011.875,7.366666666666667,211.54166666666666,16.345833333333335,0.17041666666666666,4109.330208333334,93.66387971309308,High Risk
2022-10-24,1.0327777777777778,27.741666666666664,0.004166666666666667,0.0,61.0,79.33333333333333,23.495833333333334,0.004166666666666667,3.75,1010.4541666666668,1010.3541666666666,6.416666666666667,225.58333333333334,13.612499999999999,0.18041666666666667,3969.7897916666666,93.68331995844453,High Risk
2022-10-25,1.0859027777777779,28.349999999999998,0.0,0.0,78.41666666666667,73.70833333333333,22.891666666666666,0.0,2.4166666666666665,1010.2291666666666,1010.1291666666666,7.941666666666666,147.20833333333334,15.429166666666667,0.1975,3834.987916666667,93.9807557123217,High Risk
2022-10-26,1.0103819444444444,28.458333333333332,0.029166666666666664,0.0,98.04166666666667,73.29166666666667,23.175,0.029166666666666664,5.041666666666667,1009.8208333333333,1009.7208333333333,7.4750000000000005,90.16666666666667,15.970833333333333,0.17416666666666666,3704.759375,93.55793037592768,High Risk
2022-10-27,1.0314583333333334,26.95,0.1375,0.0,99.95833333333333,83.95833333333333,23.9375,0.1375,27.25,1009.8583333333332,1009.7583333333333,8.345833333333333,150.625,18.329166666666666,0.1075,3582.8350000000005,93.67593266521096,High Risk
2022-10-28,1.0771527777777778,27.775000000000002,0.016666666666666666,0.0,62.541666666666664,79.66666666666667,23.7625,0.016666666666666666,10.041666666666666,1008.85,1008.75,6.8125,106.58333333333333,15.225,0.16625,3472.9150000000004,93.93176629403602,High Risk
2022-10-29,1.177013888888889,27.537499999999998,0.0,0.0,59.166666666666664,67.75,20.833333333333332,0.0,1.7083333333333333,1009.2791666666667,1009.1791666666667,9.025,81.5,17.516666666666666,0.20666666666666667,3366.81,94.4908677503437,High Risk
2022-10-30,0.9691666666666666,27.370833333333334,0.0,0.0,41.791666666666664,65.70833333333333,20.2375,0.0,1.2916666666666667,1009.3249999999999,1009.225,9.1,60.916666666666664,17.974999999999998,0.21333333333333335,3259.978333333333,93.32717466360599,High Risk
2022-10-31,0.9547569444444445,27.183333333333334,0.0,0.0,54.708333333333336,69.125,20.854166666666668,0.0,1.6666666666666667,1009.7833333333333,1009.6833333333334,6.795833333333333,68.75,14.025,0.19041666666666665,3159.9647916666668,93.24649764539747,High Risk
2022-11-01,0.819236111111111,26.3875,0.0,0.0,87.16666666666667,66.79166666666667,19.333333333333332,0.0,2.625,1010.5875,1010.4875000000001,8.920833333333333,37.291666666666664,17.066666666666666,0.20375,3066.7468749999994,92.48774486933044,High Risk
2022-11-02,0.779375,25.90416666666667,0.0,0.0,59.208333333333336,66.70833333333333,18.791666666666668,0.0,1.75,1010.275,1010.1750000000001,7.829166666666667,85.33333333333333,14.1625,0.20083333333333334,2894.6685416666664,92.26457085269581,High Risk
2022-11-03,0.8655555555555555,26.099999999999998,0.0,0.0,49.416666666666664,64.45833333333333,18.325,0.0,1.4166666666666667,1010.6333333333333,1010.5333333333333,6.9875,98.83333333333333,13.65,0.20291666666666666,2542.1197916666665,92.74707774231877,High Risk
2022-11-04,0.7890972222222222,25.34583333333333,0.0,0.0,4.291666666666667,59.458333333333336,16.1375,0.0,0.041666666666666664,1012.1125000000001,1012.0124999999999,9.941666666666666,51.625,17.229166666666668,0.22333333333333336,2463.67375,92.31900353967985,High Risk
2022-11-05,0.8201388888888889,25.958333333333332,0.016666666666666666,0.0,75.625,65.54166666666667,18.808333333333334,0.016666666666666666,6.25,1013.5208333333334,1013.4208333333332,8.779166666666667,66.70833333333333,17.066666666666666,0.16416666666666666,2652.9058333333337,92.49279933312181,High Risk
2022-11-06,0.8222916666666666,27.108333333333334,0.1416666666666667,0.0,61.833333333333336,72.29166666666667,21.366666666666664,0.1416666666666667,12.625,1013.0208333333334,1012.9208333333332,6.866666666666666,158.04166666666666,14.920833333333334,0.16916666666666666,2637.1027083333333,92.50485228523972,High Risk
2022-11-07,0.8010416666666665,27.787499999999998,0.016666666666666666,0.0,68.375,70.375,21.4375,0.016666666666666666,6.083333333333333,1012.1583333333333,1012.0583333333334,6.554166666666667,109.66666666666667,12.516666666666666,0.17125,2562.4175,92.38587798368884,High Risk
2022-11-08,0.683125,28.420833333333334,0.0,0.0,58.0,59.458333333333336,19.345833333333335,0.0,1.6666666666666667,1011.8041666666667,1011.7041666666668,8.112499999999999,66.20833333333333,16.2,0.21166666666666667,2486.820416666667,91.72568725155365,High Risk
2022-11-09,0.8246527777777778,27.233333333333334,0.0,0.0,66.41666666666667,61.458333333333336,18.691666666666666,0.0,2.0,1011.7208333333333,1011.6208333333334,5.795833333333333,93.41666666666667,11.879166666666668,0.2004166666666667,2413.4545833333336,92.5180716520787,High Risk
2022-11-10,0.7518402777777777,27.933333333333334,0.0,0.0,68.29166666666667,61.541666666666664,19.608333333333334,0.0,2.0833333333333335,1011.2624999999999,1011.1625,8.441666666666666,183.16666666666666,16.629166666666666,0.20666666666666667,2342.2552083333335,92.11040970705882,High Risk
2022-11-11,0.7920138888888889,28.741666666666664,0.0,0.0,98.54166666666667,61.25,20.329166666666666,0.0,3.0,1010.7208333333333,1010.6208333333334,12.279166666666667,212.08333333333334,22.566666666666666,0.22041666666666668,2270.684583333333,92.33533334577508,High Risk
2022-11-12,0.7696527777777779,29.175,0.004166666666666667,0.0,82.29166666666667,62.0,20.900000000000002,0.004166666666666667,4.583333333333333,1009.8583333333332,1009.7583333333333,10.720833333333333,207.29166666666666,20.116666666666667,0.21291666666666664,2198.6210416666668,92.21013816571177,High Risk
2022-11-13,0.6891666666666666,28.712500000000002,0.0625,0.0,92.91666666666667,67.70833333333333,21.875,0.0625,11.125,1009.525,1009.4250000000001,9.783333333333333,150.33333333333334,19.770833333333332,0.1975,2131.15875,91.75951327846516,High Risk
2022-11-14,0.7248263888888888,26.304166666666664,0.6,0.0,99.625,86.33333333333333,23.795833333333334,0.6,41.333333333333336,1010.5583333333334,1010.4583333333334,7.279166666666666,98.33333333333333,17.679166666666667,0.08,2066.037083333333,91.95916459822455,High Risk
2022-11-15,0.6428125,27.337500000000002,0.0375,0.0,76.45833333333333,81.91666666666667,23.724999999999998,0.0375,10.375,1009.9583333333334,1009.8583333333332,6.945833333333333,158.125,14.854166666666666,0.15083333333333335,2007.0039583333335,91.49998600302335,High Risk
2022-11-16,0.5819444444444445,27.1125,0.23750000000000002,0.0,72.20833333333333,82.25,23.6375,0.23750000000000002,21.5,1009.0458333333332,1008.9458333333333,7.129166666666666,196.70833333333334,16.558333333333334,0.14708333333333332,1961.0566666666666,91.15919850201244,High Risk
2022-11-17,0.58875,26.900000000000002,0.31666666666666665,0.0,69.91666666666667,85.58333333333333,24.099999999999998,0.31666666666666665,15.333333333333334,1008.875,1008.775,6.3625,222.0,16.020833333333332,0.14875000000000002,1920.814375,91.1973013829013,High Risk
2022-11-18,0.4523263888888889,27.045833333333334,0.34166666666666673,0.0,89.41666666666667,85.5,24.27916666666667,0.34166666666666673,19.666666666666668,1009.7624999999999,1009.6625,4.058333333333334,144.79166666666666,11.487499999999999,0.12625,1881.3972916666664,90.43349414304286,High Risk
2022-11-19,0.43017361111111113,27.525000000000002,0.020833333333333332,0.0,86.95833333333333,82.16666666666667,23.95,0.020833333333333332,6.791666666666667,1009.0041666666666,1008.9041666666667,9.1875,250.45833333333334,18.5,0.16,1842.7906249999999,90.30946537770063,High Risk
2022-11-20,0.38798611111111114,26.587500000000002,0.5583333333333333,0.0,75.29166666666667,80.5,22.75,0.5583333333333333,19.75,1008.2333333333332,1008.1333333333333,8.770833333333334,193.45833333333334,18.7,0.14666666666666667,1803.005,90.07326639668052,High Risk
2022-11-21,0.2798611111111111,27.162499999999998,0.30833333333333335,0.0,80.33333333333333,81.29166666666667,23.516666666666666,0.30833333333333335,7.0,1007.0958333333333,1006.9958333333334,6.8,210.91666666666666,14.924999999999999,0.14208333333333334,1761.9402083333334,89.46789715643642,High Risk
2022-11-22,0.45770833333333333,28.570833333333336,0.0,0.0,94.375,69.83333333333333,22.166666666666668,0.0,2.9166666666666665,1006.75,1006.65,8.075000000000001,150.91666666666666,15.595833333333333,0.18041666666666667,1718.0639583333332,90.46362652333761,High Risk
2022-11-23,0.40840277777777784,27.616666666666664,0.5625,0.0,99.16666666666667,79.125,23.462500000000002,0.5625,30.916666666666668,1007.3166666666666,1007.2166666666667,5.3999999999999995,159.95833333333334,13.4625,0.14166666666666666,1667.5847916666664,90.18757503934705,High Risk
2022-11-24,0.5636805555555555,25.337500000000002,0.8833333333333333,0.0,100.0,90.45833333333333,23.629166666666666,0.8833333333333333,43.583333333333336,1008.4708333333333,1008.3708333333334,8.720833333333333,140.54166666666666,18.966666666666665,0.06166666666666667,1637.7835416666667,91.05694281146384,High Risk
2022-11-25,0.62875,25.833333333333332,0.525,0.0,99.91666666666667,88.75,23.766666666666666,0.525,38.833333333333336,1010.2208333333333,1010.1208333333334,9.025,118.33333333333333,19.479166666666668,0.09791666666666667,1652.2410416666664,91.42125300934998,High Risk
2022-11-26,0.6513194444444445,25.84166666666667,0.49583333333333335,0.0,90.625,89.41666666666667,23.900000000000002,0.49583333333333335,34.416666666666664,1010.3708333333334,1010.2708333333334,7.133333333333333,185.20833333333334,17.066666666666666,0.11208333333333333,1702.0552083333332,91.54761460413438,High Risk
2022-11-27,0.5860416666666667,26.53333333333333,0.05000000000000001,0.0,88.66666666666667,86.45833333333333,24.0,0.05000000000000001,20.708333333333332,1009.2208333333333,1009.1208333333334,6.729166666666667,179.95833333333334,13.879166666666668,0.13708333333333333,1770.0397916666668,91.18213799152716,High Risk
2022-11-28,0.5654513888888889,27.53333333333333,0.075,0.0,79.95833333333333,82.66666666666667,24.204166666666666,0.075,15.291666666666666,1009.5541666666667,1009.4541666666668,5.145833333333333,138.625,10.966666666666667,0.14541666666666667,1828.3841666666667,91.06685733659306,High Risk
2022-11-29,0.5622222222222222,26.866666666666664,0.5083333333333333,0.0,78.79166666666667,87.875,24.59583333333333,0.5083333333333333,26.458333333333332,1010.1166666666667,1010.0166666666668,3.8625000000000003,175.33333333333334,11.554166666666667,0.125,1830.3158333333333,91.04877790841621,High Risk
2022-11-30,0.5371527777777777,26.7375,0.5166666666666667,0.0,92.04166666666667,88.125,24.474999999999998,0.5166666666666667,14.291666666666666,1010.2833333333333,1010.1833333333334,4.7124999999999995,179.375,13.191666666666668,0.14375,1767.1993750000001,90.90841933697875,High Risk
2022-12-01,0.46631944444444445,26.675,0.041666666666666664,0.0,73.125,85.04166666666667,23.825,0.041666666666666664,10.291666666666666,1010.0458333333332,1009.9458333333333,7.829166666666667,271.5,16.6875,0.14708333333333332,1691.2647916666665,90.51183833180922,High Risk
2022-12-02,0.5348611111111111,27.245833333333334,0.004166666666666667,0.0,65.45833333333333,78.79166666666667,23.075,0.004166666666666667,3.9166666666666665,1009.4041666666667,1009.3041666666667,10.533333333333333,186.04166666666666,20.016666666666666,0.15375,1627.8360416666667,90.8955887750468,High Risk
2022-12-03,0.4872569444444444,26.224999999999998,0.3541666666666667,0.0,94.875,77.375,21.875,0.3541666666666667,7.958333333333333,1009.775,1009.6750000000001,6.891666666666667,214.16666666666666,15.420833333333334,0.15833333333333333,1572.5364583333333,90.62906301127843,High Risk
2022-12-04,0.4354861111111111,26.825,0.012499999999999999,0.0,76.29166666666667,76.58333333333333,22.254166666666666,0.012499999999999999,4.375,1009.8708333333334,1009.7708333333334,9.875,39.583333333333336,18.854166666666668,0.13791666666666666,1517.469375,90.33920895308835,High Risk
2022-12-05,0.6857638888888888,26.875,0.004166666666666667,0.0,85.20833333333333,79.16666666666667,22.8125,0.004166666666666667,4.541666666666667,1010.5124999999999,1010.4125,10.445833333333333,100.41666666666667,19.9875,0.155,1459.3847916666666,91.74046183802076,High Risk
2022-12-06,0.6585069444444445,27.25,0.004166666666666667,0.0,68.45833333333333,71.20833333333333,21.45,0.004166666666666667,4.083333333333333,1010.2375000000001,1010.1374999999999,11.233333333333334,64.125,21.53333333333333,0.17666666666666667,1403.1266666666668,91.58785591201189,High Risk
2022-12-07,0.6365277777777778,26.925,0.020833333333333332,0.0,48.208333333333336,70.0,20.8625,0.020833333333333332,7.625,1010.2166666666667,1010.1166666666667,8.429166666666667,115.16666666666667,16.650000000000002,0.16375,1352.3379166666666,91.46479915893723,High Risk
2022-12-08,0.5886111111111111,26.8875,0.008333333333333333,0.0,57.541666666666664,76.375,22.21666666666667,0.008333333333333333,3.875,1010.2416666666667,1010.1416666666668,5.7749999999999995,186.66666666666666,12.737499999999999,0.16208333333333333,1307.6354166666667,91.19652377308722,High Risk
2022-12-09,0.6044791666666667,27.483333333333334,0.0,0.0,90.70833333333333,75.91666666666667,22.625,0.0,2.7916666666666665,1009.8583333333332,1009.7583333333333,4.508333333333334,213.04166666666666,11.416666666666666,0.15916666666666665,1270.4264583333334,91.28536569434335,High Risk
2022-12-10,0.6211458333333334,27.27916666666667,0.004166666666666667,0.0,58.375,73.41666666666667,21.891666666666666,0.004166666666666667,3.875,1009.725,1009.625,6.254166666666666,163.04166666666666,12.591666666666667,0.16208333333333333,1238.4741666666666,91.3786788720303,High Risk
2022-12-11,0.6481944444444444,27.570833333333336,0.0,0.0,59.833333333333336,70.75,21.383333333333336,0.0,1.7916666666666667,1010.3375,1010.2375000000001,6.533333333333334,126.54166666666667,13.045833333333334,0.16708333333333333,1211.5833333333333,91.5301183833181,High Risk
2022-12-12,0.6954861111111111,26.625,0.0,0.0,53.25,66.83333333333333,19.466666666666665,0.0,1.5833333333333333,1010.9208333333332,1010.8208333333333,9.6,60.333333333333336,17.404166666666665,0.18625,1188.0110416666666,91.79489452500482,High Risk
2022-12-13,0.6048611111111111,24.879166666666666,0.0,0.0,73.83333333333333,62.708333333333336,16.900000000000002,0.0,2.2083333333333335,1012.2666666666668,1012.1666666666666,11.741666666666667,53.333333333333336,21.8875,0.19666666666666666,1167.5872916666665,91.28750412133199,High Risk
2022-12-14,0.505,23.0,0.0,0.0,56.5,63.083333333333336,15.120833333333332,0.0,1.75,1013.1291666666666,1013.0291666666667,9.541666666666666,35.916666666666664,18.583333333333332,0.18625,1148.9010416666667,90.72840266502435,High Risk
2022-12-15,0.48444444444444446,23.304166666666664,0.0,0.0,61.541666666666664,65.75,16.304166666666667,0.0,1.9166666666666667,1011.3833333333333,1011.2833333333333,7.2,121.54166666666667,14.529166666666667,0.16833333333333333,1131.7558333333334,90.61331641254378,High Risk
2022-12-16,0.41520833333333335,24.633333333333336,0.0,0.0,7.625,68.875,18.158333333333335,0.0,0.16666666666666666,1009.9,1009.8000000000001,7.929166666666667,208.54166666666666,15.729166666666666,0.17500000000000002,1117.4383333333333,90.22567792023588,High Risk
2022-12-17,0.419375,26.21666666666667,0.016666666666666666,0.0,30.875,65.125,18.891666666666666,0.016666666666666666,7.166666666666667,1010.8333333333334,1010.7333333333332,13.608333333333334,144.54166666666666,24.825,0.20166666666666666,1104.635,90.24900621465763,High Risk
2022-12-18,0.5013888888888889,22.775000000000002,0.0,0.0,31.375,54.208333333333336,12.908333333333333,0.0,0.9583333333333334,1013.5416666666666,1013.4416666666666,12.991666666666667,52.791666666666664,25.15416666666667,0.20333333333333334,1091.9820833333333,90.70818480985885,High Risk
2022-12-19,0.5585069444444445,21.650000000000002,0.0,0.0,62.5,56.875,12.554166666666667,0.0,1.8333333333333333,1012.8041666666667,1012.7041666666668,8.5875,197.45833333333334,17.504166666666666,0.17958333333333334,1080.6575,91.02797684589018,High Risk
2022-12-20,0.4223958333333333,22.883333333333336,0.0,0.0,42.166666666666664,60.0,14.533333333333333,0.0,1.2916666666666667,1011.1208333333334,1011.0208333333334,8.637500000000001,300.6666666666667,17.25,0.1825,1070.740625,90.26591922811339,High Risk
2022-12-21,0.47236111111111106,24.629166666666666,0.0,0.0,35.208333333333336,62.666666666666664,16.758333333333333,0.0,1.0833333333333333,1010.3958333333334,1010.2958333333332,9.304166666666667,262.625,18.3125,0.1875,1060.91375,90.54566435872073,High Risk
2022-12-22,0.5121527777777778,25.212500000000002,0.0,0.0,57.25,69.70833333333333,18.920833333333334,0.0,1.7083333333333333,1010.2291666666666,1010.1291666666666,4.608333333333333,285.375,10.987499999999999,0.16458333333333333,1051.1768749999999,90.76844957044834,High Risk
2022-12-23,0.6472222222222223,25.84583333333333,0.0,0.0,41.875,67.45833333333333,18.683333333333334,0.0,1.2916666666666667,1010.7125,1010.6125000000001,6.2,104.125,12.379166666666668,0.1745833333333333,1042.6752083333333,91.52467511461968,High Risk
2022-12-24,0.5977777777777779,25.066666666666666,0.0,0.0,68.66666666666667,57.375,15.625,0.0,2.0416666666666665,1012.4791666666666,1012.3791666666666,11.362499999999999,74.0,20.7,0.2041666666666667,1035.4891666666667,91.24784602081506,High Risk
2022-12-25,0.5072916666666667,24.125,0.0,0.0,54.333333333333336,61.708333333333336,15.924999999999999,0.0,1.625,1014.2708333333334,1014.1708333333332,10.158333333333333,70.875,18.591666666666665,0.18625,1028.353125,90.74123322695631,High Risk
2022-12-26,0.4901388888888889,23.754166666666666,0.0,0.0,53.916666666666664,65.0,16.283333333333335,0.0,1.5,1015.275,1015.1750000000001,8.008333333333333,46.291666666666664,15.329166666666666,0.17666666666666667,1021.2670833333333,90.64519841492015,High Risk
2022-12-27,0.44298611111111114,23.412499999999998,0.0,0.0,83.70833333333333,66.16666666666667,16.283333333333335,0.0,2.5,1014.9458333333333,1014.8458333333333,6.4875,114.79166666666667,12.9375,0.16583333333333333,1015.3475,90.38119988304749,High Risk
2022-12-28,0.40725694444444444,24.254166666666666,0.0,0.0,56.083333333333336,67.66666666666667,17.204166666666666,0.0,1.6666666666666667,1014.8708333333334,1014.7708333333334,7.479166666666667,146.125,13.712499999999999,0.17291666666666664,1009.5654166666667,90.18115975838107,High Risk
2022-12-29,0.2665972222222222,25.0,0.0,0.0,46.708333333333336,64.45833333333333,17.295833333333334,0.0,1.3333333333333333,1015.3666666666667,1015.2666666666668,7.1499999999999995,205.20833333333334,14.158333333333333,0.17124999999999999,1003.71625,89.39363541919388,High Risk
2022-12-30,0.17010416666666664,24.8125,0.0,0.0,65.0,62.75,16.870833333333334,0.0,1.9166666666666667,1016.15,1016.0500000000001,10.191666666666666,118.375,19.079166666666666,0.17375,998.00375,88.85339100087714,High Risk
2022-12-31,0.3177083333333333,24.120833333333334,0.0,0.0,64.54166666666667,68.08333333333333,17.508333333333333,0.0,1.9583333333333333,1016.0916666666667,1015.9916666666667,7.220833333333334,93.54166666666667,14.816666666666668,0.1675,988.9474999999999,89.6797958307672,High Risk
2023-01-01,0.23993055555555556,23.579166666666666,0.0,0.0,66.58333333333333,62.958333333333336,15.766666666666666,0.0,2.0416666666666665,1015.5500000000001,1015.4499999999999,7.816666666666666,125.70833333333333,16.5125,0.1825,980.8441666666666,89.24433433489477,High Risk
2023-01-02,0.2688888888888889,23.820833333333336,0.0,0.0,95.66666666666667,64.58333333333333,16.470833333333335,0.0,2.9583333333333335,1015.5583333333334,1015.4583333333334,7.845833333333334,167.25,15.516666666666666,0.1679166666666667,976.3337500000001,89.40646598112585,High Risk
2023-01-03,0.30194444444444446,25.474999999999998,0.0,0.0,74.41666666666667,62.583333333333336,17.483333333333334,0.0,2.2083333333333335,1014.9499999999999,1014.85,8.75,184.375,17.279166666666665,0.17333333333333334,970.7747916666667,89.59153711687163,High Risk
2023-01-04,0.37180555555555556,27.0125,0.0,0.0,62.125,57.125,17.662499999999998,0.0,1.7916666666666667,1014.3249999999999,1014.225,9.4625,141.29166666666666,19.404166666666665,0.19958333333333333,876.1233333333333,89.98267485334279,High Risk
2023-01-05,0.3035069444444444,26.070833333333336,0.0,0.0,97.75,61.75,17.854166666666668,0.0,2.9166666666666665,1013.8541666666666,1013.7541666666666,7.5249999999999995,132.375,15.625,0.17958333333333334,629.9070833333334,89.60028522727978,High Risk
2023-01-06,0.2792361111111111,26.0125,0.0,0.0,92.33333333333333,58.166666666666664,16.787499999999998,0.0,2.8333333333333335,1014.3958333333334,1014.2958333333332,10.108333333333333,83.66666666666667,19.745833333333334,0.19875,342.13354166666664,89.46439791227317,High Risk
2023-01-07,0.21114583333333334,24.816666666666666,0.0,0.0,86.79166666666667,52.375,14.270833333333334,0.0,2.6666666666666665,1013.9041666666667,1013.8041666666667,8.079166666666667,65.5,17.066666666666666,0.1691666666666667,124.19854166666664,89.08317470093125,High Risk
2023-01-08,0.2188888888888889,25.287499999999998,0.0,0.0,88.45833333333333,54.25,15.245833333333332,0.0,2.6666666666666665,1013.0833333333334,1012.9833333333332,9.233333333333333,171.625,17.220833333333335,0.14958333333333332,20.35291666666667,89.126526448065,High Risk
2023-01-09,0.3245486111111111,27.179166666666664,0.0,0.0,53.291666666666664,53.708333333333336,16.820833333333333,0.0,1.5833333333333333,1012.9,1012.8000000000001,9.791666666666666,205.25,19.929166666666667,0.18958333333333333,0.40625,89.71809311410958,High Risk
2023-01-10,0.194375,27.325,0.07083333333333333,0.0,67.33333333333333,65.58333333333333,20.170833333333334,0.07083333333333333,8.458333333333334,1011.6291666666666,1011.5291666666667,8.004166666666666,190.91666666666666,17.55,0.16708333333333333,0.0,88.98927831588377,High Risk
2023-01-11,0.22222222222222224,25.879166666666666,0.020833333333333332,0.0,85.75,75.625,21.079166666666666,0.020833333333333332,8.625,1010.9375,1010.8375,10.595833333333333,74.625,21.0125,0.12166666666666666,0.0,89.14518908360238,High Risk
2023-01-12,0.2509722222222222,26.141666666666666,0.008333333333333333,0.0,47.583333333333336,79.25,21.900000000000002,0.008333333333333333,5.708333333333333,1010.3833333333333,1010.2833333333333,6.733333333333333,114.66666666666667,14.979166666666666,0.1525,0.0,89.30615431511238,High Risk
2023-01-13,0.15555555555555556,26.520833333333332,0.07083333333333333,0.0,63.625,82.08333333333333,23.045833333333334,0.07083333333333333,20.125,1011.2416666666667,1011.1416666666668,7.6000000000000005,183.66666666666666,16.354166666666668,0.15375,0.0,88.77193637285457,High Risk
2023-01-14,0.055625000000000015,26.891666666666666,0.05833333333333333,0.0,37.958333333333336,83.04166666666667,23.541666666666668,0.05833333333333333,13.583333333333334,1009.6541666666667,1009.5541666666667,9.070833333333333,193.58333333333334,18.079166666666666,0.16208333333333333,0.0,88.21244611163988,High Risk
2023-01-15,0.029201388888888884,26.912499999999998,0.0,0.0,6.958333333333333,71.16666666666667,20.4875,0.0,0.20833333333333334,1008.9291666666667,1008.8291666666668,7.845833333333334,256.4166666666667,16.608333333333334,0.19000000000000003,0.0,88.06450584451537,High Risk
2023-01-16,0.094375,26.1375,0.0,0.0,20.958333333333332,73.54166666666667,20.395833333333332,0.0,0.5416666666666666,1010.8000000000001,1010.6999999999999,6.858333333333333,203.33333333333334,14.429166666666667,0.18000000000000002,0.0,88.42939924976204,High Risk
2023-01-17,0.2323263888888889,27.349999999999998,0.004166666666666667,0.0,58.791666666666664,70.45833333333333,20.641666666666666,0.004166666666666667,3.7916666666666665,1012.2166666666667,1012.1166666666667,6.866666666666667,160.45833333333334,13.950000000000001,0.155,0.0,89.2017601975751,High Risk
2023-01-18,0.4042361111111111,27.129166666666666,0.0,0.0,70.5,59.25,17.775000000000002,0.0,2.125,1013.975,1013.875,11.654166666666667,70.25,21.775000000000002,0.22,0.0,90.16424674492531,High Risk
2023-01-19,0.28555555555555556,26.1125,0.0,0.0,29.75,55.166666666666664,16.016666666666666,0.0,0.7916666666666666,1013.6041666666666,1013.5041666666666,8.345833333333333,56.125,17.2625,0.20666666666666667,0.0,89.4997791588128,High Risk
2023-01-20,0.41520833333333335,25.308333333333334,0.0,0.0,75.625,60.375,16.787499999999998,0.0,2.2916666666666665,1013.2833333333333,1013.1833333333334,6.945833333333333,119.75,14.512500000000001,0.19166666666666665,0.0,90.22567792023588,High Risk
2023-01-21,0.4361111111111111,25.3,0.0,0.0,37.041666666666664,58.333333333333336,15.700000000000001,0.0,1.125,1012.1541666666667,1012.0541666666667,8.5375,222.375,16.470833333333335,0.2125,0.0,90.3427081972516,High Risk
2023-01-22,0.48138888888888887,24.566666666666666,0.0,0.0,54.166666666666664,56.25,14.525,0.0,1.6666666666666667,1010.7708333333334,1010.6708333333332,7.966666666666666,226.625,15.016666666666666,0.20666666666666667,0.0,90.5962089966345,High Risk
2023-01-23,0.4203472222222222,26.0625,0.0,0.0,55.875,53.166666666666664,15.029166666666667,0.0,1.75,1009.8625000000001,1009.7624999999999,9.016666666666667,286.0833333333333,16.929166666666667,0.22208333333333333,0.0,90.25444948335604,High Risk
2023-01-24,0.3879166666666667,26.558333333333334,0.016666666666666666,0.0,54.5,57.166666666666664,17.037499999999998,0.016666666666666666,5.75,1010.8166666666666,1010.7166666666667,12.583333333333334,104.5,22.995833333333334,0.20041666666666666,0.0,90.07287759177349,High Risk
2023-01-25,0.57125,24.495833333333334,0.0,0.0,65.125,49.75,13.216666666666667,0.0,2.0,1012.8666666666667,1012.7666666666668,12.429166666666667,142.95833333333334,24.295833333333334,0.21625000000000003,0.0,91.09932254632999,High Risk
2023-01-26,0.5266666666666667,24.691666666666666,0.0,0.0,41.166666666666664,57.583333333333336,15.424999999999999,0.0,1.2083333333333333,1011.7416666666667,1011.6416666666668,7.4375,235.75,14.108333333333334,0.1970833333333333,0.0,90.84970979601738,High Risk
2023-01-27,0.10413194444444444,26.204166666666666,0.0,0.0,77.75,54.791666666666664,15.770833333333334,0.0,2.3333333333333335,1011.0958333333333,1010.9958333333334,9.237499999999999,122.375,17.683333333333334,0.21833333333333335,0.0,88.48402633919962,High Risk
2023-01-28,0.3124652777777778,25.391666666666666,0.0,0.0,63.583333333333336,50.916666666666664,14.320833333333333,0.0,1.9583333333333333,1012.0500000000001,1011.9499999999999,12.504166666666668,50.0,24.483333333333334,0.22833333333333336,0.0,89.65044106028654,High Risk
2023-01-29,0.5651388888888889,23.425,0.0,0.0,69.08333333333333,51.208333333333336,12.404166666666667,0.0,2.0416666666666665,1013.3625000000001,1013.2624999999999,10.775,75.125,21.675,0.21916666666666665,0.0,91.06510771451144,High Risk
2023-01-30,0.33350694444444445,22.120833333333334,0.0,0.0,73.58333333333333,50.625,11.15,0.0,2.2083333333333335,1014.4166666666666,1014.3166666666666,8.504166666666666,166.08333333333334,17.270833333333332,0.19499999999999998,0.0,89.7682489471163,High Risk
2023-01-31,0.4203819444444445,23.666666666666668,0.0,0.0,49.0,52.041666666666664,12.883333333333333,0.0,1.4583333333333333,1011.8958333333334,1011.7958333333332,5.554166666666667,301.8333333333333,12.308333333333332,0.18833333333333332,0.0,90.25464388580954,High Risk
2023-02-01,0.32416666666666666,25.420833333333334,0.0,0.0,85.75,60.25,16.412499999999998,0.0,2.5833333333333335,1010.0916666666667,1009.9916666666667,5.679166666666667,246.95833333333334,11.979166666666666,0.1825,0.0,89.71595468712091,High Risk
2023-02-02,0.28069444444444447,27.6125,0.0,0.0,53.875,60.0,18.320833333333333,0.0,1.625,1009.8083333333334,1009.7083333333334,5.675,159.58333333333334,13.145833333333334,0.19499999999999998,0.0,89.47256281532077,High Risk
2023-02-03,0.38548611111111114,27.266666666666666,0.21666666666666667,0.0,65.0,74.29166666666667,22.141666666666666,0.21666666666666667,12.958333333333334,1010.5875,1010.4875000000001,7.745833333333334,169.0,17.466666666666665,0.14041666666666666,0.009583333333333333,90.05926942002748,High Risk
2023-02-04,0.3786805555555555,27.895833333333332,0.3,0.0,46.208333333333336,77.33333333333333,23.254166666666666,0.3,12.375,1009.8249999999999,1009.725,6.216666666666666,167.54166666666666,16.3,0.16083333333333333,0.034375,90.02116653913865,High Risk
2023-02-05,0.3622916666666667,28.083333333333332,0.024999999999999998,0.0,51.541666666666664,74.125,22.545833333333334,0.024999999999999998,5.625,1009.6583333333333,1009.5583333333334,5.9875,150.875,14.829166666666666,0.17666666666666667,0.064375,89.92940858107981,High Risk
2023-02-06,0.3186805555555556,28.03333333333333,0.05416666666666667,0.0,32.333333333333336,76.875,23.208333333333332,0.05416666666666667,5.041666666666667,1009.6374999999999,1009.5375,7.825,202.83333333333334,17.195833333333333,0.18041666666666667,0.151875,89.68523909946562,High Risk
2023-02-07,0.26340277777777776,28.099999999999998,0.0,0.0,73.70833333333333,76.41666666666667,23.266666666666666,0.0,2.2083333333333335,1009.8333333333334,1009.7333333333332,11.470833333333333,184.54166666666666,22.1375,0.19083333333333333,0.36895833333333333,89.37575039347055,High Risk
2023-02-08,0.288125,28.395833333333332,0.008333333333333333,0.0,29.291666666666668,76.875,23.570833333333336,0.008333333333333333,5.0,1009.625,1009.525,9.633333333333333,182.95833333333334,19.2,0.19499999999999998,0.505625,89.51416494037288,High Risk
2023-02-09,0.3440625,28.099999999999998,0.03333333333333333,0.0,35.25,78.25,23.704166666666666,0.03333333333333333,9.166666666666666,1009.8333333333334,1009.7333333333332,13.108333333333334,186.5,24.84166666666667,0.17666666666666667,0.360625,89.82734729298471,High Risk
2023-02-10,0.2856944444444444,28.241666666666664,0.012500000000000002,0.0,36.666666666666664,76.25,23.337500000000002,0.012500000000000002,7.041666666666667,1010.2833333333333,1010.1833333333334,12.083333333333334,187.41666666666666,23.0625,0.17666666666666667,0.14333333333333334,89.50055676862686,High Risk
2023-02-11,0.23062499999999997,28.6375,0.0,0.0,16.708333333333332,73.45833333333333,23.004166666666666,0.0,0.4166666666666667,1010.2166666666667,1010.1166666666667,12.541666666666666,187.66666666666666,24.041666666666668,0.2041666666666667,0.04083333333333333,89.19223447735288,High Risk
2023-02-12,0.25145833333333334,28.520833333333332,0.004166666666666667,0.0,39.75,76.33333333333333,23.633333333333336,0.004166666666666667,3.25,1010.4375,1010.3375,12.716666666666667,188.58333333333334,24.22083333333333,0.1991666666666667,0.010416666666666666,89.30887594946158,High Risk
2023-02-13,0.16819444444444442,28.491666666666664,0.12083333333333333,0.0,43.916666666666664,78.04166666666667,24.054166666666664,0.12083333333333333,12.041666666666666,1010.2416666666667,1010.1416666666668,12.716666666666667,182.83333333333334,24.141666666666666,0.18625,0.0,88.84269886593384,High Risk
2023-02-14,0.14927083333333332,28.795833333333334,0.0,0.0,34.916666666666664,77.79166666666667,24.229166666666668,0.0,0.9583333333333334,1009.8666666666667,1009.7666666666668,11.262500000000001,180.95833333333334,22.383333333333336,0.19625,0.0,88.73674952876844,High Risk
2023-02-15,0.3304861111111111,25.72083333333333,2.65,0.0,66.83333333333333,87.08333333333333,23.349999999999998,2.65,35.833333333333336,1011.5166666666668,1011.4166666666666,9.158333333333333,161.875,21.349999999999998,0.09416666666666666,8.629791666666668,89.75133593366054,High Risk
2023-02-16,0.44527777777777783,25.891666666666666,0.004166666666666667,0.0,66.29166666666667,75.58333333333333,20.841666666666665,0.004166666666666667,4.041666666666667,1013.1625,1013.0625,9.979166666666666,115.16666666666667,19.525000000000002,0.13333333333333333,21.977500000000003,90.39403044497944,High Risk
2023-02-17,0.5087152777777778,25.633333333333336,0.0,0.0,42.458333333333336,67.20833333333333,18.854166666666668,0.0,1.2083333333333333,1013.2416666666667,1013.1416666666668,11.983333333333334,156.45833333333334,22.433333333333334,0.17125,19.691875,90.7492037275504,High Risk
2023-02-18,0.3045833333333334,26.02916666666667,0.0,0.0,77.54166666666667,64.91666666666667,18.691666666666666,0.0,2.2916666666666665,1012.3833333333333,1012.2833333333333,11.958333333333334,247.16666666666666,22.675,0.20041666666666666,9.21375,89.60631170333873,High Risk
2023-02-19,0.36743055555555554,26.837500000000002,0.0,0.0,99.58333333333333,64.875,19.25,0.0,3.0,1011.4499999999999,1011.35,8.975,270.25,17.787499999999998,0.21041666666666667,3.674583333333333,89.95818014419996,High Risk
2023-02-20,0.5247916666666667,27.3125,0.0,0.0,82.66666666666667,60.75,18.675,0.0,2.5833333333333335,1011.5749999999999,1011.475,10.254166666666666,141.125,19.787499999999998,0.21416666666666664,1.0089583333333334,90.8392120635276,High Risk
2023-02-21,0.5721527777777778,27.03333333333333,0.0,0.0,44.583333333333336,64.79166666666667,18.991666666666667,0.0,1.2916666666666667,1012.4416666666666,1012.3416666666667,9.549999999999999,163.83333333333334,17.479166666666668,0.22124999999999997,0.2710416666666667,91.10437701012137,High Risk
2023-02-22,0.4944444444444444,26.912499999999998,0.0,0.0,60.541666666666664,59.833333333333336,17.629166666666666,0.0,1.9166666666666667,1012.35,1012.25,9.85,134.08333333333334,18.291666666666668,0.22958333333333333,0.09125,90.66930431915594,High Risk
2023-02-23,0.38083333333333336,27.170833333333334,0.0,0.0,55.0,56.041666666666664,17.029166666666665,0.0,1.7916666666666667,1011.5833333333334,1011.4833333333332,7.6375,129.66666666666666,15.225,0.21791666666666668,0.045625,90.03321949125653,High Risk
2023-02-24,0.36118055555555556,27.258333333333336,0.0,0.0,17.666666666666668,57.208333333333336,17.254166666666666,0.0,0.5416666666666666,1011.1791666666667,1011.0791666666668,9.025,153.08333333333334,16.854166666666668,0.23458333333333334,0.015625,89.92318770256735,High Risk
2023-02-25,0.48548611111111106,27.445833333333336,0.0,0.0,45.625,48.625,15.366666666666667,0.0,1.4583333333333333,1014.2083333333334,1014.1083333333332,15.9375,68.0,29.133333333333336,0.28291666666666665,0.0,90.6191484861492,High Risk
2023-02-26,0.49670138888888893,25.504166666666666,0.0,0.0,77.79166666666667,52.5,14.891666666666666,0.0,2.4166666666666665,1017.15,1017.0500000000001,13.75,77.16666666666667,26.254166666666666,0.245,0.0,90.68194047863439,High Risk
2023-02-27,0.3992361111111111,24.754166666666666,0.0,0.0,40.0,56.5,15.225,0.0,1.125,1016.9166666666666,1016.8166666666666,9.633333333333333,105.66666666666667,19.191666666666666,0.22,0.0,90.13625279161923,High Risk
2023-02-28,0.3322916666666667,25.941666666666666,0.0,0.0,26.25,54.958333333333336,15.845833333333333,0.0,0.8333333333333334,1015.525,1015.4250000000001,8.3375,220.125,17.287499999999998,0.22791666666666666,0.0,89.7614448612433,High Risk
2023-03-01,0.351875,27.6875,0.0,0.0,37.583333333333336,56.958333333333336,17.966666666666665,0.0,1.1666666666666667,1014.1750000000001,1014.0749999999999,9.125,240.58333333333334,18.337500000000002,0.22958333333333333,0.0,89.87108784502547,High Risk
2023-03-02,0.49090277777777774,28.625,0.0,0.0,19.583333333333332,58.708333333333336,19.016666666666666,0.0,0.5833333333333334,1013.725,1013.625,8.191666666666666,146.16666666666666,16.95,0.22416666666666665,0.0,90.64947526889746,High Risk
2023-03-03,0.6354861111111111,28.145833333333332,0.0,0.0,21.083333333333332,52.5,16.695833333333333,0.0,0.625,1015.2916666666666,1015.1916666666666,9.383333333333333,133.45833333333334,18.558333333333334,0.24916666666666668,0.0,91.45896708533178,High Risk
2023-03-04,0.42583333333333334,27.116666666666664,0.0,0.0,7.75,53.833333333333336,16.316666666666666,0.0,0.20833333333333334,1016.0749999999999,1015.975,10.470833333333333,69.08333333333333,19.5,0.24791666666666667,0.0,90.28516507101132,High Risk
2023-03-05,0.39888888888888885,27.254166666666666,0.0,0.0,5.625,54.833333333333336,16.729166666666668,0.0,0.125,1015.4499999999999,1015.35,8.558333333333334,110.79166666666667,17.391666666666666,0.22875,0.0,90.13430876708406,High Risk
2023-03-06,0.38666666666666666,27.7625,0.0,0.0,14.625,54.541666666666664,17.079166666666666,0.0,0.4583333333333333,1014.1541666666667,1014.0541666666667,9.508333333333333,136.70833333333334,19.0,0.23166666666666666,0.0,90.06587910344697,High Risk
2023-03-07,0.38958333333333334,27.683333333333334,0.0,0.0,9.916666666666666,61.0,18.8875,0.0,0.25,1013.3166666666666,1013.2166666666667,5.6375,189.375,13.129166666666668,0.20625000000000002,0.0,90.0822089095422,High Risk
2023-03-08,0.3540277777777778,28.162499999999998,0.004166666666666667,0.0,5.291666666666667,69.79166666666667,21.429166666666664,0.004166666666666667,2.2083333333333335,1013.0,1012.9,7.579166666666667,193.125,15.483333333333334,0.21041666666666667,0.0,89.88314079714335,High Risk
2023-03-09,0.3322222222222222,28.3125,0.04583333333333334,0.0,14.041666666666666,73.58333333333333,22.8,0.04583333333333334,10.833333333333334,1011.9833333333332,1011.8833333333333,9.308333333333334,186.29166666666666,19.004166666666666,0.2025,0.0,89.76105605633626,High Risk
2023-03-10,0.3896527777777778,28.308333333333334,0.041666666666666664,0.0,19.916666666666668,76.375,23.516666666666666,0.041666666666666664,13.0,1011.5500000000001,1011.4499999999999,7.454166666666667,179.16666666666666,17.508333333333333,0.1825,0.0,90.08259771444922,High Risk
2023-03-11,0.3728472222222223,28.541666666666668,0.03333333333333333,0.0,58.0,76.66666666666667,23.84583333333333,0.03333333333333333,7.791666666666667,1011.4833333333332,1011.3833333333333,11.691666666666668,188.83333333333334,22.933333333333334,0.19708333333333336,0.0,89.98850692694822,High Risk
2023-03-12,0.27277777777777773,28.483333333333334,0.075,0.0,69.04166666666667,76.375,23.8125,0.075,12.5,1011.5500000000001,1011.4499999999999,11.35,182.875,22.995833333333334,0.17500000000000002,0.0,89.42823905591946,High Risk
2023-03-13,0.29270833333333335,27.641666666666666,0.23750000000000002,0.0,84.83333333333333,71.58333333333333,21.400000000000002,0.23750000000000002,19.333333333333332,1012.1166666666667,1012.0166666666668,10.674999999999999,139.33333333333334,22.020833333333332,0.18875,0.014374999999999999,89.53982606423678,High Risk
2023-03-14,0.37767361111111114,27.150000000000002,0.0,0.0,66.16666666666667,63.0,19.1125,0.0,1.9583333333333333,1010.5875000000001,1010.4875000000001,8.5,117.29166666666667,16.75,0.19791666666666666,0.015625,90.01552886798673,High Risk
2023-03-15,0.35520833333333335,27.441666666666666,0.03333333333333333,0.0,66.41666666666667,76.0,22.545833333333334,0.03333333333333333,14.083333333333334,1010.5958333333333,1010.4958333333334,9.220833333333333,179.83333333333334,18.075,0.20125,0.0,89.88975048056285,High Risk
2023-03-16,0.3082638888888889,28.045833333333334,0.008333333333333333,0.0,61.416666666666664,74.625,22.916666666666668,0.008333333333333333,5.958333333333333,1011.775,1011.6750000000001,11.441666666666668,190.58333333333334,22.183333333333334,0.2025,0.0,89.62691836341126,High Risk
2023-03-17,0.3863888888888889,28.295833333333334,0.016666666666666666,0.0,89.70833333333333,72.79166666666667,22.691666666666666,0.016666666666666666,10.75,1011.3166666666666,1011.2166666666667,11.487499999999999,189.33333333333334,22.379166666666666,0.21666666666666667,0.0,90.06432388381886,High Risk
2023-03-18,0.3730902777777778,28.5125,0.008333333333333333,0.0,29.666666666666668,73.58333333333333,23.141666666666666,0.008333333333333333,5.041666666666667,1010.2958333333332,1010.1958333333333,11.375,193.66666666666666,22.395833333333332,0.21458333333333335,0.0,89.9898677441228,High Risk
2023-03-19,0.38506944444444446,28.825,0.004166666666666667,0.0,71.83333333333333,74.20833333333333,23.575,0.004166666666666667,4.333333333333333,1009.4666666666667,1009.3666666666667,13.608333333333334,188.625,25.7375,0.21083333333333332,0.0,90.05693659058531,High Risk
2023-03-20,0.3575,29.004166666666666,0.029166666666666664,0.0,39.0,76.08333333333333,24.208333333333332,0.029166666666666664,9.375,1008.9166666666666,1008.8166666666666,12.987499999999999,191.25,24.47083333333333,0.21291666666666667,0.0,89.90258104249482,High Risk
2023-03-21,0.31416666666666665,29.2625,0.004166666666666667,0.0,53.333333333333336,77.375,24.679166666666664,0.004166666666666667,3.5833333333333335,1008.7541666666666,1008.6541666666667,15.720833333333333,182.95833333333334,29.34166666666667,0.22208333333333333,0.0,89.65996678050873,High Risk
2023-03-22,0.29625,29.495833333333334,0.020833333333333332,0.0,55.041666666666664,76.33333333333333,24.641666666666666,0.020833333333333332,5.708333333333333,1007.3375,1007.2375000000001,13.916666666666666,189.25,26.712500000000002,0.22375,0.0,89.55965511449526,High Risk
2023-03-23,0.2652777777777778,29.704166666666666,0.012500000000000002,0.0,8.875,75.875,24.78333333333333,0.012500000000000002,4.333333333333333,1007.4166666666666,1007.3166666666666,15.641666666666666,182.58333333333334,29.245833333333334,0.22708333333333333,0.0,89.38624812596035,High Risk
2023-03-24,0.22124999999999997,29.8,0.020833333333333332,0.0,43.541666666666664,77.41666666666667,25.1375,0.020833333333333332,5.458333333333333,1007.8916666666668,1007.7916666666666,12.1875,182.79166666666666,23.895833333333332,0.21875,0.0,89.13974581490397,High Risk
2023-03-25,0.22993055555555555,29.650000000000002,0.004166666666666667,0.0,57.875,79.375,25.4375,0.004166666666666667,3.7916666666666665,1008.475,1008.375,14.720833333333333,181.875,27.483333333333334,0.22208333333333333,0.0,89.1883464282826,High Risk
2023-03-26,0.1813888888888889,29.804166666666664,0.008333333333333333,0.0,60.75,76.75,25.0625,0.008333333333333333,5.791666666666667,1007.975,1007.875,15.404166666666667,184.0,28.925,0.22666666666666668,0.0,88.91657179826935,High Risk
2023-03-27,0.13034722222222223,29.72083333333333,0.0,0.0,28.541666666666668,75.125,24.59166666666667,0.0,0.75,1008.1875,1008.0875,14.995833333333332,180.29166666666666,27.95,0.23458333333333334,0.0,88.63080019160304,High Risk
2023-03-28,0.21975694444444446,29.491666666666664,0.12083333333333333,0.0,49.25,74.29166666666667,24.275000000000002,0.12083333333333333,8.0,1009.6958333333333,1009.5958333333333,17.375,181.20833333333334,31.84166666666667,0.22833333333333336,0.0,89.13138650940286,High Risk
2023-03-29,0.16625,29.34166666666667,0.0,0.0,33.0,72.45833333333333,23.633333333333336,0.0,0.9583333333333334,1010.4499999999999,1010.35,13.137500000000001,183.16666666666666,25.15833333333333,0.22833333333333336,0.0,88.83181232853703,High Risk
2023-03-30,0.21972222222222224,29.508333333333336,0.09583333333333333,0.0,47.208333333333336,74.875,24.474999999999998,0.09583333333333333,11.833333333333334,1008.775,1008.6750000000001,13.479166666666666,179.91666666666666,25.879166666666666,0.21125000000000002,0.0,89.13119210694933,High Risk
2023-03-31,0.24288194444444444,30.1875,0.0,0.0,12.875,71.45833333333333,24.179166666666664,0.0,0.3333333333333333,1008.2624999999999,1008.1625,15.725,179.08333333333334,29.483333333333334,0.255,0.0,89.2608585434435,High Risk
2023-04-01,0.23305555555555557,29.775000000000002,0.2041666666666667,0.0,55.333333333333336,74.5,24.645833333333332,0.2041666666666667,10.583333333333334,1008.375,1008.275,17.691666666666666,176.375,32.0875,0.21541666666666667,0.0,89.2058426490989,High Risk
2023-04-02,0.2370833333333333,29.90416666666667,0.17916666666666667,0.0,18.208333333333332,73.04166666666667,24.454166666666666,0.17916666666666667,9.25,1008.0375,1007.9375,14.395833333333334,189.70833333333334,27.645833333333332,0.21666666666666667,0.0,89.22839333370658,High Risk
2023-04-03,0.15034722222222222,30.675,0.0,0.0,11.625,65.54166666666667,22.854166666666668,0.0,0.3333333333333333,1007.2708333333334,1007.1708333333332,11.795833333333334,193.79166666666666,23.09583333333333,0.25916666666666666,0.0,88.74277600482739,High Risk
2023-04-04,0.168125,31.125,0.0,0.0,60.916666666666664,63.75,22.474999999999998,0.0,1.8333333333333333,1006.8125,1006.7125,11.5875,210.5,23.858333333333334,0.27,0.0,88.84231006102681,High Risk
2023-04-05,0.1654513888888889,30.429166666666664,0.0,0.0,74.20833333333333,65.20833333333333,22.379166666666666,0.0,2.3333333333333335,1007.0958333333333,1006.9958333333334,11.341666666666667,221.79166666666666,22.525000000000002,0.26708333333333334,0.0,88.8273410721062,High Risk
2023-04-06,0.15281250000000002,30.916666666666668,0.0,0.0,66.0,67.91666666666667,23.537499999999998,0.0,2.0,1007.8083333333334,1007.7083333333334,9.329166666666667,224.16666666666666,19.8125,0.2525,0.0,88.75657857902692,High Risk
2023-04-07,0.12562500000000001,30.558333333333334,0.0,0.0,76.08333333333333,72.66666666666667,24.90833333333333,0.0,2.2083333333333335,1009.5291666666667,1009.4291666666667,13.216666666666667,173.29166666666666,25.508333333333336,0.2070833333333333,0.0,88.60436145792508,High Risk
2023-04-08,0.17263888888888887,30.583333333333332,0.020833333333333332,0.0,86.29166666666667,73.08333333333333,24.95,0.020833333333333332,4.666666666666667,1011.475,1011.375,12.975,175.58333333333334,24.84166666666667,0.22208333333333333,0.0,88.86758237998369,High Risk
2023-04-09,0.20875,31.09166666666667,0.07916666666666666,0.0,85.75,70.41666666666667,24.708333333333332,0.07916666666666666,14.666666666666666,1011.5666666666666,1011.4666666666667,11.174999999999999,181.95833333333334,22.329166666666666,0.23375,0.0,89.06976093163877,High Risk
2023-04-10,0.20881944444444445,30.916666666666668,0.0,0.0,85.16666666666667,72.45833333333333,25.116666666666664,0.0,2.6666666666666665,1009.7458333333334,1009.6458333333334,13.995833333333332,183.0,26.675,0.2529166666666667,0.0,89.07014973654579,High Risk
2023-04-11,0.20520833333333335,31.020833333333332,0.15,0.0,84.79166666666667,73.83333333333333,25.620833333333334,0.15,7.166666666666667,1008.6916666666666,1008.5916666666667,12.674999999999999,178.20833333333334,25.28333333333333,0.22041666666666668,0.0,89.04993188138029,High Risk
2023-04-12,0.21395833333333333,31.366666666666664,0.0,0.0,45.458333333333336,74.58333333333333,25.908333333333335,0.0,1.3333333333333333,1007.6291666666666,1007.5291666666667,14.820833333333333,178.83333333333334,28.349999999999998,0.25625000000000003,0.0,89.09892129966593,High Risk
2023-04-13,0.2572222222222222,31.34583333333333,0.0,0.0,93.58333333333333,70.25,24.7375,0.0,2.8333333333333335,1007.5,1007.4,11.674999999999999,199.875,23.787499999999998,0.25666666666666665,0.0,89.34114675674498,High Risk
2023-04-14,0.2184027777777778,31.75,0.004166666666666667,0.0,83.70833333333333,69.45833333333333,25.083333333333332,0.004166666666666667,4.541666666666667,1007.2833333333333,1007.1833333333334,12.120833333333332,174.29166666666666,24.5,0.24375,0.0,89.12380481371578,High Risk
2023-04-15,0.15010416666666668,31.95,0.2791666666666667,0.0,63.791666666666664,72.75,26.179166666666664,0.2791666666666667,10.416666666666666,1006.5,1006.4,11.299999999999999,183.0,23.620833333333334,0.24,0.0,88.74141518765279,High Risk
2023-04-16,0.18576388888888887,30.2,0.09166666666666667,0.0,100.0,75.29166666666667,25.212500000000002,0.09166666666666667,13.166666666666666,1006.9125,1006.8125,9.708333333333334,185.95833333333334,20.15,0.18791666666666665,0.0,88.94106650741217,High Risk
2023-04-17,0.14701388888888892,30.84583333333333,0.004166666666666667,0.0,64.95833333333333,73.79166666666667,25.5,0.004166666666666667,3.9166666666666665,1008.0791666666668,1007.9791666666666,10.5875,184.33333333333334,22.079166666666666,0.21833333333333335,0.0,88.72411336929001,High Risk
2023-04-18,0.2595138888888889,31.05,0.0,0.0,58.125,72.95833333333333,25.400000000000002,0.0,1.75,1008.4083333333333,1008.3083333333334,13.608333333333334,186.04166666666666,25.787499999999998,0.24583333333333332,0.0,89.35397731867694,High Risk
2023-04-19,0.21930555555555553,31.900000000000002,0.008333333333333333,0.0,26.5,69.54166666666667,25.254166666666666,0.008333333333333333,4.875,1005.7583333333333,1005.6583333333333,12.674999999999999,210.29166666666666,25.391666666666666,0.2525,0.0,89.12885927750716,High Risk
2023-04-20,0.20909722222222224,31.616666666666664,0.0,0.0,27.416666666666668,63.333333333333336,22.866666666666664,0.0,0.8333333333333334,1004.0958333333333,1003.9958333333334,12.704166666666666,230.0,25.09583333333333,0.28625,0.0,89.0717049561739,High Risk
2023-04-21,0.18388888888888888,31.7625,0.0,0.0,3.3333333333333335,62.791666666666664,23.083333333333332,0.0,0.0,1004.4291666666667,1004.3291666666668,12.716666666666667,227.91666666666666,25.27916666666667,0.28958333333333336,0.0,88.93056877492239,High Risk
2023-04-22,0.13409722222222223,31.837500000000002,0.004166666666666667,0.0,8.416666666666666,65.375,23.837500000000002,0.004166666666666667,2.25,1005.2416666666667,1005.1416666666668,11.141666666666666,218.08333333333334,22.958333333333332,0.27166666666666667,0.0,88.6517956565826,High Risk
2023-04-23,0.23430555555555557,31.287499999999998,0.029166666666666664,0.0,18.375,71.08333333333333,25.141666666666666,0.029166666666666664,8.708333333333334,1007.3666666666667,1007.2666666666668,16.591666666666665,181.20833333333334,30.920833333333334,0.25625,0.0,89.21284113742543,High Risk
2023-04-24,0.11243055555555555,31.6375,0.012500000000000002,0.0,39.625,66.29166666666667,24.125,0.012500000000000002,5.333333333333333,1009.4166666666666,1009.3166666666666,9.433333333333334,171.875,20.2625,0.24750000000000003,0.0,88.53048852558958,High Risk
2023-04-25,0.17506944444444442,31.65416666666667,0.24583333333333335,0.0,91.20833333333333,69.375,25.0125,0.24583333333333335,11.541666666666666,1007.75,1007.65,8.770833333333334,170.75,19.775000000000002,0.24083333333333334,0.043125000000000004,88.8811905517297,High Risk
2023-04-26,0.29944444444444446,27.90416666666667,1.6083333333333334,0.0,99.95833333333333,84.45833333333333,24.974999999999998,1.6083333333333334,30.333333333333332,1008.9416666666666,1008.8416666666667,7.379166666666666,171.58333333333334,18.408333333333335,0.11041666666666666,0.3295833333333333,89.5775401402186,High Risk
2023-04-27,0.24131944444444445,29.099999999999998,0.06666666666666667,0.0,80.95833333333333,79.45833333333333,24.90416666666667,0.06666666666666667,8.958333333333334,1008.975,1008.875,4.8375,220.08333333333334,13.608333333333334,0.21791666666666665,0.935,89.25211043303534,High Risk
2023-04-28,0.28479166666666667,30.195833333333336,0.05416666666666667,0.0,66.83333333333333,75.29166666666667,25.099999999999998,0.05416666666666667,8.333333333333334,1008.7958333333332,1008.6958333333333,7.729166666666667,221.95833333333334,16.4375,0.22624999999999998,1.4297916666666666,89.49550230483548,High Risk
2023-04-29,0.2104166666666667,30.650000000000002,0.016666666666666666,0.0,83.58333333333333,75.91666666666667,25.729166666666668,0.016666666666666666,10.666666666666666,1007.7416666666667,1007.6416666666668,11.416666666666666,186.25,22.104166666666668,0.22166666666666668,1.7852083333333333,89.07909224940745,High Risk
2023-04-30,0.2146527777777778,29.3625,0.5083333333333333,0.0,99.0,79.29166666666667,25.308333333333334,0.5083333333333333,18.083333333333332,1007.9458333333333,1007.8458333333333,10.454166666666667,164.91666666666666,21.004166666666666,0.17791666666666664,42.313541666666666,89.10280934873623,High Risk
2023-05-01,0.3325,29.412499999999998,0.11666666666666668,0.0,43.875,78.08333333333333,25.041666666666668,0.11666666666666668,14.125,1008.4583333333334,1008.3583333333332,7.1000000000000005,139.08333333333334,15.6875,0.2070833333333333,156.69083333333333,89.76261127596437,High Risk
2023-05-02,0.5011805555555556,30.212500000000002,0.03333333333333333,0.0,75.91666666666667,76.70833333333333,25.46666666666667,0.03333333333333333,10.375,1008.9833333333332,1008.8833333333333,7.608333333333333,168.70833333333334,17.337500000000002,0.21625000000000003,250.66041666666663,90.70701839513777,High Risk
2023-05-03,0.3962152777777778,30.291666666666668,0.0,0.0,69.04166666666667,75.5,25.270833333333332,0.0,2.125,1009.5333333333333,1009.4333333333334,9.004166666666666,218.16666666666666,18.541666666666668,0.22958333333333333,275.81604166666665,90.11933977816346,High Risk
2023-05-04,0.2636111111111111,30.90416666666667,0.0,0.0,18.708333333333332,74.125,25.52916666666667,0.0,0.4583333333333333,1007.725,1007.625,14.191666666666668,189.75,26.704166666666666,0.2504166666666667,284.99895833333335,89.37691680819164,High Risk
2023-05-05,0.28572916666666665,32.074999999999996,0.0,0.0,53.458333333333336,69.625,25.508333333333336,0.0,1.625,1005.0375,1004.9375,12.095833333333333,199.0,24.108333333333334,0.26208333333333333,286.135,89.50075117108037,High Risk
2023-05-06,0.2446527777777778,32.875,0.0,0.0,59.75,63.916666666666664,24.558333333333334,0.0,1.7916666666666667,1003.4,1003.3000000000001,11.920833333333334,221.41666666666666,23.912499999999998,0.28375,281.3339583333333,89.27077306857274,High Risk
2023-05-07,0.24652777777777776,32.770833333333336,0.03333333333333333,0.0,72.66666666666667,64.29166666666667,24.675,0.03333333333333333,6.375,1003.5,1003.4,13.304166666666667,214.79166666666666,26.325,0.27791666666666665,273.67604166666666,89.28127080106252,High Risk
2023-05-08,0.14312499999999997,32.44166666666667,0.10416666666666667,0.0,77.58333333333333,69.54166666666667,25.912499999999998,0.10416666666666667,6.958333333333333,1004.725,1004.625,10.854166666666666,159.95833333333334,24.1125,0.24708333333333335,267.3252083333333,88.70234029449637,High Risk
2023-05-09,0.17888888888888888,31.46666666666667,0.12916666666666668,0.0,85.33333333333333,67.91666666666667,24.508333333333336,0.12916666666666668,9.166666666666666,1006.8458333333333,1006.7458333333334,10.591666666666667,156.20833333333334,22.145833333333332,0.24625,269.856875,88.9025748216163,High Risk
2023-05-10,0.10090277777777779,28.566666666666666,0.44166666666666665,0.0,99.95833333333333,81.20833333333333,24.958333333333332,0.44166666666666665,24.0,1008.4041666666667,1008.3041666666667,8.754166666666666,153.75,18.270833333333332,0.12583333333333332,297.83479166666666,88.46594691102277,High Risk
2023-05-11,0.13378472222222224,29.75,0.42083333333333334,0.0,90.625,77.08333333333333,25.1875,0.42083333333333334,9.75,1008.8291666666668,1008.7291666666666,7.195833333333333,146.375,15.391666666666666,0.19208333333333336,374.3064583333333,88.65004603450099,High Risk
2023-05-12,0.2111111111111111,29.504166666666666,0.4666666666666666,0.0,99.08333333333333,78.45833333333333,25.266666666666666,0.4666666666666666,16.5,1008.9125,1008.8125,9.654166666666667,189.95833333333334,20.675,0.18583333333333332,465.56625,89.08298029847774,High Risk
2023-05-13,0.23958333333333334,29.575,0.012500000000000002,0.0,89.79166666666667,73.58333333333333,23.9875,0.012500000000000002,8.833333333333334,1008.9333333333334,1008.8333333333334,11.083333333333334,136.375,22.425,0.23958333333333334,508.1545833333333,89.24239031035962,High Risk
2023-05-14,0.2997222222222222,30.96666666666667,0.004166666666666667,0.0,53.333333333333336,66.16666666666667,23.712500000000002,0.004166666666666667,3.6666666666666665,1008.6791666666667,1008.5791666666668,17.208333333333332,186.375,31.891666666666666,0.27999999999999997,516.4660416666667,89.5790953598467,High Risk
2023-05-15,0.2184027777777778,30.433333333333334,0.075,0.0,77.79166666666667,71.5,24.558333333333334,0.075,14.875,1009.3125,1009.2125,11.708333333333334,178.29166666666666,24.441666666666666,0.22916666666666666,530.1614583333334,89.12380481371578,High Risk
2023-05-16,0.15965277777777778,30.104166666666668,0.04583333333333334,0.0,50.875,71.625,23.97083333333333,0.04583333333333334,5.625,1009.8958333333334,1009.7958333333332,8.708333333333334,203.95833333333334,18.0,0.2316666666666667,542.1979166666666,88.79487586236927,High Risk
2023-05-17,0.21559027777777776,30.925,0.020833333333333332,0.0,65.625,64.66666666666667,23.275000000000002,0.020833333333333332,4.041666666666667,1009.8583333333332,1009.7583333333333,10.829166666666666,242.58333333333334,21.816666666666666,0.25458333333333333,543.5,89.10805821498111,High Risk
2023-05-18,0.1501388888888889,31.8625,0.020833333333333332,0.0,63.708333333333336,61.5,23.0125,0.020833333333333332,6.125,1008.8874999999999,1008.7875,14.820833333333333,259.0416666666667,28.375,0.29291666666666666,564.099375,88.74160959010631,High Risk
2023-05-19,-0.01097222222222221,32.233333333333334,0.0,0.0,50.083333333333336,57.833333333333336,22.5,0.0,1.5833333333333333,1006.8333333333334,1006.7333333333332,15.275,257.4583333333333,29.441666666666666,0.30583333333333335,629.686875,87.83958220579909,High Risk
2023-05-20,0.015381944444444434,31.995833333333334,0.004166666666666667,0.0,77.04166666666667,58.666666666666664,22.420833333333334,0.004166666666666667,4.375,1006.4291666666667,1006.3291666666668,13.645833333333334,255.08333333333334,26.920833333333334,0.29791666666666666,685.739375,87.9871336680166,High Risk
2023-05-21,0.1657638888888889,32.112500000000004,0.0,0.0,82.70833333333333,61.833333333333336,23.5125,0.0,2.5,1007.5291666666667,1007.4291666666667,12.579166666666666,226.66666666666666,25.325,0.28375,675.5097916666667,88.82909069418783,High Risk
2023-05-22,0.040972222222222236,31.429166666666664,0.041666666666666664,0.0,87.29166666666667,66.95833333333333,24.333333333333332,0.041666666666666664,8.666666666666666,1008.3791666666666,1008.2791666666667,10.079166666666667,231.33333333333334,20.966666666666665,0.20666666666666667,632.7004166666667,88.13040827625677,High Risk
2023-05-23,-0.05989583333333334,30.116666666666664,0.049999999999999996,0.0,98.25,70.875,24.058333333333334,0.049999999999999996,9.125,1008.4583333333334,1008.3583333333332,9.424999999999999,212.875,20.175,0.2070833333333333,596.7677083333334,87.56566914879718,High Risk
2023-05-24,0.012152777777777762,30.34583333333333,0.13333333333333333,0.0,96.08333333333333,73.375,24.77916666666667,0.13333333333333333,17.25,1007.8333333333334,1007.7333333333332,8.825000000000001,214.20833333333334,20.3125,0.19625,578.611875,87.96905423983975,High Risk
2023-05-25,0.02868055555555558,30.829166666666666,0.04583333333333334,0.0,97.75,69.375,24.40416666666667,0.04583333333333334,5.166666666666667,1008.1,1008.0,10.454166666666667,217.70833333333334,21.712500000000002,0.2225,576.351875,88.06158980771264,High Risk
2023-05-26,-0.08215277777777778,32.104166666666664,0.0,0.0,52.166666666666664,60.125,22.650000000000002,0.0,1.5416666666666667,1007.7833333333333,1007.6833333333334,10.308333333333334,255.41666666666666,22.120833333333334,0.27958333333333335,574.620625,87.4410571760944,High Risk
2023-05-27,-0.025972222222222216,31.641666666666666,0.041666666666666664,0.0,90.20833333333333,63.291666666666664,23.52916666666667,0.041666666666666664,10.75,1006.0708333333333,1005.9708333333333,12.720833333333333,244.33333333333334,25.25,0.24708333333333332,561.7927083333333,87.75560034588084,High Risk
2023-05-28,-0.016805555555555563,29.4375,0.6958333333333334,0.0,96.45833333333333,76.0,24.6125,0.6958333333333334,24.5,1005.7875,1005.6875,6.8,191.25,17.054166666666667,0.16916666666666666,555.4214583333334,87.80692259360866,High Risk
2023-05-29,0.07972222222222222,27.891666666666666,1.0083333333333333,0.0,99.375,82.29166666666667,24.5125,1.0083333333333333,33.25,1006.7624999999999,1006.6625,5.129166666666666,212.33333333333334,14.020833333333334,0.13541666666666666,575.9620833333333,88.34736141437892,High Risk
2023-05-30,0.08513888888888889,28.691666666666666,0.36250000000000004,0.0,98.125,82.54166666666667,25.316666666666666,0.36250000000000004,28.0,1006.7375000000001,1006.6374999999999,5.570833333333333,213.04166666666666,13.862499999999999,0.19208333333333336,612.9689583333333,88.37768819712718,High Risk
2023-05-31,0.10406249999999999,29.245833333333334,0.025000000000000005,0.0,69.625,78.58333333333333,25.045833333333334,0.025000000000000005,8.333333333333334,1005.975,1005.875,7.8374999999999995,235.66666666666666,17.787499999999998,0.21625000000000003,652.3529166666666,88.48363753429258,High Risk
2023-06-01,0.08652777777777777,29.854166666666668,0.004166666666666667,0.0,71.20833333333333,73.41666666666667,24.395833333333332,0.004166666666666667,4.25,1005.3958333333334,1005.2958333333332,11.820833333333333,233.08333333333334,22.525000000000002,0.21333333333333335,678.7816666666666,88.38546429526778,High Risk
2023-06-02,0.04881944444444445,29.4875,0.0375,0.0,79.33333333333333,75.83333333333333,24.633333333333336,0.0375,6.541666666666667,1006.2416666666667,1006.1416666666668,11.908333333333333,230.79166666666666,23.804166666666664,0.22458333333333333,674.80125,88.17434323075103,High Risk
2023-06-03,0.0735763888888889,29.412499999999998,0.09166666666666667,0.0,58.5,77.54166666666667,24.95,0.09166666666666667,16.291666666666668,1007.2624999999999,1007.1625,9.808333333333334,215.625,20.479166666666668,0.22291666666666665,647.8297916666667,88.31295218010686,High Risk
2023-06-04,0.031493055555555566,29.8,0.04583333333333333,0.0,95.875,76.33333333333333,25.104166666666668,0.04583333333333333,13.0,1006.9041666666667,1006.8041666666667,11.208333333333334,207.08333333333334,21.791666666666668,0.20083333333333334,613.7066666666666,88.07733640644732,High Risk
2023-06-05,0.007604166666666676,29.8,0.08750000000000001,0.0,99.33333333333333,72.25,24.183333333333334,0.08750000000000001,11.25,1006.0375,1005.9375,10.6,226.54166666666666,21.270833333333332,0.2175,584.425,87.94358751842934,High Risk
2023-06-06,0.10319444444444444,28.95,0.3666666666666667,0.0,97.54166666666667,76.08333333333333,24.304166666666664,0.3666666666666667,24.083333333333332,1005.4333333333334,1005.3333333333334,12.845833333333333,208.54166666666666,24.337500000000002,0.16583333333333333,567.4108333333332,88.47877747295472,High Risk
2023-06-07,0.20631944444444442,29.191666666666666,0.15416666666666667,0.0,98.375,75.41666666666667,24.333333333333332,0.15416666666666667,19.416666666666668,1006.2958333333332,1006.1958333333333,13.200000000000001,204.08333333333334,26.77916666666667,0.18083333333333332,571.4854166666667,89.05615275989275,High Risk
2023-06-08,0.13274305555555554,28.47083333333333,0.5708333333333333,0.0,95.16666666666667,78.70833333333333,24.333333333333332,0.5708333333333333,18.791666666666668,1007.0791666666668,1006.9791666666666,11.941666666666668,217.41666666666666,23.6375,0.1725,598.9920833333334,88.64421396089556,High Risk
2023-06-09,0.14756944444444445,27.9375,0.5,0.0,99.20833333333333,82.5,24.65416666666667,0.5,24.166666666666668,1006.3416666666667,1006.2416666666667,10.383333333333333,201.45833333333334,21.2875,0.1225,634.583125,88.72722380854624,High Risk
2023-06-10,0.14527777777777776,27.916666666666668,1.3499999999999999,0.0,99.83333333333333,83.875,24.891666666666666,1.3499999999999999,29.333333333333332,1005.6166666666667,1005.5166666666668,10.770833333333334,214.58333333333334,22.079166666666666,0.11458333333333333,665.3741666666666,88.71439324661429,High Risk
2023-06-11,0.06729166666666664,28.420833333333334,0.3541666666666667,0.0,98.83333333333333,79.33333333333333,24.458333333333332,0.3541666666666667,24.416666666666668,1005.0166666666668,1004.9166666666666,14.116666666666667,209.625,27.670833333333334,0.1366666666666667,688.9077083333333,88.27776533602074,High Risk
2023-06-12,0.09569444444444443,28.65833333333333,0.4000000000000001,0.0,95.79166666666667,78.45833333333333,24.474999999999998,0.4000000000000001,15.833333333333334,1005.75,1005.65,13.941666666666668,204.75,26.983333333333334,0.1779166666666667,703.5070833333334,88.43678654299559,High Risk
2023-06-13,0.14770833333333333,28.708333333333332,0.14166666666666666,0.0,96.375,79.45833333333333,24.78333333333333,0.14166666666666666,15.458333333333334,1006.4250000000001,1006.3249999999999,16.108333333333334,199.16666666666666,30.879166666666666,0.17916666666666667,706.236875,88.72800141836031,High Risk
2023-06-14,0.11753472222222223,28.541666666666668,0.15000000000000002,0.0,99.16666666666667,78.79166666666667,24.46666666666667,0.15000000000000002,31.416666666666668,1008.0666666666666,1007.9666666666667,12.741666666666667,213.16666666666666,24.391666666666666,0.14083333333333334,704.4710416666667,88.5590656862562,High Risk
2023-06-15,0.07291666666666666,28.59166666666667,0.25833333333333336,0.0,99.16666666666667,80.54166666666667,24.854166666666668,0.25833333333333336,37.666666666666664,1007.6958333333333,1007.5958333333333,9.791666666666666,206.41666666666666,20.95,0.1475,707.663125,88.30925853349008,High Risk
2023-06-16,0.12604166666666666,28.97083333333333,0.12916666666666668,0.0,98.375,80.0,25.02916666666667,0.12916666666666668,11.5,1006.8458333333333,1006.7458333333334,10.9,213.29166666666666,21.275,0.2025,714.95375,88.60669428736726,High Risk
2023-06-17,0.1559722222222222,29.058333333333334,0.43333333333333335,0.0,89.75,78.58333333333333,24.8625,0.43333333333333335,18.083333333333332,1007.4583333333334,1007.3583333333332,11.366666666666667,210.375,22.433333333333334,0.18541666666666667,728.9745833333333,88.77426920229674,High Risk
2023-06-18,0.06788194444444443,28.041666666666668,0.8416666666666667,0.0,100.0,81.25,24.4375,0.8416666666666667,24.083333333333332,1008.2541666666666,1008.1541666666667,11.583333333333334,216.0,23.34166666666667,0.13125,751.906875,88.2810701777305,High Risk
2023-06-19,-0.046388888888888875,27.941666666666666,0.1625,0.0,97.58333333333333,81.75,24.40833333333333,0.1625,13.5,1007.7958333333332,1007.6958333333333,7.7250000000000005,226.66666666666666,15.975,0.13625,771.4775,87.64129170321434,High Risk
2023-06-20,0.1272222222222222,28.95,0.15,0.0,96.83333333333333,80.04166666666667,25.037499999999998,0.15,15.458333333333334,1007.7291666666666,1007.6291666666666,9.483333333333333,213.125,20.5,0.19541666666666668,765.2141666666666,88.61330397078675,High Risk
2023-06-21,0.04388888888888889,29.212500000000002,0.020833333333333332,0.0,97.41666666666667,76.25,24.433333333333334,0.020833333333333332,8.958333333333334,1008.4958333333334,1008.3958333333334,7.625,228.41666666666666,16.466666666666665,0.19375,736.1114583333333,88.14673808235199,High Risk
2023-06-22,0.023611111111111083,29.2375,0.004166666666666667,0.0,62.208333333333336,78.75,25.025000000000002,0.004166666666666667,3.9583333333333335,1008.4166666666666,1008.3166666666666,8.108333333333333,210.70833333333334,16.675,0.18000000000000002,702.1775000000001,88.03320704949952,High Risk
2023-06-23,0.006736111111111119,30.3875,0.49583333333333335,0.0,47.541666666666664,71.58333333333333,24.2625,0.49583333333333335,10.166666666666666,1006.9291666666667,1006.8291666666668,10.608333333333333,249.20833333333334,21.945833333333336,0.24875,669.7077083333334,87.93872745709149,High Risk
2023-06-24,-0.017638888888888888,29.329166666666666,0.016666666666666666,0.0,98.83333333333333,74.45833333333333,24.175,0.016666666666666666,5.0,1006.4625,1006.3625000000001,11.008333333333333,252.91666666666666,21.4375,0.20666666666666667,643.6877083333333,87.80225693472431,High Risk
2023-06-25,-0.0815277777777778,29.22083333333333,0.016666666666666666,0.0,98.41666666666667,72.25,23.508333333333336,0.016666666666666666,9.0,1006.7041666666668,1006.6041666666666,10.7125,271.375,22.083333333333332,0.20333333333333334,625.955625,87.44455642025765,High Risk
2023-06-26,-0.0628125,29.316666666666666,0.024999999999999998,0.0,92.16666666666667,66.04166666666667,22.162499999999998,0.024999999999999998,4.875,1007.0583333333334,1006.9583333333334,10.733333333333334,276.8333333333333,20.520833333333332,0.21624999999999997,616.39875,87.54933934270197,High Risk
2023-06-27,-0.0763888888888889,29.337500000000002,0.25833333333333336,0.0,92.20833333333333,71.625,23.633333333333336,0.25833333333333336,11.875,1007.225,1007.125,9.304166666666667,244.625,19.675,0.19708333333333336,613.4995833333334,87.4733279833778,High Risk
2023-06-28,0.07229166666666667,28.9875,1.1333333333333333,0.0,93.41666666666667,78.95833333333333,24.59583333333333,1.1333333333333333,35.791666666666664,1008.0416666666666,1007.9416666666666,7.6000000000000005,193.0,18.337500000000002,0.21791666666666668,618.2272916666667,88.30575928932683,High Risk
2023-06-29,0.11388888888888889,28.879166666666666,0.1625,0.0,96.83333333333333,80.625,25.054166666666664,0.1625,25.541666666666668,1007.0375,1006.9375,9.075000000000001,160.625,19.108333333333334,0.21083333333333332,641.1899999999999,88.53865342863718,High Risk
2023-06-30,0.11340277777777778,29.3,0.08750000000000001,0.0,96.33333333333333,78.66666666666667,25.045833333333334,0.08750000000000001,11.25,1006.1583333333333,1006.0583333333334,9.908333333333333,217.70833333333334,19.533333333333335,0.1975,681.554375,88.53593179428798,High Risk
2023-07-01,0.2064583333333333,29.245833333333334,0.8916666666666666,0.0,99.125,80.79166666666667,25.454166666666666,0.8916666666666666,23.5,1006.5541666666667,1006.4541666666668,11.054166666666667,171.95833333333334,22.804166666666664,0.18916666666666668,718.0179166666667,89.0569303697068,High Risk
2023-07-02,0.053402777777777764,28.954166666666666,0.22916666666666666,0.0,99.95833333333333,79.125,24.875,0.22916666666666666,33.833333333333336,1007.4916666666667,1007.3916666666668,11.320833333333333,196.875,22.370833333333334,0.19666666666666666,737.526875,88.20000435461496,High Risk
2023-07-03,0.11451388888888887,29.09583333333333,0.012500000000000002,0.0,98.33333333333333,73.54166666666667,23.808333333333334,0.012500000000000002,8.958333333333334,1008.5916666666667,1008.4916666666667,12.345833333333333,219.20833333333334,24.325,0.18708333333333335,750.3664583333334,88.54215267280044,High Risk
2023-07-04,0.16888888888888887,28.608333333333334,0.12916666666666668,0.0,99.0,78.625,24.420833333333334,0.12916666666666668,13.5,1008.7291666666666,1008.6291666666666,7.716666666666666,200.16666666666666,16.1875,0.14125000000000001,760.1004166666667,88.84658691500414,High Risk
2023-07-05,0.08999999999999998,27.941666666666666,0.012500000000000002,0.0,99.54166666666667,78.25,23.616666666666664,0.012500000000000002,9.0,1008.4625,1008.3625000000001,5.279166666666667,188.83333333333334,12.674999999999999,0.16874999999999998,772.226875,88.40490454061923,High Risk
2023-07-06,0.07347222222222222,28.979166666666668,0.06666666666666667,0.0,94.54166666666667,75.66666666666667,24.008333333333336,0.06666666666666667,7.375,1008.9,1008.8000000000001,6.083333333333333,263.25,14.862499999999999,0.20375,798.3143749999999,88.31236897274633,High Risk
2023-07-07,0.11694444444444445,30.058333333333334,0.13749999999999998,0.0,93.08333333333333,74.79166666666667,24.787499999999998,0.13749999999999998,13.458333333333334,1008.35,1008.25,9.233333333333333,229.0,18.733333333333334,0.22958333333333333,822.8537500000001,88.55576084454646,High Risk
2023-07-08,0.10145833333333333,29.195833333333336,0.30416666666666664,0.0,88.41666666666667,80.375,25.416666666666668,0.30416666666666664,19.875,1008.1999999999999,1008.1,11.125,182.45833333333334,22.912499999999998,0.18666666666666668,832.6,88.469057350279,High Risk
2023-07-09,0.10961805555555555,28.070833333333336,0.3416666666666666,0.0,96.95833333333333,82.875,24.8125,0.3416666666666666,24.041666666666668,1007.9541666666668,1007.8541666666666,12.158333333333333,145.20833333333334,24.245833333333334,0.17958333333333334,831.8447916666668,88.5147419268549,High Risk
2023-07-10,0.09319444444444443,27.495833333333334,0.9541666666666667,0.0,99.125,83.75,24.454166666666666,0.9541666666666667,40.166666666666664,1008.4291666666667,1008.3291666666668,11.879166666666668,167.625,23.291666666666668,0.14375000000000002,825.2035416666668,88.42278956634256,High Risk
2023-07-11,0.13045138888888888,28.245833333333334,0.20833333333333334,0.0,99.70833333333333,81.375,24.679166666666664,0.20833333333333334,27.666666666666668,1008.5583333333334,1008.4583333333334,10.466666666666667,181.58333333333334,21.420833333333334,0.15375,823.97125,88.63138339896359,High Risk
2023-07-12,0.02104166666666667,28.941666666666666,0.12083333333333333,0.0,79.83333333333333,79.54166666666667,24.920833333333334,0.12083333333333333,18.958333333333332,1008.6958333333333,1008.5958333333333,6.445833333333333,224.375,14.725,0.19666666666666666,820.5958333333334,88.01882126793944,High Risk
2023-07-13,0.06638888888888889,29.745833333333334,0.07083333333333335,0.0,62.75,75.20833333333333,24.7625,0.07083333333333335,8.25,1008.3125,1008.2125,11.0625,244.41666666666666,22.583333333333332,0.22958333333333333,798.7164583333333,88.27271087222938,High Risk
2023-07-14,-0.06034722222222222,28.833333333333332,0.44999999999999996,0.0,90.625,73.83333333333333,23.608333333333334,0.44999999999999996,13.916666666666666,1008.1666666666666,1008.0666666666666,11.174999999999999,252.41666666666666,22.745833333333334,0.18208333333333335,767.1877083333334,87.56314191690149,High Risk
2023-07-15,-0.15472222222222223,29.21666666666667,0.0625,0.0,91.54166666666667,70.41666666666667,23.195833333333336,0.0625,9.041666666666666,1006.7125,1006.6125000000001,10.416666666666666,245.20833333333334,20.5,0.18500000000000003,735.2052083333333,87.03475604824914,High Risk
2023-07-16,-0.17434027777777775,29.5125,0.024999999999999998,0.0,93.625,68.29166666666667,22.879166666666666,0.024999999999999998,4.916666666666667,1004.8333333333334,1004.7333333333332,15.233333333333334,260.625,28.025000000000002,0.205,670.5285416666667,86.92491866201344,High Risk
2023-07-17,-0.19743055555555555,28.8,0.06666666666666667,0.0,99.08333333333333,71.0,22.849999999999998,0.06666666666666667,15.041666666666666,1004.1666666666666,1004.0666666666666,16.129166666666666,250.75,30.808333333333334,0.17541666666666667,562.8854166666666,86.79564103042631,High Risk
2023-07-18,-0.22576388888888888,28.658333333333335,0.5375,0.0,91.45833333333333,72.91666666666667,23.195833333333336,0.5375,14.25,1004.1750000000001,1004.0749999999999,14.429166666666667,245.66666666666666,28.75,0.2041666666666667,466.5864583333334,86.63700862835849,High Risk
2023-07-19,-0.10972222222222221,29.133333333333336,0.08333333333333333,0.0,97.70833333333333,67.08333333333333,22.245833333333334,0.08333333333333333,15.416666666666666,1004.5166666666668,1004.4166666666666,14.5625,257.4166666666667,26.995833333333334,0.20666666666666667,408.6229166666667,87.2867016280039,High Risk
2023-07-20,-0.10083333333333333,28.4375,0.3083333333333333,0.0,99.95833333333333,75.25,23.53333333333333,0.3083333333333333,15.666666666666666,1005.3458333333333,1005.2458333333334,8.65,229.83333333333334,18.770833333333332,0.15375,383.8045833333333,87.3364686561036,High Risk
2023-07-21,0.008194444444444449,28.079166666666666,0.725,0.0,99.95833333333333,81.95833333333333,24.625,0.725,26.75,1006.9708333333333,1006.8708333333334,9.370833333333334,221.20833333333334,19.337500000000002,0.14958333333333332,387.77666666666664,87.94689236013909,High Risk
2023-07-22,0.0904861111111111,27.349999999999998,0.725,0.0,99.95833333333333,85.66666666666667,24.675,0.725,45.0,1008.1750000000001,1008.0749999999999,7.0375000000000005,179.125,16.945833333333333,0.1366666666666667,409.34312500000004,88.40762617496843,High Risk
2023-07-23,0.09819444444444447,27.145833333333332,0.6958333333333333,0.0,99.91666666666667,88.75,25.066666666666666,0.6958333333333333,39.0,1008.1791666666667,1008.0791666666668,5.2875000000000005,167.375,13.391666666666666,0.12625,446.8858333333333,88.45078351964865,High Risk
2023-07-24,0.05604166666666668,27.47083333333333,0.1625,0.0,99.91666666666667,83.375,24.316666666666666,0.1625,19.5,1007.2624999999999,1007.1625,6.954166666666667,221.125,14.170833333333333,0.10833333333333334,517.94625,88.21477894108205,High Risk
2023-07-25,0.07465277777777779,28.395833333333332,0.020833333333333332,0.0,91.25,78.29166666666667,24.175,0.020833333333333332,12.958333333333334,1007.5541666666667,1007.4541666666668,10.891666666666666,237.20833333333334,22.6375,0.19416666666666668,620.0437499999999,88.31897865616583,High Risk
2023-07-26,0.018472222222222213,28.5125,0.18749999999999997,0.0,75.45833333333333,75.70833333333333,23.712500000000002,0.18749999999999997,10.875,1007.8166666666666,1007.7166666666667,12.783333333333333,253.33333333333334,25.075,0.18708333333333335,714.5639583333333,88.00443548637938,High Risk
2023-07-27,-0.04618055555555556,29.1375,0.2833333333333333,0.0,69.125,69.625,22.912499999999998,0.2833333333333333,9.125,1006.7958333333332,1006.6958333333333,14.950000000000001,263.0416666666667,29.212500000000002,0.22166666666666668,757.439375,87.6424581179354,High Risk
2023-07-28,-0.15611111111111112,29.6125,0.125,0.0,88.54166666666667,66.79166666666667,22.6375,0.125,9.083333333333334,1004.7208333333333,1004.6208333333334,16.170833333333334,262.1666666666667,31.204166666666666,0.2316666666666667,741.4485416666666,87.02697995010855,High Risk
2023-07-29,0.07451388888888887,28.90833333333333,0.45416666666666666,0.0,99.66666666666667,73.5,23.599999999999998,0.45416666666666666,16.583333333333332,1004.6625,1004.5625,13.658333333333333,242.66666666666666,27.041666666666668,0.18458333333333332,692.6202083333334,88.31820104635176,High Risk
2023-07-30,0.061250000000000006,29.004166666666666,0.09166666666666667,0.0,97.16666666666667,74.625,23.90833333333333,0.09166666666666667,15.375,1005.3375,1005.2375000000001,13.145833333333334,218.54166666666666,27.27916666666667,0.17416666666666666,640.1472916666667,88.24393930910922,High Risk
2023-07-31,0.11958333333333336,28.84166666666667,0.13333333333333333,0.0,99.75,76.79166666666667,24.304166666666664,0.13333333333333333,17.583333333333332,1006.5666666666666,1006.4666666666667,16.054166666666667,196.625,31.295833333333334,0.13916666666666666,603.5964583333333,88.57053543101355,High Risk
2023-08-01,0.1437847222222222,29.245833333333334,0.4041666666666666,0.0,99.33333333333333,75.875,24.433333333333334,0.4041666666666666,18.0,1006.9375,1006.8375,14.408333333333333,198.08333333333334,27.441666666666666,0.1725,586.0270833333333,88.70603394111315,High Risk
2023-08-02,0.12743055555555557,28.170833333333334,0.42916666666666664,0.0,99.75,81.41666666666667,24.645833333333332,0.42916666666666664,30.083333333333332,1007.4875000000001,1007.3874999999999,11.691666666666668,208.70833333333334,23.229166666666668,0.10958333333333332,589.5764583333333,88.61447038550784,High Risk
2023-08-03,0.13090277777777778,28.241666666666664,0.6583333333333333,0.0,99.91666666666667,82.04166666666667,24.84583333333333,0.6583333333333333,34.75,1007.6166666666667,1007.5166666666668,11.104166666666666,211.79166666666666,22.766666666666666,0.115,632.3747916666666,88.63391063085928,High Risk
2023-08-04,0.15909722222222225,28.837500000000002,0.125,0.0,95.875,74.75,23.804166666666664,0.125,9.5,1009.7416666666667,1009.6416666666668,11.866666666666667,236.5,23.304166666666664,0.16333333333333333,701.4729166666666,88.79176542311305,High Risk
2023-08-05,0.08215277777777778,28.912499999999998,0.25,0.0,99.45833333333333,73.58333333333333,23.650000000000002,0.25,14.166666666666666,1010.3000000000001,1010.1999999999999,11.6,227.33333333333334,23.03333333333333,0.18875,730.4504166666667,88.36096958612494,High Risk
2023-08-06,0.01718750000000001,28.6125,0.25833333333333336,0.0,99.0,74.375,23.541666666666668,0.25833333333333336,16.083333333333332,1008.6041666666666,1008.5041666666666,11.108333333333334,224.83333333333334,23.429166666666664,0.17083333333333336,750.8435416666666,87.99724259559935,High Risk
2023-08-07,0.019097222222222224,28.974999999999998,0.225,0.0,99.375,70.91666666666667,23.099999999999998,0.225,9.916666666666666,1007.3375,1007.2375000000001,12.445833333333333,225.54166666666666,25.375,0.17250000000000001,803.7354166666668,88.00793473054263,High Risk
2023-08-08,0.08211805555555556,28.599999999999998,0.15,0.0,98.16666666666667,76.125,23.895833333333332,0.15,15.666666666666666,1007.9916666666667,1007.8916666666668,12.454166666666666,206.29166666666666,25.116666666666664,0.16833333333333333,834.384375,88.36077518367144,High Risk
2023-08-09,0.060277777777777784,28.3125,0.25833333333333336,0.0,93.20833333333333,77.58333333333333,23.900000000000002,0.25833333333333336,19.791666666666668,1009.4875000000001,1009.3874999999999,10.65,209.08333333333334,22.108333333333334,0.18000000000000002,837.6208333333334,88.23849604041082,High Risk
2023-08-10,0.031458333333333345,28.741666666666664,0.10416666666666667,0.0,71.08333333333333,78.45833333333333,24.445833333333336,0.10416666666666667,16.916666666666668,1008.9875000000001,1008.8874999999999,10.575000000000001,226.04166666666666,22.224999999999998,0.21208333333333332,837.3791666666666,88.07714200399379,High Risk
2023-08-11,-0.007500000000000018,29.179166666666664,0.0625,0.0,70.95833333333333,74.875,24.0625,0.0625,14.541666666666666,1007.6999999999999,1007.6,12.487499999999999,227.91666666666666,24.579166666666666,0.22833333333333336,830.3135416666668,87.85902245115055,High Risk
2023-08-12,-0.0010416666666666814,28.8875,0.12083333333333335,0.0,91.875,78.20833333333333,24.454166666666666,0.12083333333333335,13.25,1006.9875000000001,1006.8874999999999,10.9625,223.125,22.695833333333336,0.2004166666666667,816.6427083333333,87.89518130750423,High Risk
2023-08-13,-0.023402777777777776,28.979166666666668,0.07083333333333335,0.0,93.625,77.70833333333333,24.516666666666666,0.07083333333333335,13.083333333333334,1006.7166666666667,1006.6166666666667,10.929166666666667,229.5,22.95,0.20791666666666667,827.4185416666668,87.76998612744092,High Risk
2023-08-14,-0.036840277777777784,29.041666666666668,0.275,0.0,89.95833333333333,75.875,24.191666666666666,0.275,11.25,1006.8291666666668,1006.7291666666666,11.129166666666668,231.25,22.766666666666666,0.21416666666666664,857.495625,87.69475237793081,High Risk
2023-08-15,-0.07090277777777779,29.03333333333333,0.09583333333333333,0.0,100.0,72.75,23.566666666666666,0.09583333333333333,11.5,1007.35,1007.25,12.141666666666666,226.95833333333334,25.145833333333332,0.20791666666666667,879.81625,87.50404357103308,High Risk
2023-08-16,-0.10444444444444444,28.7,0.425,0.0,99.91666666666667,75.29166666666667,23.820833333333336,0.425,16.416666666666668,1007.8666666666667,1007.7666666666668,10.266666666666667,221.625,21.775000000000002,0.19999999999999998,870.7835416666667,87.31625080093809,High Risk
2023-08-17,-0.015694444444444434,28.641666666666666,0.6083333333333333,0.0,92.45833333333333,76.0,23.84583333333333,0.6083333333333333,24.5,1007.9208333333332,1007.8208333333333,9.783333333333333,229.125,21.029166666666665,0.2070833333333333,843.820625,87.81314347212113,High Risk
2023-08-18,-0.10791666666666666,29.325,0.5458333333333333,0.0,71.20833333333333,73.0,23.662499999999998,0.5458333333333333,13.333333333333334,1007.0833333333334,1006.9833333333332,11.8125,253.83333333333334,23.587500000000002,0.23083333333333333,829.0191666666666,87.29681055558666,High Risk
2023-08-19,-0.05562499999999998,29.704166666666666,1.3583333333333334,0.0,63.5,70.08333333333333,23.22083333333333,1.3583333333333334,18.666666666666668,1006.3416666666667,1006.2416666666667,14.033333333333333,258.75,27.629166666666666,0.25,814.2539583333332,87.58958065057946,High Risk
2023-08-20,0.08465277777777776,28.958333333333332,0.22083333333333335,0.0,94.04166666666667,77.04166666666667,24.3,0.22083333333333335,17.833333333333332,1005.75,1005.65,10.991666666666667,235.04166666666666,23.412499999999998,0.20750000000000002,785.1985416666666,88.37496656277798,High Risk
2023-08-21,0.10284722222222221,27.6875,0.5208333333333334,0.0,98.625,85.33333333333333,24.891666666666666,0.5208333333333334,38.833333333333336,1006.7541666666666,1006.6541666666667,9.9125,162.70833333333334,20.724999999999998,0.16625,798.1383333333333,88.47683344841958,High Risk
2023-08-22,0.06138888888888888,27.84583333333333,0.3416666666666666,0.0,98.375,83.54166666666667,24.633333333333336,0.3416666666666666,26.583333333333332,1007.6666666666666,1007.5666666666666,7.8999999999999995,228.16666666666666,16.629166666666666,0.14125,822.6893749999999,88.24471691892329,High Risk
2023-08-23,0.10871527777777777,27.925,0.6208333333333333,0.0,95.04166666666667,83.16666666666667,24.679166666666664,0.6208333333333333,20.375,1007.4041666666667,1007.3041666666667,8.658333333333333,222.83333333333334,18.675,0.15375,812.7260416666667,88.50968746306353,High Risk
2023-08-24,0.11909722222222223,28.145833333333332,0.22916666666666666,0.0,94.29166666666667,80.0,24.295833333333334,0.22916666666666666,17.875,1007.4166666666666,1007.3166666666666,9.158333333333333,230.5,19.633333333333333,0.18041666666666667,839.6995833333334,88.56781379666437,High Risk
2023-08-25,0.0782638888888889,27.883333333333336,0.10000000000000002,0.0,92.5,79.70833333333333,23.929166666666664,0.10000000000000002,9.166666666666666,1007.9,1007.8000000000001,9.183333333333334,234.5,19.3125,0.1758333333333333,901.8658333333334,88.33919651133132,High Risk
2023-08-26,0.08909722222222222,28.349999999999998,0.3333333333333333,0.0,99.58333333333333,79.66666666666667,24.391666666666666,0.3333333333333333,20.416666666666668,1007.9833333333332,1007.8833333333333,9.6875,237.66666666666666,19.3875,0.15708333333333332,937.685,88.39985007682783,High Risk
2023-08-27,-0.02326388888888889,28.96666666666667,0.008333333333333333,0.0,99.08333333333333,72.29166666666667,23.27916666666667,0.008333333333333333,7.0,1006.9833333333332,1006.8833333333333,10.704166666666666,255.83333333333334,21.8125,0.19125,955.5733333333333,87.77076373725497,High Risk
2023-08-28,0.02836805555555556,28.974999999999998,0.012500000000000002,0.0,95.08333333333333,74.29166666666667,23.795833333333334,0.012500000000000002,6.875,1005.6458333333334,1005.5458333333332,10.9125,225.58333333333334,21.104166666666668,0.18500000000000003,965.5785416666668,88.05984018563102,High Risk
2023-08-29,0.016388888888888887,28.545833333333334,0.12916666666666668,0.0,99.95833333333333,75.91666666666667,23.8125,0.12916666666666668,11.5,1005.4166666666666,1005.3166666666666,9.887500000000001,220.95833333333334,20.025000000000002,0.16416666666666666,929.3895833333332,87.99277133916851,High Risk
2023-08-30,0.03805555555555555,29.008333333333336,0.46666666666666673,0.0,98.58333333333333,78.79166666666667,24.837500000000002,0.46666666666666673,28.166666666666668,1006.25,1006.15,8.908333333333333,200.16666666666666,18.087500000000002,0.17333333333333334,900.6614583333334,88.11407847016154,High Risk
2023-08-31,0.11753472222222222,28.495833333333334,1.6541666666666668,0.0,96.33333333333333,82.375,24.929166666666664,1.6541666666666668,47.208333333333336,1006.8041666666667,1006.7041666666668,6.5375000000000005,214.83333333333334,17.041666666666668,0.18999999999999997,911.595625,88.5590656862562,High Risk
2023-09-01,0.10312500000000001,28.083333333333332,1.175,0.0,98.83333333333333,85.45833333333333,25.287499999999998,1.175,42.833333333333336,1006.4916666666667,1006.3916666666668,7.008333333333333,232.33333333333334,15.633333333333333,0.15125000000000002,930.9714583333333,88.47838866804769,High Risk
2023-09-02,-0.01059027777777778,28.025000000000002,0.525,0.0,99.58333333333333,82.33333333333333,24.645833333333332,0.525,20.666666666666668,1004.9166666666666,1004.8166666666666,7.720833333333334,223.45833333333334,17.6875,0.17458333333333334,966.4791666666666,87.84172063278776,High Risk
2023-09-03,0.16493055555555555,28.670833333333334,0.016666666666666666,0.0,78.33333333333333,78.25,24.40416666666667,0.016666666666666666,10.583333333333334,1003.8791666666666,1003.7791666666667,10.095833333333333,227.16666666666666,20.083333333333332,0.2020833333333333,1001.21375,88.82442503530348,High Risk
2023-09-04,0.24305555555555558,28.916666666666668,0.5041666666666668,0.0,97.625,78.95833333333333,24.791666666666668,0.5041666666666668,24.958333333333332,1003.4125,1003.3125,9.1625,227.5,18.8125,0.19125,1036.8597916666668,89.26183055571106,High Risk
2023-09-05,0.2287847222222222,29.008333333333336,0.6416666666666667,0.0,99.83333333333333,73.5,23.71666666666667,0.6416666666666667,28.5,1005.7125,1005.6125000000001,12.879166666666668,226.04166666666666,26.525000000000002,0.18583333333333332,1126.55125,89.18193114731662,High Risk
2023-09-06,0.16809027777777777,28.420833333333334,0.125,0.0,98.95833333333333,79.375,24.400000000000002,0.125,21.25,1008.2458333333334,1008.1458333333334,7.5,232.20833333333334,17.191666666666666,0.15833333333333333,1254.0958333333333,88.84211565857329,High Risk
2023-09-07,0.21767361111111108,28.0625,0.25,0.0,99.875,83.20833333333333,24.8125,0.25,15.5,1008.4875000000001,1008.3874999999999,8.291666666666666,233.41666666666666,18.191666666666666,0.15458333333333332,1330.9210416666667,89.119722362192,High Risk
2023-09-08,0.16826388888888888,28.133333333333336,0.125,0.0,99.54166666666667,82.66666666666667,24.808333333333334,0.125,27.083333333333332,1007.9625,1007.8625000000001,9.154166666666667,257.625,19.304166666666667,0.1425,1446.0058333333334,88.84308767084087,High Risk
2023-09-09,0.16541666666666668,28.291666666666668,1.5458333333333334,0.0,90.70833333333333,81.875,24.604166666666668,1.5458333333333334,24.5,1006.2916666666666,1006.1916666666666,9.3125,227.70833333333334,19.933333333333334,0.17916666666666667,1732.0322916666667,88.82714666965268,High Risk
2023-09-10,0.17541666666666667,28.087500000000002,0.3333333333333333,0.0,99.95833333333333,80.875,24.3875,0.3333333333333333,28.333333333333332,1006.2833333333333,1006.1833333333334,12.704166666666666,208.20833333333334,24.425,0.14458333333333334,1994.8364583333332,88.88313457626485,High Risk
2023-09-11,0.038958333333333345,28.004166666666666,0.5333333333333333,0.0,96.375,81.16666666666667,24.358333333333334,0.5333333333333333,35.166666666666664,1007.35,1007.25,13.745833333333332,208.79166666666666,29.133333333333336,0.17708333333333334,2111.61625,88.11913293395293,High Risk
2023-09-12,0.175625,27.820833333333336,0.4875,0.0,96.66666666666667,81.08333333333333,24.241666666666664,0.4875,30.625,1008.4916666666667,1008.3916666666668,14.508333333333333,210.83333333333334,28.108333333333334,0.14541666666666667,2095.3683333333333,88.88430099098595,High Risk
2023-09-13,0.1634722222222222,27.849999999999998,0.14583333333333334,0.0,95.375,80.91666666666667,24.129166666666666,0.14583333333333334,23.416666666666668,1008.8208333333333,1008.7208333333333,10.733333333333334,188.58333333333334,22.245833333333334,0.14416666666666667,2059.254583333333,88.81626013225586,High Risk
2023-09-14,0.0809027777777778,27.2625,0.3875,0.0,99.91666666666667,84.91666666666667,24.420833333333334,0.3875,36.583333333333336,1008.4208333333332,1008.3208333333333,8.8125,221.45833333333334,20.325,0.13166666666666668,2123.089375,88.35397109779842,High Risk
2023-09-15,0.13951388888888885,26.979166666666668,1.6500000000000001,0.0,96.125,86.75,24.479166666666668,1.6500000000000001,45.25,1007.0583333333334,1006.9583333333334,11.416666666666666,236.66666666666666,22.704166666666666,0.12708333333333335,2206.090833333333,88.68212243933088,High Risk
2023-09-16,0.19381944444444443,27.5,0.8333333333333334,0.0,89.29166666666667,83.5,24.34166666666667,0.8333333333333334,33.416666666666664,1006.7916666666666,1006.6916666666666,10.045833333333333,215.45833333333334,20.224999999999998,0.1775,2343.961875,88.98616787662753,High Risk
2023-09-17,0.30159722222222224,27.545833333333334,0.8083333333333335,0.0,91.0,84.54166666666667,24.641666666666666,0.8083333333333335,35.458333333333336,1007.0083333333333,1006.9083333333333,9.733333333333333,195.91666666666666,20.129166666666666,0.14458333333333334,2579.0433333333335,89.5895930923365,High Risk
2023-09-18,0.33184027777777775,27.945833333333336,0.17083333333333336,0.0,97.5,82.04166666666667,24.47083333333333,0.17083333333333336,25.416666666666668,1008.9499999999999,1008.85,8.295833333333333,193.25,16.8,0.15458333333333335,2798.822083333333,89.75891762934761,High Risk
2023-09-19,0.25409722222222225,28.579166666666666,0.08333333333333333,0.0,99.41666666666667,79.91666666666667,24.525000000000002,0.08333333333333333,17.166666666666668,1010.1875,1010.0875,5.041666666666667,203.625,11.666666666666666,0.17958333333333332,3005.978541666667,89.32365053592868,High Risk
2023-09-20,0.2936111111111111,28.729166666666668,0.15,0.0,75.54166666666667,78.83333333333333,24.433333333333334,0.15,4.75,1009.4625,1009.3625000000001,7.575,278.7916666666667,15.9125,0.19875,3254.5435416666664,89.54488052802816,High Risk
2023-09-21,0.37437499999999996,28.02916666666667,1.1916666666666667,0.0,80.29166666666667,82.5,24.537499999999998,1.1916666666666667,23.791666666666668,1009.2458333333334,1009.1458333333334,7.008333333333333,272.4166666666667,16.412499999999998,0.20083333333333334,3527.802291666667,89.99706063490287,High Risk
2023-09-22,0.35375,28.008333333333336,0.3958333333333333,0.0,79.45833333333333,83.08333333333333,24.679166666666664,0.3958333333333333,19.958333333333332,1008.65,1008.5500000000001,5.554166666666667,193.70833333333334,14.204166666666666,0.19499999999999998,3754.608125,89.88158557751525,High Risk
2023-09-23,0.315625,28.34166666666667,0.2333333333333333,0.0,98.5,83.29166666666667,25.104166666666668,0.2333333333333333,23.583333333333332,1008.6625,1008.5625,6.941666666666666,148.75,15.966666666666667,0.1875,3836.84625,89.66813168355635,High Risk
2023-09-24,0.2739930555555556,28.325,0.4041666666666666,0.0,68.125,84.33333333333333,25.325,0.4041666666666666,17.166666666666668,1007.3375,1007.2375000000001,4.295833333333333,193.08333333333334,12.116666666666667,0.18208333333333335,3736.0712500000004,89.43504314179248,High Risk
2023-09-25,0.22822916666666662,28.920833333333334,0.1125,0.0,86.70833333333333,82.04166666666667,25.304166666666664,0.1125,17.083333333333332,1006.0124999999999,1005.9125,4.116666666666666,218.25,12.279166666666667,0.19666666666666666,3598.9060416666666,89.17882070806039,High Risk
2023-09-26,0.22520833333333332,27.2625,0.5375,0.0,99.875,87.70833333333333,24.983333333333334,0.5375,33.166666666666664,1005.8375,1005.7375000000001,6.358333333333333,199.79166666666666,14.950000000000001,0.1125,3489.4143750000003,89.16190769460462,High Risk
2023-09-27,0.30659722222222224,26.108333333333334,0.8208333333333333,0.0,99.95833333333333,89.875,24.27916666666667,0.8208333333333333,50.583333333333336,1005.5958333333333,1005.4958333333334,7.9125000000000005,201.25,18.445833333333333,0.08125,3385.6010416666663,89.61758704564258,High Risk
2023-09-28,0.5663888888888888,27.079166666666666,1.5750000000000002,0.0,98.70833333333333,86.54166666666667,24.579166666666666,1.5750000000000002,55.75,1007.3125,1007.2125,15.304166666666667,178.29166666666666,30.525000000000002,0.11916666666666666,3378.248333333333,91.07210620283796,High Risk
2023-09-29,0.48704861111111114,27.770833333333332,0.21250000000000002,0.0,100.0,81.95833333333333,24.366666666666664,0.21250000000000002,39.416666666666664,1010.2958333333332,1010.1958333333333,15.829166666666666,189.70833333333334,30.116666666666664,0.15916666666666665,3464.698958333333,90.62789659655735,High Risk
2023-09-30,0.44604166666666667,27.400000000000002,0.44166666666666665,0.0,99.29166666666667,84.75,24.495833333333334,0.44166666666666665,24.0,1010.7958333333332,1010.6958333333333,7.483333333333333,197.16666666666666,15.470833333333333,0.13291666666666666,3651.780625,90.39830729895675,High Risk
2023-10-01,0.41756944444444444,27.854166666666668,0.25833333333333336,0.0,92.04166666666667,82.75,24.483333333333334,0.25833333333333336,20.125,1009.2875,1009.1875,6.666666666666667,259.625,14.4625,0.18625,3877.983125,90.23889728707488,High Risk
2023-10-02,0.5059722222222222,27.733333333333334,0.4708333333333334,0.0,96.20833333333333,83.125,24.479166666666668,0.4708333333333334,18.083333333333332,1009.725,1009.625,8.541666666666666,249.91666666666666,17.616666666666667,0.15583333333333335,4046.6979166666665,90.73384593372276,High Risk
2023-10-03,0.4468055555555555,27.78333333333333,0.4708333333333334,0.0,99.83333333333333,83.58333333333333,24.575,0.4708333333333334,22.583333333333332,1009.7833333333333,1009.6833333333334,8.895833333333334,256.375,17.900000000000002,0.13666666666666666,4227.712916666666,90.40258415293407,High Risk
2023-10-04,0.5245833333333333,27.099999999999998,1.2,0.0,99.875,87.58333333333333,24.770833333333332,1.2,34.583333333333336,1009.2375000000001,1009.1374999999999,6.679166666666667,255.70833333333334,15.604166666666666,0.11375,4377.303541666667,90.83804564880651,High Risk
2023-10-05,0.5516666666666666,26.933333333333334,0.5208333333333334,0.0,94.83333333333333,89.375,24.979166666666668,0.5208333333333334,34.666666666666664,1007.9124999999999,1007.8125,4.966666666666667,177.95833333333334,11.916666666666666,0.10125,4405.923125,90.9896795625478,High Risk
2023-10-06,0.5309722222222222,26.933333333333334,0.9375,0.0,97.5,90.08333333333333,25.120833333333334,0.9375,45.916666666666664,1008.1625,1008.0625,5.683333333333334,201.125,14.299999999999999,0.11333333333333334,4403.386875,90.87381570025318,High Risk
2023-10-07,0.4754861111111111,27.733333333333334,0.6833333333333332,0.0,99.95833333333333,84.45833333333333,24.77916666666667,0.6833333333333332,39.5,1009.3916666666668,1009.2916666666666,8.916666666666666,187.16666666666666,17.816666666666666,0.13833333333333334,4474.606875,90.56316057953703,High Risk
2023-10-08,0.4181944444444445,27.71666666666667,0.1875,0.0,99.125,84.79166666666667,24.84166666666667,0.1875,35.25,1010.8416666666667,1010.7416666666667,6.4125000000000005,237.375,14.620833333333332,0.12041666666666667,4609.1814583333335,90.24239653123814,High Risk
2023-10-09,0.3791319444444445,27.59166666666667,0.46666666666666673,0.0,96.91666666666667,81.54166666666667,24.016666666666666,0.46666666666666673,34.125,1010.9,1010.8000000000001,5.5249999999999995,244.66666666666666,13.0375,0.15166666666666667,4984.1375,90.02369377103435,High Risk
2023-10-10,0.4422916666666667,26.80416666666667,0.4083333333333334,0.0,92.33333333333333,88.16666666666667,24.616666666666664,0.4083333333333334,35.875,1010.5791666666668,1010.4791666666666,5.408333333333334,164.75,12.2875,0.12458333333333334,4992.547916666666,90.37731183397717,High Risk
2023-10-11,0.5575694444444445,26.974999999999998,1.4791666666666667,0.0,92.45833333333333,87.70833333333333,24.662499999999998,1.4791666666666667,42.458333333333336,1011.1125000000001,1011.0124999999999,8.204166666666667,189.66666666666666,18.75,0.14416666666666667,4915.32,91.02272797964527,High Risk
2023-10-12,0.536875,27.395833333333332,0.3833333333333333,0.0,93.16666666666667,87.66666666666667,25.045833333333334,0.3833333333333333,28.666666666666668,1012.1999999999999,1012.1,6.654166666666666,201.125,17.295833333333334,0.16208333333333333,5291.957916666667,90.90686411735064,High Risk
2023-10-13,0.45798611111111115,28.545833333333334,0.004166666666666667,0.0,93.16666666666667,81.70833333333333,24.825,0.004166666666666667,4.875,1011.4958333333334,1011.3958333333334,7.4375,232.41666666666666,15.825000000000001,0.18583333333333332,5516.4725,90.46518174296574,High Risk
2023-10-14,0.4920138888888889,28.683333333333334,0.020833333333333332,0.0,93.45833333333333,78.58333333333333,24.316666666666666,0.020833333333333332,6.833333333333333,1009.7916666666666,1009.6916666666666,7.183333333333334,293.2916666666667,15.2875,0.18166666666666667,5419.506875,90.65569614740993,High Risk
2023-10-15,0.5081944444444444,28.204166666666666,0.041666666666666664,0.0,98.75,82.0,24.65833333333333,0.041666666666666664,16.958333333333332,1008.7041666666668,1008.6041666666666,6.579166666666667,223.79166666666666,14.558333333333332,0.1729166666666667,5081.34375,90.74628769074768,High Risk
2023-10-16,0.5177777777777778,27.945833333333336,0.016666666666666666,0.0,98.75,79.91666666666667,23.891666666666666,0.016666666666666666,11.0,1009.6458333333334,1009.5458333333332,8.0875,193.41666666666666,16.891666666666666,0.16874999999999998,4846.650625,90.79994276791767,High Risk
2023-10-17,0.6318055555555556,28.474999999999998,0.008333333333333333,0.0,99.20833333333333,76.20833333333333,23.55,0.008333333333333333,5.0,1010.3708333333334,1010.2708333333334,7.1375,149.5,14.337499999999999,0.1875,4628.471458333333,91.43836042525925,High Risk
2023-10-18,0.589375,28.53333333333333,0.05833333333333333,0.0,96.375,77.20833333333333,23.96666666666667,0.05833333333333333,19.041666666666668,1010.9583333333334,1010.8583333333332,4.625,205.33333333333334,12.3375,0.1775,4453.7110416666665,91.20080062706455,High Risk
2023-10-19,0.5579513888888888,28.166666666666668,0.06250000000000001,0.0,97.83333333333333,81.54166666666667,24.604166666666668,0.06250000000000001,9.166666666666666,1010.8666666666667,1010.7666666666668,5.2875000000000005,206.54166666666666,12.808333333333332,0.16666666666666666,4345.9575,91.02486640663393,High Risk
2023-10-20,0.5895138888888889,28.3125,0.0625,0.0,79.29166666666667,82.08333333333333,24.787499999999998,0.0625,12.5,1010.7375000000001,1010.6374999999999,5.625,117.95833333333333,13.995833333333332,0.17041666666666666,4234.235,91.2015782368786,High Risk
2023-10-21,0.6363194444444444,26.958333333333332,1.0791666666666666,0.0,95.70833333333333,88.20833333333333,24.787499999999998,1.0791666666666666,35.208333333333336,1012.1125000000001,1012.0124999999999,5.5874999999999995,83.20833333333333,14.641666666666666,0.10458333333333332,4094.88875,91.46363274421614,High Risk
2023-10-22,0.5940277777777777,26.400000000000002,0.5791666666666667,0.0,94.79166666666667,87.79166666666667,24.145833333333332,0.5791666666666667,30.791666666666668,1013.1583333333333,1013.0583333333334,5.7625,193.41666666666666,13.879166666666668,0.10666666666666667,3990.95125,91.2268505558355,High Risk
2023-10-23,0.5113194444444444,28.03333333333333,0.0,0.0,66.66666666666667,78.625,23.666666666666668,0.0,2.0,1012.1416666666668,1012.0416666666666,6.0625,195.66666666666666,13.1,0.18958333333333333,3888.351458333333,90.76378391156399,High Risk
2023-10-24,0.45416666666666666,28.162499999999998,0.29583333333333334,0.0,84.91666666666667,79.33333333333333,24.066666666666666,0.29583333333333334,13.291666666666666,1011.35,1011.25,6.929166666666667,214.54166666666666,14.783333333333333,0.16375,3728.0404166666667,90.44379747307913,High Risk
2023-10-25,0.4788888888888889,26.96666666666667,0.26666666666666666,0.0,98.58333333333333,85.58333333333333,24.212500000000002,0.26666666666666666,19.916666666666668,1011.4250000000001,1011.3249999999999,6.825,152.0,16.0125,0.14916666666666667,3590.1768750000006,90.58221201998145,High Risk
2023-10-26,0.49784722222222216,27.4375,0.30833333333333335,0.0,83.75,85.875,24.775000000000002,0.30833333333333335,19.083333333333332,1010.9208333333332,1010.8208333333333,6.1000000000000005,111.41666666666667,13.491666666666667,0.1475,3512.2610416666666,90.68835575960037,High Risk
2023-10-27,0.6127083333333333,27.675,0.08750000000000001,0.0,94.25,84.16666666666667,24.645833333333332,0.08750000000000001,13.083333333333334,1010.7624999999999,1010.6625,6.449999999999999,153.08333333333334,14.641666666666666,0.16125,3417.8279166666666,91.33143907582628,High Risk
2023-10-28,0.5908333333333333,27.833333333333332,0.1625,0.0,99.04166666666667,85.16666666666667,25.020833333333332,0.1625,19.583333333333332,1010.4791666666666,1010.3791666666666,4.2,222.58333333333334,10.904166666666667,0.16666666666666666,3301.7645833333336,91.20896553011215,High Risk
2023-10-29,0.6055902777777777,27.09166666666667,0.19583333333333333,0.0,99.625,87.08333333333333,24.679166666666664,0.19583333333333333,25.5,1010.5833333333334,1010.4833333333332,6.995833333333334,194.04166666666666,15.683333333333332,0.13625,3196.5677083333335,91.29158657285582,High Risk
2023-10-30,0.6578819444444445,26.583333333333332,0.4833333333333334,0.0,99.625,88.54166666666667,24.479166666666668,0.4833333333333334,24.166666666666668,1010.9208333333332,1010.8208333333333,7.645833333333333,150.125,17.458333333333332,0.11625,3122.6335416666666,91.58435666784862,High Risk
2023-10-31,0.6601736111111112,27.041666666666668,0.15416666666666667,0.0,73.5,83.25,23.84583333333333,0.15416666666666667,23.208333333333332,1012.0666666666666,1011.9666666666667,9.525,69.29166666666667,21.429166666666664,0.1475,3079.4287500000005,91.59718722978059,High Risk
2023-11-01,0.6788888888888889,27.412499999999998,0.14583333333333334,0.0,83.58333333333333,80.625,23.691666666666666,0.14583333333333334,5.0,1012.2375000000001,1012.1374999999999,9.0875,104.375,18.966666666666665,0.16083333333333333,3067.7354166666664,91.70197015222489,High Risk
2023-11-02,0.6531250000000001,27.270833333333332,0.020833333333333332,0.0,70.04166666666667,80.625,23.541666666666668,0.020833333333333332,8.166666666666666,1011.5166666666668,1011.4166666666666,5.679166666666667,195.16666666666666,12.629166666666668,0.13416666666666668,3051.5297916666664,91.55772353171714,High Risk
2023-11-03,0.6108333333333333,28.741666666666664,0.004166666666666667,0.0,58.458333333333336,75.54166666666667,23.695833333333336,0.004166666666666667,3.8333333333333335,1009.2666666666668,1009.1666666666666,5.1499999999999995,182.70833333333334,10.995833333333332,0.18458333333333332,3006.010208333333,91.32094134333649,High Risk
2023-11-04,0.6906249999999999,28.52916666666667,0.06666666666666667,0.0,97.75,82.54166666666667,25.070833333333336,0.06666666666666667,11.125,1009.6083333333332,1009.5083333333333,4.691666666666666,160.5,11.908333333333333,0.14958333333333335,2958.2702083333334,91.76767818151279,High Risk
2023-11-05,0.6198611111111111,27.175,0.43333333333333335,0.0,94.83333333333333,86.70833333333333,24.650000000000002,0.43333333333333335,21.833333333333332,1010.8249999999999,1010.725,5.295833333333333,186.875,14.416666666666666,0.15083333333333335,2885.341875,91.37148598125026,High Risk
2023-11-06,0.5391666666666667,27.8125,0.11666666666666668,0.0,53.083333333333336,82.08333333333333,24.175,0.11666666666666668,12.083333333333334,1011.0500000000001,1010.9499999999999,7.4125000000000005,201.45833333333334,17.170833333333334,0.17875,2734.5220833333333,90.9196946792826,High Risk
2023-11-07,0.5466666666666667,27.308333333333334,0.5375,0.0,75.66666666666667,84.54166666666667,24.2625,0.5375,20.041666666666668,1011.1625,1011.0625,5.329166666666667,134.70833333333334,13.354166666666666,0.1675,2357.723333333333,90.96168560924173,High Risk
2023-11-08,0.46125,27.90833333333333,0.012500000000000002,0.0,67.08333333333333,81.875,24.22083333333333,0.012500000000000002,8.125,1010.4666666666667,1010.3666666666667,6.204166666666667,188.0,14.1875,0.1775,2197.8920833333336,90.48345557359609,High Risk
2023-11-09,0.39423611111111106,27.170833333333334,0.2833333333333333,0.0,89.375,87.41666666666667,24.820833333333336,0.2833333333333333,19.791666666666668,1010.9291666666667,1010.8291666666668,5.333333333333333,169.58333333333334,13.483333333333334,0.11833333333333335,2396.0731250000003,90.10825883831315,High Risk
2023-11-10,0.4382986111111111,27.070833333333336,0.125,0.0,98.25,89.04166666666667,24.9875,0.125,17.416666666666668,1012.0166666666668,1011.9166666666666,4.595833333333333,171.25,12.316666666666668,0.13875,2424.6016666666665,90.35495555182302,High Risk
2023-11-11,0.47017361111111106,27.016666666666666,0.3125,0.0,88.125,87.875,24.75,0.3125,19.625,1012.3874999999999,1012.2875,6.995833333333334,185.45833333333334,15.791666666666666,0.12416666666666666,2358.1941666666667,90.53341700414931,High Risk
2023-11-12,0.5794444444444444,26.979166666666668,0.19583333333333333,0.0,98.45833333333333,86.70833333333333,24.462500000000002,0.19583333333333333,16.0,1012.3458333333333,1012.2458333333334,8.454166666666667,176.125,18.854166666666668,0.13791666666666666,2306.7302083333334,91.1452015253594,High Risk
2023-11-13,0.6161111111111112,27.241666666666664,0.43333333333333335,0.0,85.75,85.83333333333333,24.545833333333334,0.43333333333333335,9.125,1012.3208333333333,1012.2208333333333,8.470833333333333,170.875,17.458333333333332,0.14791666666666667,2254.752708333333,91.35049051627068,High Risk
2023-11-14,0.6624652777777778,28.02916666666667,0.0375,0.0,33.958333333333336,81.25,24.295833333333334,0.0375,9.333333333333334,1012.725,1012.625,10.5875,126.45833333333333,20.6375,0.17500000000000002,2212.5445833333333,91.61001779171252,High Risk
2023-11-15,0.5604166666666667,27.479166666666668,0.029166666666666664,0.0,44.125,80.29166666666667,23.633333333333336,0.029166666666666664,7.625,1013.3708333333334,1013.2708333333334,8.058333333333334,65.45833333333333,16.104166666666668,0.16416666666666666,2182.6627083333333,91.03866898083346,High Risk
2023-11-16,0.6641666666666667,27.2,0.3499999999999999,0.0,93.70833333333333,83.45833333333333,24.041666666666668,0.3499999999999999,15.708333333333334,1014.0625,1013.9625,8.654166666666667,80.875,18.629166666666666,0.14875,2117.35875,91.61954351193474,High Risk
2023-11-17,0.7084027777777777,25.912499999999998,0.016666666666666666,0.0,71.45833333333333,65.79166666666667,18.958333333333332,0.016666666666666666,6.25,1015.7375000000001,1015.6374999999999,14.616666666666667,61.208333333333336,26.95,0.17916666666666667,2028.8708333333332,91.86721223771221,High Risk
2023-11-18,0.7659722222222222,23.883333333333336,0.0,0.0,54.666666666666664,67.375,17.304166666666667,0.0,1.6666666666666667,1015.5833333333334,1015.4833333333332,8.799999999999999,114.20833333333333,17.5125,0.17875,1952.7897916666668,92.18953150563921,High Risk
2023-11-19,0.6702777777777778,23.40833333333333,0.0,0.0,66.95833333333333,69.0,17.291666666666668,0.0,1.9583333333333333,1014.8333333333334,1014.7333333333332,8.75,48.083333333333336,17.025000000000002,0.16874999999999998,1890.5587500000001,91.65375834375328,High Risk
2023-11-20,0.6342361111111111,23.825,0.0,0.0,47.916666666666664,69.29166666666667,17.683333333333334,0.0,1.3333333333333333,1013.8874999999999,1013.7875,8.504166666666666,185.125,16.233333333333334,0.18000000000000002,1834.7741666666668,91.45196859700526,High Risk
2023-11-21,0.5452083333333334,25.02916666666667,0.0,0.0,86.58333333333333,69.70833333333333,18.9375,0.0,2.625,1012.1625,1012.0625,9.079166666666667,224.0,17.058333333333334,0.18416666666666667,1753.974375,90.95352070619414,High Risk
2023-11-22,0.5073958333333334,26.075,0.0,0.0,87.45833333333333,73.20833333333333,20.658333333333335,0.0,2.7083333333333335,1010.6750000000001,1010.5749999999999,7.3500000000000005,143.54166666666666,14.4,0.1775,1669.6160416666664,90.74181643431685,High Risk
2023-11-23,0.41225694444444444,26.8125,0.0,0.0,84.58333333333333,69.66666666666667,20.5125,0.0,2.5416666666666665,1010.4916666666667,1010.3916666666668,8.108333333333333,106.04166666666667,15.541666666666666,0.17333333333333334,1612.9004166666666,90.20915371168715,High Risk
2023-11-24,0.4425694444444445,26.808333333333334,0.0,0.0,68.33333333333333,69.91666666666667,20.733333333333334,0.0,2.1666666666666665,1011.3166666666666,1011.2166666666667,9.441666666666666,109.41666666666667,17.995833333333334,0.18583333333333332,1558.1108333333334,90.3788670536053,High Risk
2023-11-25,0.46770833333333334,26.537499999999998,0.0,0.0,77.75,69.58333333333333,20.345833333333335,0.0,2.2916666666666665,1012.0083333333333,1011.9083333333333,8.016666666666667,64.29166666666667,15.679166666666667,0.17458333333333334,1505.1829166666666,90.5196144299498,High Risk
2023-11-26,0.45708333333333334,27.15833333333333,0.0625,0.0,88.45833333333333,69.70833333333333,20.991666666666667,0.0625,12.833333333333334,1012.3000000000001,1012.1999999999999,9.275,133.33333333333334,19.833333333333332,0.17208333333333334,1454.04625,90.46012727917436,High Risk
2023-11-27,0.39138888888888884,26.97083333333333,0.004166666666666667,0.0,83.375,77.25,22.412499999999998,0.004166666666666667,4.541666666666667,1012.1,1012.0,9.133333333333333,118.95833333333333,18.662499999999998,0.16625,1407.7027083333332,90.09231783712495,High Risk
2023-11-28,0.5741666666666666,25.78333333333333,0.0,0.0,65.125,68.45833333333333,19.3,0.0,1.9583333333333333,1011.5041666666666,1011.4041666666667,8.220833333333333,72.5,16.066666666666666,0.17666666666666667,1366.1620833333334,91.1156523524252,High Risk
2023-11-29,0.49145833333333333,26.25,0.0,0.0,76.58333333333333,67.79166666666667,19.654166666666665,0.0,2.2916666666666665,1011.7291666666666,1011.6291666666666,9.720833333333333,199.91666666666666,18.216666666666665,0.18166666666666667,1322.9668749999998,90.6525857081537,High Risk
2023-11-30,0.4949305555555556,27.6375,0.0,0.0,60.708333333333336,67.33333333333333,20.900000000000002,0.0,1.8333333333333333,1011.7916666666666,1011.6916666666666,11.025,108.41666666666667,20.474999999999998,0.19791666666666666,1280.79875,90.67202595350514,High Risk
2023-12-01,0.42770833333333336,27.6125,0.1791666666666667,0.0,74.75,73.54166666666667,22.34583333333333,0.1791666666666667,8.916666666666666,1011.3416666666667,1011.2416666666667,9.054166666666667,51.291666666666664,19.604166666666668,0.17,1244.3514583333333,90.2956628035011,High Risk
2023-12-02,0.5190972222222222,27.0625,0.05416666666666667,0.0,88.54166666666667,80.54166666666667,23.191666666666666,0.05416666666666667,14.833333333333334,1011.7208333333333,1011.6208333333334,9.470833333333333,186.45833333333334,19.904166666666665,0.15625,1209.0941666666668,90.80733006115122,High Risk
2023-12-03,0.4155902777777778,27.429166666666664,0.13749999999999998,0.0,73.70833333333333,78.25,23.087500000000002,0.13749999999999998,9.166666666666666,1011.7916666666666,1011.6916666666666,8.924999999999999,132.83333333333334,19.529166666666665,0.16291666666666668,1175.965625,90.22781634722455,High Risk
2023-12-04,0.4015972222222222,27.575,0.03333333333333333,0.0,63.958333333333336,77.04166666666667,22.96666666666667,0.03333333333333333,8.166666666666666,1011.6125000000001,1011.5124999999999,8.4,125.875,18.066666666666666,0.15583333333333335,1147.7808333333335,90.14947215845821,High Risk
2023-12-05,0.3588194444444444,27.52916666666667,0.48333333333333334,0.0,83.54166666666667,81.08333333333333,23.787499999999998,0.48333333333333334,9.5,1011.0124999999999,1010.9125,5.8500000000000005,170.08333333333334,13.200000000000001,0.12416666666666666,1122.855,89.90996833572838,High Risk
2023-12-06,0.33315972222222223,28.116666666666664,0.9833333333333334,0.0,38.291666666666664,77.91666666666667,23.462500000000002,0.9833333333333334,21.791666666666668,1011.7458333333334,1011.6458333333334,7.8500000000000005,77.29166666666667,16.525000000000002,0.17166666666666666,1098.6070833333333,89.76630492258117,High Risk
2023-12-07,0.3134722222222222,26.995833333333334,0.09583333333333333,0.0,32.083333333333336,77.75,22.504166666666666,0.09583333333333333,9.375,1012.0958333333333,1011.9958333333334,9.933333333333334,119.70833333333333,20.408333333333335,0.16458333333333333,1086.6279166666666,89.65607873143846,High Risk
2023-12-08,0.37659722222222225,27.054166666666664,0.0,0.0,40.833333333333336,74.5,21.945833333333336,0.0,1.2083333333333333,1011.9,1011.8000000000001,6.116666666666667,118.70833333333333,12.354166666666666,0.15666666666666665,1076.0514583333334,90.00950239192778,High Risk
2023-12-09,0.24069444444444443,27.445833333333336,0.0,0.0,35.083333333333336,76.5,22.629166666666666,0.0,1.0,1010.8416666666667,1010.7416666666667,4.825,176.16666666666666,10.066666666666666,0.15625,1040.1927083333333,89.24861118887209,High Risk
2023-12-10,0.2615277777777778,27.766666666666666,0.0,0.0,37.541666666666664,76.5,22.974999999999998,0.0,1.1666666666666667,1009.4166666666666,1009.3166666666666,5.908333333333334,173.83333333333334,12.391666666666666,0.17333333333333334,1005.2641666666667,89.36525266098077,High Risk
2023-12-11,0.30159722222222224,27.916666666666668,0.04583333333333334,0.0,55.125,82.33333333333333,24.462500000000002,0.04583333333333334,13.875,1010.1708333333332,1010.0708333333333,5.595833333333334,194.20833333333334,11.725,0.155,985.7035416666666,89.5895930923365,High Risk
2023-12-12,0.35861111111111105,28.233333333333334,0.004166666666666667,0.0,45.208333333333336,77.45833333333333,23.5125,0.004166666666666667,3.3333333333333335,1010.1291666666666,1010.0291666666667,5.570833333333333,174.75,11.733333333333334,0.1679166666666667,968.750625,89.90880192100727,High Risk
2023-12-13,0.3620833333333333,27.733333333333334,0.025000000000000005,0.0,55.291666666666664,76.58333333333333,23.020833333333332,0.025000000000000005,7.916666666666667,1011.6166666666667,1011.5166666666668,8.120833333333334,131.75,15.700000000000001,0.1625,953.2452083333334,89.92824216635873,High Risk
2023-12-14,0.37437499999999996,28.099999999999998,0.004166666666666667,0.0,80.75,68.54166666666667,21.537499999999998,0.004166666666666667,4.458333333333333,1012.3916666666668,1012.2916666666666,7.704166666666667,118.125,14.908333333333333,0.1729166666666667,937.9902083333333,89.99706063490287,High Risk
2023-12-15,0.3459027777777777,28.8125,0.0,0.0,50.25,67.95833333333333,21.895833333333332,0.0,1.5,1011.7333333333332,1011.6333333333333,5.825,170.125,11.837499999999999,0.1729166666666667,922.9752083333333,89.83765062302098,High Risk
2023-12-16,0.34312500000000007,28.608333333333334,0.0,0.0,26.458333333333332,70.33333333333333,22.266666666666666,0.0,0.7916666666666666,1011.4041666666667,1011.3041666666667,6.925,131.04166666666666,13.079166666666666,0.1775,909.196875,89.82209842673981,High Risk
2023-12-17,0.4409027777777778,28.6875,0.008333333333333333,0.0,39.75,67.33333333333333,21.854166666666668,0.008333333333333333,5.25,1012.1,1012.0,10.825000000000001,58.666666666666664,20.554166666666667,0.18875,896.7083333333334,90.36953573583662,High Risk
2023-12-18,0.45493055555555556,27.741666666666664,0.004166666666666667,0.0,45.708333333333336,64.66666666666667,20.379166666666666,0.004166666666666667,3.4166666666666665,1013.1166666666667,1013.0166666666668,9.6,45.416666666666664,19.070833333333333,0.19125,884.3897916666666,90.44807432705646,High Risk
2023-12-19,0.25756944444444446,27.8125,0.0,0.0,66.95833333333333,68.75,21.104166666666668,0.0,2.0833333333333335,1012.9833333333332,1012.8833333333333,8.083333333333334,84.16666666666667,15.275,0.18208333333333335,873.1995833333334,89.34309078128013,High Risk
2023-12-20,0.20701388888888891,27.875,0.0,0.0,56.75,68.5,21.125,0.0,1.75,1012.4,1012.3000000000001,7.629166666666666,56.333333333333336,15.0875,0.1875,863.1922916666667,89.06004080896304,High Risk
2023-12-21,0.30197916666666663,26.645833333333332,0.0,0.0,56.583333333333336,58.0,17.654166666666665,0.0,1.6666666666666667,1013.5958333333333,1013.4958333333334,13.479166666666666,60.875,24.90416666666667,0.21791666666666665,853.2997916666667,89.59173151932515,High Risk
2023-12-22,0.3226041666666667,23.47083333333333,0.0,0.0,87.20833333333333,58.583333333333336,14.816666666666668,0.0,2.75,1016.3458333333333,1016.2458333333334,12.095833333333333,43.791666666666664,23.116666666666664,0.19791666666666666,844.4520833333332,89.70720657671276,High Risk
2023-12-23,0.27684027777777775,22.037499999999998,0.0,0.0,94.20833333333333,61.0,13.954166666666666,0.0,2.9583333333333335,1017.6916666666666,1017.5916666666667,9.895833333333334,126.79166666666667,18.724999999999998,0.17833333333333334,836.7008333333333,89.45098414298066,High Risk
2023-12-24,0.29875,22.579166666666666,0.0,0.0,97.66666666666667,57.375,13.6875,0.0,3.0,1018.2708333333334,1018.1708333333332,9.416666666666666,138.08333333333334,18.279166666666665,0.13791666666666666,829.0191666666666,89.5736520911483,High Risk
2023-12-25,0.41874999999999996,23.429166666666664,0.008333333333333333,0.0,95.04166666666667,60.666666666666664,15.191666666666668,0.008333333333333333,6.875,1017.1708333333332,1017.0708333333333,7.279166666666668,146.08333333333334,16.404166666666665,0.15416666666666667,821.4079166666667,90.24550697049436,High Risk
2023-12-26,0.563125,23.53333333333333,0.03333333333333333,0.0,62.083333333333336,64.83333333333333,16.341666666666665,0.03333333333333333,3.9166666666666665,1016.8416666666667,1016.7416666666667,7.945833333333333,137.91666666666666,15.691666666666668,0.13708333333333333,814.7622916666668,91.0538323722076,High Risk
2023-12-27,0.4393402777777778,24.983333333333334,0.0,0.0,32.291666666666664,65.95833333333333,17.8875,0.0,0.9166666666666666,1016.1708333333332,1016.0708333333333,8.070833333333333,158.91666666666666,15.179166666666667,0.17833333333333334,809.1514583333334,90.36078762542846,High Risk
2023-12-28,0.39493055555555556,26.425,0.0,0.0,4.958333333333333,62.125,18.308333333333334,0.0,0.041666666666666664,1014.4875000000001,1014.3874999999999,10.495833333333334,213.16666666666666,19.6125,0.19874999999999998,803.5758333333333,90.11214688738342,High Risk
2023-12-29,0.35586805555555556,26.90416666666667,0.0,0.0,39.333333333333336,65.08333333333333,19.666666666666668,0.0,1.125,1013.1833333333334,1013.0833333333334,9.075000000000001,128.70833333333334,17.320833333333333,0.16874999999999998,797.1581249999999,89.89344412717962,High Risk
2023-12-30,0.3973263888888889,27.629166666666666,0.0,0.0,88.25,62.958333333333336,19.679166666666667,0.0,2.7916666666666665,1012.0375,1011.9375,8.775,226.125,16.320833333333333,0.19375,790.7089583333333,90.12556065667593,High Risk
2023-12-31,0.320625,28.120833333333334,0.0,0.0,94.625,64.08333333333333,20.395833333333332,0.0,2.9583333333333335,1011.9666666666667,1011.8666666666667,8.012500000000001,176.41666666666666,15.4125,0.18958333333333333,786.1254166666668,89.69612563686243,High Risk
2024-01-01,0.31645833333333334,28.462500000000002,0.0,0.0,86.91666666666667,63.458333333333336,20.55,0.0,2.75,1011.5666666666666,1011.4666666666667,8.4125,137.75,16.579166666666666,0.19208333333333336,781.6477083333334,89.67279734244069,High Risk
2024-01-02,0.29940972222222223,27.8,0.004166666666666667,0.0,63.333333333333336,69.33333333333333,21.1875,0.004166666666666667,3.9583333333333335,1011.4166666666666,1011.3166666666666,6.570833333333333,169.04166666666666,12.441666666666668,0.17166666666666666,777.1145833333334,89.57734573776509,High Risk
2024-01-03,0.18118055555555557,27.691666666666666,0.0,0.0,56.291666666666664,61.375,18.933333333333334,0.0,1.8333333333333333,1011.6083333333332,1011.5083333333333,8.6,96.04166666666667,15.583333333333334,0.20208333333333336,772.6864583333332,88.91540538354825,High Risk
2024-01-04,0.27569444444444446,27.108333333333334,0.0,0.0,31.333333333333332,62.708333333333336,19.083333333333332,0.0,0.9166666666666666,1012.0208333333334,1011.9208333333332,9.791666666666666,50.625,18.316666666666666,0.18583333333333332,767.3604166666668,89.44456886201468,High Risk
2024-01-05,0.38354166666666667,27.495833333333334,0.0,0.0,67.45833333333333,62.916666666666664,19.375,0.0,2.1666666666666665,1012.4125,1012.3125,8.258333333333333,69.08333333333333,15.466666666666667,0.19208333333333336,681.2058333333333,90.04838288263068,High Risk
2024-01-06,0.2390277777777778,27.325,0.0,0.0,16.041666666666668,62.333333333333336,19.095833333333335,0.0,0.4583333333333333,1012.6041666666666,1012.5041666666666,8.741666666666667,47.958333333333336,16.425,0.19499999999999998,461.80312499999997,89.23927987110339,High Risk
2024-01-07,0.24743055555555557,27.375,0.0,0.0,42.916666666666664,63.166666666666664,19.341666666666665,0.0,1.2916666666666667,1012.8833333333333,1012.7833333333333,7.870833333333334,80.45833333333333,14.529166666666667,0.1925,219.0879166666667,89.2863252648539,High Risk
2024-01-08,0.3835069444444444,27.683333333333334,0.0,0.0,24.666666666666668,63.166666666666664,19.641666666666666,0.0,0.625,1012.3541666666666,1012.2541666666666,6.375,88.91666666666667,12.883333333333333,0.18625,61.56729166666667,90.04818848017717,High Risk
2024-01-09,0.3663194444444444,27.683333333333334,0.0,0.0,17.041666666666668,74.20833333333333,22.133333333333336,0.0,0.5416666666666666,1011.4125,1011.3125,6.133333333333333,208.54166666666666,12.075000000000001,0.17416666666666666,6.124999999999999,89.95195926568749,High Risk
2024-01-10,0.3286805555555556,28.133333333333336,0.0,0.0,45.875,75.20833333333333,22.920833333333334,0.0,1.375,1010.3833333333333,1010.2833333333333,6.5,180.58333333333334,14.104166666666666,0.17833333333333334,0.0,89.74122700607778,High Risk
2024-01-11,0.4257638888888889,28.420833333333334,0.0,0.0,37.708333333333336,76.95833333333333,23.65416666666667,0.0,1.0,1011.1374999999999,1011.0375,8.104166666666666,177.33333333333334,15.579166666666666,0.17208333333333334,0.0,90.28477626610429,High Risk
2024-01-12,0.48732638888888896,28.179166666666664,0.05416666666666667,0.0,24.583333333333332,78.66666666666667,23.858333333333334,0.05416666666666667,13.125,1010.7666666666668,1010.6666666666666,9.558333333333334,176.91666666666666,19.191666666666666,0.16833333333333333,0.0,90.62945181618547,High Risk
2024-01-13,0.5074305555555555,28.34166666666667,0.0625,0.0,51.583333333333336,77.375,23.787499999999998,0.0625,9.875,1011.0,1010.9,7.879166666666666,160.58333333333334,16.587500000000002,0.1575,0.0,90.74201083677036,High Risk
2024-01-14,0.41111111111111115,27.712500000000002,0.08333333333333333,0.0,61.791666666666664,71.0,21.47083333333333,0.08333333333333333,10.208333333333334,1012.3333333333334,1012.2333333333332,8.404166666666667,166.58333333333334,16.920833333333334,0.1779166666666667,0.17729166666666665,90.20273843072118,High Risk
2024-01-15,0.3482638888888889,27.379166666666666,0.0,0.0,22.416666666666668,64.79166666666667,19.745833333333334,0.0,0.625,1012.3458333333333,1012.2458333333334,8.433333333333334,81.33333333333333,16.033333333333335,0.19291666666666665,0.4322916666666667,89.85086998985994,High Risk
2024-01-16,0.3569097222222222,26.858333333333334,0.0,0.0,12.916666666666666,65.875,19.441666666666666,0.0,0.25,1011.875,1011.775,8.833333333333334,49.208333333333336,16.087500000000002,0.19625,0.2604166666666667,89.89927620078507,High Risk
2024-01-17,0.4038888888888889,26.925,0.0,0.0,76.08333333333333,63.166666666666664,18.929166666666667,0.0,2.3333333333333335,1011.6666666666666,1011.5666666666666,9.012500000000001,54.333333333333336,16.650000000000002,0.1975,0.0,90.16230272039017,High Risk
2024-01-18,0.20458333333333334,26.920833333333334,0.0,0.0,42.625,67.33333333333333,19.883333333333333,0.0,1.25,1011.6416666666668,1011.5416666666666,7.520833333333333,120.70833333333333,14.129166666666668,0.19333333333333333,0.0,89.04643263721702,High Risk
2024-01-19,0.19159722222222222,27.875,0.0,0.0,64.875,67.5,20.7625,0.0,2.0,1010.9833333333332,1010.8833333333333,4.833333333333333,194.70833333333334,10.583333333333334,0.17916666666666667,0.0,88.9737261196026,High Risk
2024-01-20,0.31493055555555555,27.6875,0.0,0.0,18.0,75.5,22.666666666666668,0.0,0.5,1011.1416666666668,1011.0416666666666,6.770833333333333,181.04166666666666,14.308333333333332,0.16416666666666666,0.0,89.66424363448606,High Risk
2024-01-21,0.26576388888888886,27.729166666666668,0.0,0.0,31.916666666666668,75.04166666666667,22.45,0.0,0.875,1011.9333333333334,1011.8333333333334,7.466666666666666,177.25,15.420833333333334,0.18083333333333332,0.0,89.38896976030955,High Risk
2024-01-22,0.33284722222222224,27.679166666666664,0.0,0.0,46.5,70.125,20.783333333333335,0.0,1.375,1012.5041666666666,1012.4041666666667,6.104166666666667,199.375,12.916666666666666,0.18666666666666665,0.0,89.76455530049954,High Risk
2024-01-23,0.4313888888888889,27.4375,0.39999999999999997,0.0,61.75,78.08333333333333,22.900000000000002,0.39999999999999997,19.541666666666668,1013.6083333333332,1013.5083333333333,9.204166666666667,168.79166666666666,19.516666666666666,0.16708333333333333,0.0,90.31626946357363,High Risk
2024-01-24,0.4198263888888889,26.016666666666666,0.012499999999999999,0.0,94.125,66.54166666666667,18.837500000000002,0.012499999999999999,4.833333333333333,1015.2666666666668,1015.1666666666666,11.958333333333334,120.04166666666667,23.104166666666668,0.1729166666666667,0.057499999999999996,90.25153344655332,High Risk
2024-01-25,0.4602430555555555,25.71666666666667,0.004166666666666667,0.0,82.95833333333333,63.083333333333336,17.837500000000002,0.004166666666666667,4.541666666666667,1016.65,1016.5500000000001,14.270833333333334,178.41666666666666,26.508333333333336,0.20541666666666666,0.13916666666666666,90.47781790244417,High Risk
2024-01-26,0.4477083333333334,25.787499999999998,0.004166666666666667,0.0,62.916666666666664,59.208333333333336,17.091666666666665,0.004166666666666667,3.875,1017.0708333333333,1016.9708333333333,11.220833333333333,227.33333333333334,21.90416666666667,0.1991666666666667,0.09291666666666666,90.40763861672545,High Risk
2024-01-27,0.4176388888888889,27.358333333333334,0.0,0.0,28.208333333333332,60.208333333333336,18.658333333333335,0.0,0.7083333333333334,1015.6541666666667,1015.5541666666667,11.108333333333334,160.58333333333334,21.125,0.21208333333333332,0.02,90.2392860919819,High Risk
2024-01-28,0.471875,27.974999999999998,0.0,0.0,66.0,60.416666666666664,19.375,0.0,2.0,1015.0166666666668,1014.9166666666666,9.504166666666666,93.66666666666667,18.070833333333333,0.205,0.02,90.54294272437153,High Risk
2024-01-29,0.4814583333333333,27.729166666666668,0.004166666666666667,0.0,52.041666666666664,64.20833333333333,19.920833333333334,0.004166666666666667,3.6666666666666665,1014.9541666666665,1014.8541666666666,9.0375,138.29166666666666,17.691666666666666,0.19125,0.010416666666666666,90.59659780154152,High Risk
2024-01-30,0.32881944444444444,27.575,0.0,0.0,93.54166666666667,66.91666666666667,20.620833333333334,0.0,2.9166666666666665,1014.4958333333334,1014.3958333333334,5.916666666666667,238.625,12.983333333333334,0.17125,0.0,89.74200461589186,High Risk
2024-01-31,0.25875,27.570833333333336,0.0,0.0,76.70833333333333,69.04166666666667,21.095833333333335,0.0,2.25,1014.0041666666666,1013.9041666666667,7.091666666666666,249.375,15.0875,0.18625,0.0,89.34970046469961,High Risk
2024-02-01,0.24736111111111111,27.941666666666666,0.041666666666666664,0.0,59.333333333333336,79.375,23.8625,0.041666666666666664,5.916666666666667,1014.0375,1013.9375,9.441666666666666,192.16666666666666,18.820833333333333,0.16874999999999998,0.0,89.28593645994687,High Risk
2024-02-02,0.16836805555555556,28.229166666666668,0.004166666666666667,0.0,16.208333333333332,79.79166666666667,24.1875,0.004166666666666667,2.5,1012.9833333333332,1012.8833333333333,9.745833333333334,188.33333333333334,19.041666666666668,0.17916666666666667,0.0,88.84367087820141,High Risk
2024-02-03,0.1927777777777778,28.599999999999998,0.029166666666666664,0.0,29.333333333333332,80.625,24.77916666666667,0.029166666666666664,5.041666666666667,1012.9291666666667,1012.8291666666668,11.5375,189.83333333333334,22.008333333333336,0.1729166666666667,0.0,88.98033580302209,High Risk
2024-02-04,0.17270833333333335,29.041666666666668,0.024999999999999998,0.0,10.25,77.125,24.287499999999998,0.024999999999999998,4.291666666666667,1013.1583333333333,1013.0583333333334,9.670833333333333,183.33333333333334,20.375,0.18541666666666667,0.0,88.86797118489072,High Risk
2024-02-05,0.10430555555555555,28.991666666666664,0.0,0.0,29.0,79.125,24.679166666666664,0.0,0.875,1013.0416666666666,1012.9416666666666,10.154166666666667,185.41666666666666,19.820833333333333,0.1925,0.0,88.48499835146718,High Risk
2024-02-06,0.13736111111111113,29.09583333333333,0.0,0.0,11.25,79.83333333333333,24.991666666666664,0.0,0.20833333333333334,1013.2041666666668,1013.1041666666666,9.666666666666666,175.08333333333334,19.508333333333333,0.19208333333333336,0.0,88.67006948721297,High Risk
2024-02-07,0.20833333333333334,28.775000000000002,0.0,0.0,8.25,81.58333333333333,25.03333333333333,0.0,0.125,1012.2125,1012.1125000000001,11.145833333333334,182.04166666666666,21.479166666666668,0.19041666666666668,0.0,89.06742810219659,High Risk
2024-02-08,0.2512152777777778,28.895833333333332,0.0,0.0,14.041666666666666,78.66666666666667,24.458333333333332,0.0,0.4166666666666667,1010.875,1010.775,11.941666666666668,185.75,22.983333333333334,0.2020833333333333,0.0,89.30751513228698,High Risk
2024-02-09,0.32298611111111114,28.8875,0.0,0.0,37.541666666666664,77.95833333333333,24.40416666666667,0.0,1.125,1012.4333333333334,1012.3333333333334,13.666666666666666,169.875,25.7625,0.20333333333333334,0.0,89.70934500370142,High Risk
2024-02-10,0.4675,28.608333333333334,0.049999999999999996,0.0,70.125,75.95833333333333,23.7625,0.049999999999999996,14.333333333333334,1014.9166666666666,1014.8166666666666,10.541666666666666,159.45833333333334,23.3875,0.16041666666666668,0.0,90.51844801522871,High Risk
2024-02-11,0.6338194444444444,27.704166666666666,0.0,0.0,38.625,62.333333333333336,19.041666666666668,0.0,1.25,1017.1541666666667,1017.0541666666667,11.029166666666667,112.83333333333333,21.116666666666667,0.22833333333333336,0.0,91.44963576756308,High Risk
2024-02-12,0.5747222222222222,26.754166666666666,0.0,0.0,47.958333333333336,57.625,17.216666666666665,0.0,1.5833333333333333,1016.5583333333334,1016.4583333333334,9.654166666666667,77.54166666666667,18.829166666666666,0.21541666666666667,0.0,91.11876279168143,High Risk
2024-02-13,0.4810069444444445,27.354166666666668,0.0,0.0,6.541666666666667,55.083333333333336,17.099999999999998,0.0,0.125,1014.8375,1014.7375000000001,9.366666666666667,127.29166666666667,18.1125,0.23291666666666666,0.0,90.59407056964585,High Risk
2024-02-14,0.4232638888888889,28.079166666666666,0.0,0.0,4.583333333333333,61.791666666666664,19.3125,0.0,0.125,1013.1999999999999,1013.1,6.4125000000000005,180.58333333333334,13.3375,0.21083333333333334,0.0,90.27077928945126,High Risk
2024-02-15,0.3345833333333333,29.079166666666666,0.0,0.0,45.208333333333336,73.41666666666667,23.275000000000002,0.0,1.2916666666666667,1013.0375,1012.9375,6.533333333333334,163.125,14.079166666666666,0.19458333333333333,0.0,89.77427542317527,High Risk
2024-02-16,0.3800694444444444,29.191666666666666,0.020833333333333332,0.0,48.875,79.125,24.97083333333333,0.020833333333333332,9.708333333333334,1012.7666666666668,1012.6666666666666,9.7125,182.33333333333334,21.279166666666665,0.18666666666666668,0.0,90.02894263727923,High Risk
2024-02-17,0.5192361111111111,28.429166666666664,0.041666666666666664,0.0,57.916666666666664,78.66666666666667,24.233333333333334,0.041666666666666664,8.0,1011.6583333333333,1011.5583333333334,13.779166666666667,178.58333333333334,25.97083333333333,0.18916666666666668,0.0,90.8081076709653,High Risk
2024-02-18,0.315,28.370833333333334,0.020833333333333332,0.0,51.458333333333336,75.16666666666667,23.34166666666667,0.020833333333333332,7.833333333333333,1011.8791666666666,1011.7791666666667,15.670833333333334,183.33333333333334,29.058333333333334,0.20541666666666666,0.009583333333333333,89.66463243939309,High Risk
2024-02-19,0.25381944444444443,28.625,0.0,0.0,89.79166666666667,74.29166666666667,23.454166666666666,0.0,2.8333333333333335,1011.7333333333332,1011.6333333333333,14.6625,182.66666666666666,26.816666666666666,0.21250000000000002,0.024791666666666667,89.32209531630055,High Risk
2024-02-20,0.25159722222222225,29.53333333333333,0.0,0.0,56.125,70.875,23.391666666666666,0.0,1.625,1010.9125,1010.8125,16.670833333333334,184.20833333333334,29.954166666666666,0.23291666666666666,0.015625,89.30965355927563,High Risk
2024-02-21,0.27055555555555555,29.358333333333334,0.004166666666666667,0.0,49.166666666666664,73.75,24.041666666666668,0.004166666666666667,3.5833333333333335,1010.4708333333333,1010.3708333333334,17.67083333333333,187.125,32.31666666666667,0.21958333333333335,0.0,89.41579729889455,High Risk
2024-02-22,0.2575,29.258333333333336,0.008333333333333333,0.0,9.875,75.58333333333333,24.354166666666668,0.008333333333333333,4.416666666666667,1011.3833333333333,1011.2833333333333,16.883333333333333,180.125,30.629166666666666,0.21583333333333332,0.0,89.34270197637309,High Risk
2024-02-23,0.22631944444444443,29.258333333333336,0.004166666666666667,0.0,28.75,75.58333333333333,24.266666666666666,0.004166666666666667,2.875,1012.1125000000001,1012.0124999999999,15.020833333333334,182.125,27.849999999999998,0.21333333333333335,0.0,89.16812857311709,High Risk
2024-02-24,0.22291666666666665,29.25,0.025000000000000005,0.0,24.166666666666668,74.41666666666667,24.03333333333333,0.025000000000000005,6.833333333333333,1012.0625,1011.9625,12.779166666666667,183.125,24.620833333333334,0.20666666666666667,0.009583333333333333,89.14907713267267,High Risk
2024-02-25,0.31538194444444445,29.058333333333334,0.15,0.0,24.958333333333332,75.16666666666667,24.016666666666666,0.15,7.708333333333333,1011.8708333333334,1011.7708333333334,11.833333333333334,181.95833333333334,24.291666666666668,0.19791666666666666,0.010416666666666666,89.66677086638174,High Risk
2024-02-26,0.39190972222222226,29.599999999999998,0.0375,0.0,10.041666666666666,73.58333333333333,24.05,0.0375,8.708333333333334,1011.6875,1011.5875,9.316666666666666,171.58333333333334,20.054166666666667,0.20125,0.0,90.09523387392767,High Risk
2024-02-27,0.4203819444444444,29.287499999999998,0.05416666666666667,0.0,29.083333333333332,74.83333333333333,24.09166666666667,0.05416666666666667,17.416666666666668,1011.3125,1011.2125,8.770833333333334,192.91666666666666,18.7,0.19166666666666665,0.0,90.25464388580954,High Risk
2024-02-28,0.4725,29.0125,0.024999999999999998,0.0,17.833333333333332,75.04166666666667,24.004166666666666,0.024999999999999998,8.75,1010.4,1010.3000000000001,11.541666666666666,185.125,23.245833333333334,0.19416666666666668,0.0,90.54644196853478,High Risk
2024-02-29,0.5022569444444445,29.02916666666667,0.0375,0.0,20.25,77.0,24.454166666666666,0.0375,4.708333333333333,1010.5625,1010.4625,14.766666666666666,184.66666666666666,28.429166666666664,0.20166666666666666,0.0,90.7130448711967,High Risk
2024-03-01,0.32993055555555556,29.825,0.0,0.0,65.91666666666667,70.66666666666667,23.71666666666667,0.0,2.0416666666666665,1010.9791666666666,1010.8791666666666,12.495833333333332,184.625,24.129166666666666,0.22083333333333333,0.0,89.74822549440432,High Risk
2024-03-02,0.4730555555555555,28.691666666666666,0.11666666666666665,0.0,48.458333333333336,77.16666666666667,24.09166666666667,0.11666666666666665,9.958333333333334,1011.3041666666667,1011.2041666666668,12.091666666666667,158.16666666666666,24.22083333333333,0.19208333333333336,0.043125000000000004,90.54955240779101,High Risk
2024-03-03,0.5505555555555556,29.433333333333334,0.04583333333333334,0.0,30.5,74.83333333333333,24.266666666666666,0.04583333333333334,5.0,1010.7666666666668,1010.6666666666666,10.924999999999999,163.66666666666666,22.745833333333334,0.21,0.09000000000000001,90.98345868403534,High Risk
2024-03-04,0.45319444444444446,29.679166666666664,0.0625,0.0,46.375,77.04166666666667,25.099999999999998,0.0625,9.625,1009.8000000000001,1009.6999999999999,15.004166666666668,188.625,28.174999999999997,0.20125,0.046875,90.43835420438074,High Risk
2024-03-05,0.28020833333333334,30.229166666666668,0.0,0.0,30.125,73.66666666666667,24.666666666666668,0.0,0.8333333333333334,1008.9625,1008.8625000000001,13.104166666666666,181.66666666666666,25.795833333333334,0.23375,0.03833333333333333,89.46984118097157,High Risk
2024-03-06,0.2659722222222222,29.854166666666668,0.0,0.0,68.375,78.16666666666667,25.354166666666668,0.0,2.1666666666666665,1007.7958333333332,1007.6958333333333,14.304166666666667,171.79166666666666,27.141666666666666,0.22124999999999997,0.07041666666666667,89.39013617503063,High Risk
2024-03-07,0.31972222222222224,30.141666666666666,0.0,0.0,37.375,74.33333333333333,24.53333333333333,0.0,1.0833333333333333,1007.4166666666666,1007.3166666666666,11.241666666666667,168.16666666666666,22.287499999999998,0.23416666666666666,0.03125,89.69107117307105,High Risk
2024-03-08,0.3126041666666667,30.2375,0.0,0.0,87.04166666666667,72.125,24.391666666666666,0.0,2.5833333333333335,1008.5124999999999,1008.4125,16.537499999999998,168.91666666666666,30.212500000000002,0.23208333333333334,0.0,89.65121867010059,High Risk
2024-03-09,0.4780902777777778,29.791666666666668,0.049999999999999996,0.0,97.08333333333333,73.25,24.400000000000002,0.049999999999999996,15.0,1010.2083333333334,1010.1083333333332,16.095833333333335,181.625,29.608333333333334,0.1975,0.0,90.57774076355062,High Risk
2024-03-10,0.4766666666666666,29.8875,0.020833333333333332,0.0,30.25,72.70833333333333,24.3,0.020833333333333332,4.958333333333333,1011.8791666666666,1011.7791666666667,14.137500000000001,181.375,26.708333333333332,0.2175,0.0,90.56977026295652,High Risk
2024-03-11,0.3965277777777778,29.891666666666666,0.07916666666666668,0.0,33.5,73.83333333333333,24.5,0.07916666666666668,7.333333333333333,1012.5083333333333,1012.4083333333333,14.875,176.41666666666666,28.116666666666664,0.22291666666666665,0.009583333333333333,90.1210894002451,High Risk
2024-03-12,0.40729166666666666,29.0625,0.21666666666666667,0.0,69.54166666666667,77.83333333333333,24.7625,0.21666666666666667,19.5,1012.3291666666668,1012.2291666666666,14.366666666666667,172.08333333333334,27.46666666666667,0.19041666666666668,0.02,90.18135416083459,High Risk
2024-03-13,0.4047222222222222,29.349999999999998,0.041666666666666664,0.0,43.083333333333336,74.875,24.349999999999998,0.041666666666666664,9.625,1011.5375,1011.4375,13.320833333333333,178.04166666666666,25.9375,0.21416666666666664,0.024791666666666667,90.16696837927452,High Risk
2024-03-14,0.38055555555555554,29.787499999999998,0.025000000000000005,0.0,32.0,72.875,24.208333333333332,0.025000000000000005,9.166666666666666,1010.8166666666666,1010.7166666666667,14.904166666666667,178.91666666666666,27.854166666666668,0.2304166666666667,0.03,90.03166427162844,High Risk
2024-03-15,0.3334722222222222,29.808333333333334,0.0,0.0,15.041666666666666,75.70833333333333,24.929166666666664,0.0,0.375,1010.6125000000001,1010.5124999999999,16.070833333333333,177.45833333333334,29.679166666666664,0.22541666666666668,0.015625,89.7680545446628,High Risk
2024-03-16,0.3183333333333333,29.570833333333336,0.09999999999999999,0.0,40.375,76.375,24.895833333333332,0.09999999999999999,7.791666666666667,1011.9208333333332,1011.8208333333333,18.033333333333335,177.70833333333334,32.512499999999996,0.2175,0.0,89.68329507493047,High Risk
2024-03-17,0.2895138888888889,29.916666666666668,0.0,0.0,68.83333333333333,70.58333333333333,23.704166666666666,0.0,2.0833333333333335,1011.6541666666667,1011.5541666666667,14.549999999999999,182.66666666666666,27.245833333333334,0.24250000000000002,0.009583333333333333,89.52194103851345,High Risk
2024-03-18,0.30291666666666667,29.604166666666668,0.0,0.0,23.166666666666668,75.625,24.666666666666668,0.0,0.625,1010.4,1010.3000000000001,14.670833333333334,178.83333333333334,27.34583333333333,0.2283333333333333,0.024791666666666667,89.59698038557006,High Risk
2024-03-19,0.4198263888888889,29.5125,0.049999999999999996,0.0,38.708333333333336,76.04166666666667,24.724999999999998,0.049999999999999996,11.583333333333334,1011.0208333333334,1010.9208333333332,15.983333333333334,171.125,30.575,0.19958333333333333,0.015625,90.25153344655332,High Risk
2024-03-20,0.26743055555555556,26.204166666666666,1.5333333333333332,0.0,73.04166666666667,87.375,23.8625,1.5333333333333332,35.5,1013.5875,1013.4875000000001,8.320833333333333,156.25,18.891666666666666,0.11166666666666668,0.8241666666666667,89.39830107807825,High Risk
2024-03-21,0.33340277777777777,27.579166666666666,0.008333333333333333,0.0,34.875,77.5,22.995833333333334,0.008333333333333333,5.208333333333333,1011.8249999999999,1011.725,5.7250000000000005,196.16666666666666,14.025,0.17875,5.098125,89.76766573975577,High Risk
2024-03-22,0.3104166666666667,28.666666666666668,0.016666666666666666,0.0,13.416666666666666,74.125,23.45,0.016666666666666666,8.708333333333334,1008.8333333333334,1008.7333333333332,10.3125,214.625,19.733333333333334,0.21666666666666667,6.105833333333333,89.63897131552916,High Risk
2024-03-23,0.35861111111111105,29.454166666666666,0.09999999999999999,0.0,37.833333333333336,76.16666666666667,24.745833333333334,0.09999999999999999,7.75,1008.7208333333333,1008.6208333333334,17.85833333333333,187.08333333333334,32.5,0.22791666666666666,2.0791666666666666,89.90880192100727,High Risk
2024-03-24,0.314375,29.729166666666668,0.12083333333333333,0.0,14.416666666666666,76.66666666666667,25.079166666666666,0.12083333333333333,11.375,1010.3916666666668,1010.2916666666666,13.658333333333333,185.08333333333334,25.59166666666667,0.21624999999999997,0.5481250000000001,89.66113319522981,High Risk
2024-03-25,0.2945138888888889,29.983333333333334,0.0,0.0,46.791666666666664,77.04166666666667,25.366666666666664,0.0,1.4583333333333333,1010.3083333333334,1010.2083333333334,14.254166666666668,179.83333333333334,26.02916666666667,0.2175,0.15770833333333334,89.54993499181954,High Risk
2024-03-26,0.3142361111111111,29.90416666666667,0.041666666666666664,0.0,43.083333333333336,75.54166666666667,24.925,0.041666666666666664,7.5,1011.5708333333333,1011.4708333333333,13.137500000000001,184.66666666666666,25.079166666666666,0.21583333333333332,0.07083333333333333,89.66035558541576,High Risk
2024-03-27,0.3079861111111111,29.058333333333334,0.2625,0.0,23.875,78.08333333333333,24.579166666666666,0.2625,11.916666666666666,1013.3125,1013.2125,10.508333333333333,166.83333333333334,21.4375,0.20166666666666666,0.035625000000000004,89.62536314378316,High Risk
2024-03-28,0.28229166666666666,30.066666666666666,0.0,0.0,92.45833333333333,75.91666666666667,25.125,0.0,2.7916666666666665,1010.8333333333334,1010.7333333333332,12.0875,193.16666666666666,22.583333333333332,0.19708333333333336,0.02,89.48150532818244,High Risk
2024-03-29,0.1976388888888889,30.454166666666666,0.008333333333333333,0.0,26.25,74.04166666666667,25.129166666666666,0.008333333333333333,4.916666666666667,1010.4166666666666,1010.3166666666666,14.25,181.75,26.495833333333334,0.23083333333333333,0.010416666666666666,89.00755214651413,High Risk
2024-03-30,0.22118055555555557,30.770833333333332,0.004166666666666667,0.0,42.708333333333336,71.70833333333333,24.825,0.004166666666666667,3.3333333333333335,1011.8458333333333,1011.7458333333334,14.737499999999999,182.04166666666666,27.041666666666668,0.24708333333333332,0.0,89.13935700999694,High Risk
2024-03-31,0.18027777777777776,30.983333333333334,0.0,0.0,9.5,71.625,25.004166666666666,0.0,0.25,1011.0333333333333,1010.9333333333334,16.0,186.33333333333334,29.775000000000002,0.24916666666666668,0.0,88.91035091975688,High Risk
2024-04-01,0.17979166666666666,31.612499999999997,0.0,0.0,0.20833333333333334,68.33333333333333,24.45,0.0,0.0,1008.3458333333333,1008.2458333333334,12.004166666666668,188.29166666666666,23.46666666666667,0.25958333333333333,0.0,88.90762928540768,High Risk
2024-04-02,0.2661805555555556,30.979166666666668,0.0,0.0,4.583333333333333,74.25,25.59583333333333,0.0,0.041666666666666664,1007.3291666666668,1007.2291666666666,16.420833333333334,179.16666666666666,30.270833333333332,0.2575,0.0,89.39130258975172,High Risk
2024-04-03,0.1620486111111111,30.941666666666666,0.0,0.0,39.875,75.04166666666667,25.741666666666664,0.0,1.1666666666666667,1008.0,1007.9,17.099999999999998,177.91666666666666,31.883333333333336,0.2504166666666667,0.0,88.80828963166178,High Risk
2024-04-04,0.1928472222222222,31.1125,0.0,0.0,39.833333333333336,74.33333333333333,25.670833333333334,0.0,1.25,1007.6374999999999,1007.5375,14.433333333333332,176.08333333333334,27.383333333333336,0.24750000000000003,0.0,88.98072460792912,High Risk
2024-04-05,0.2037152777777778,30.8875,0.020833333333333332,0.0,52.583333333333336,77.91666666666667,26.40416666666667,0.020833333333333332,5.5,1007.0291666666667,1006.9291666666667,17.662499999999998,173.625,32.141666666666666,0.23375,0.0,89.04157257587916,High Risk
2024-04-06,0.2427083333333333,30.90833333333333,0.012500000000000002,0.0,24.0,76.95833333333333,26.245833333333334,0.012500000000000002,7.0,1007.4541666666668,1007.3541666666666,18.533333333333335,176.625,33.666666666666664,0.23875,0.0,89.25988653117592,High Risk
2024-04-07,0.23555555555555555,31.125,0.004166666666666667,0.0,20.833333333333332,72.5,25.395833333333332,0.004166666666666667,2.6666666666666665,1007.3541666666666,1007.2541666666666,18.0625,181.08333333333334,32.729166666666664,0.2579166666666667,0.0,89.21983962575194,High Risk
2024-04-08,0.2870138888888889,31.55,0.0,0.0,88.20833333333333,68.58333333333333,24.55,0.0,2.7916666666666665,1008.1291666666666,1008.0291666666667,16.825,181.41666666666666,30.816666666666666,0.27666666666666667,0.0,89.50794406186041,High Risk
2024-04-09,0.1923611111111111,31.525000000000002,0.0,0.0,63.708333333333336,72.33333333333333,25.629166666666666,0.0,1.9166666666666667,1008.375,1008.275,14.866666666666667,168.125,28.708333333333332,0.25875,0.0,88.97800297357993,High Risk
2024-04-10,0.39083333333333337,31.429166666666664,0.020833333333333332,0.0,53.083333333333336,72.08333333333333,25.508333333333336,0.020833333333333332,9.708333333333334,1009.8458333333333,1009.7458333333334,12.279166666666667,161.04166666666666,25.537499999999998,0.2325,0.0,90.08920739786872,High Risk
2024-04-11,0.4729861111111111,30.7375,0.06666666666666667,0.0,57.416666666666664,75.29166666666667,25.579166666666666,0.06666666666666667,10.041666666666666,1009.975,1009.875,10.479166666666666,202.5,22.291666666666668,0.22458333333333333,0.0,90.549163602884,High Risk
2024-04-12,0.33600694444444446,31.108333333333334,0.04583333333333334,0.0,30.541666666666668,72.875,25.47083333333333,0.04583333333333334,5.125,1009.2833333333333,1009.1833333333334,13.716666666666667,183.08333333333334,26.358333333333334,0.24291666666666667,0.0,89.78224592376935,High Risk
2024-04-13,0.3345486111111111,31.308333333333334,0.020833333333333332,0.0,51.416666666666664,72.16666666666667,25.479166666666668,0.020833333333333332,9.916666666666666,1008.8791666666666,1008.7791666666667,14.9375,184.125,28.691666666666666,0.25166666666666665,0.0,89.77408102072172,High Risk
2024-04-14,0.32503472222222224,31.233333333333334,0.004166666666666667,0.0,29.958333333333332,72.5,25.52916666666667,0.004166666666666667,2.9166666666666665,1009.5708333333333,1009.4708333333333,16.6875,182.29166666666666,30.995833333333334,0.2558333333333333,0.0,89.72081474845878,High Risk
2024-04-15,0.2870833333333333,31.28333333333333,0.004166666666666667,0.0,23.416666666666668,71.375,25.291666666666668,0.004166666666666667,2.7083333333333335,1009.775,1009.6750000000001,17.3625,177.79166666666666,31.78333333333333,0.2608333333333333,0.0,89.50833286676743,High Risk
2024-04-16,0.24402777777777782,31.233333333333334,0.0,0.0,22.166666666666668,69.91666666666667,24.795833333333334,0.0,0.5833333333333334,1008.775,1008.6750000000001,16.6875,182.29166666666666,30.820833333333336,0.2625,0.0,89.26727382440947,High Risk
2024-04-17,0.22729166666666664,31.5,0.008333333333333333,0.0,60.083333333333336,68.875,24.90833333333333,0.008333333333333333,3.9583333333333335,1007.9833333333332,1007.8833333333333,16.383333333333333,185.25,30.795833333333334,0.265,0.0,89.17357184181549,High Risk
2024-04-18,0.12590277777777778,31.825,0.0,0.0,51.75,69.79166666666667,25.395833333333332,0.0,1.6666666666666667,1006.625,1006.525,16.8125,182.25,31.558333333333334,0.2708333333333333,0.0,88.6059166775532,High Risk
2024-04-19,0.16510416666666666,31.95,0.020833333333333332,0.0,10.333333333333334,67.66666666666667,24.954166666666666,0.020833333333333332,2.4166666666666665,1005.4499999999999,1005.35,14.970833333333333,187.29166666666666,29.004166666666666,0.2733333333333334,0.0,88.82539704757106,High Risk
2024-04-20,0.15885416666666669,32.1875,0.0,0.0,68.5,67.04166666666667,24.829166666666666,0.0,2.1666666666666665,1005.1999999999999,1005.1,13.541666666666666,193.83333333333334,26.724999999999998,0.2758333333333333,0.0,88.79040460593845,High Risk
2024-04-21,0.13201388888888888,32.675000000000004,0.0,0.0,80.20833333333333,63.583333333333336,23.9375,0.0,2.5,1005.9958333333334,1005.8958333333334,12.520833333333334,209.66666666666666,25.066666666666666,0.28833333333333333,0.0,88.64013150937174,High Risk
2024-04-22,0.19291666666666665,32.1625,0.0,0.0,52.25,69.16666666666667,25.4375,0.0,1.625,1005.9583333333334,1005.8583333333332,17.633333333333333,176.79166666666666,32.3375,0.28250000000000003,0.0,88.98111341283615,High Risk
2024-04-23,0.2147916666666667,31.875,0.0,0.0,38.833333333333336,71.83333333333333,26.004166666666666,0.0,1.2083333333333333,1005.9083333333333,1005.8083333333334,17.879166666666666,181.20833333333334,32.8125,0.27166666666666667,0.0,89.10358695855028,High Risk
2024-04-24,0.16600694444444444,31.554166666666664,0.15416666666666667,0.0,81.70833333333333,73.79166666666667,26.224999999999998,0.15416666666666667,11.291666666666666,1006.0749999999999,1005.975,18.3,178.375,33.362500000000004,0.25416666666666665,0.0,88.83045151136243,High Risk
2024-04-25,0.20121527777777778,31.791666666666668,0.0,0.0,56.916666666666664,69.70833333333333,25.162499999999998,0.0,1.7916666666666667,1006.3916666666668,1006.2916666666666,15.820833333333333,178.625,29.55,0.2758333333333333,0.0,89.02757559922611,High Risk
2024-04-26,0.176875,31.770833333333332,0.0,0.0,38.958333333333336,71.95833333333333,25.891666666666666,0.0,1.0833333333333333,1005.9708333333333,1005.8708333333334,17.5125,177.91666666666666,32.387499999999996,0.27291666666666664,0.0,88.89129947931247,High Risk
2024-04-27,0.1395138888888889,32.28333333333333,0.0,0.0,33.666666666666664,73.16666666666667,26.670833333333334,0.0,1.0416666666666667,1005.5124999999999,1005.4125,17.125,178.5,32.079166666666666,0.26625,0.0,88.68212243933088,High Risk
2024-04-28,0.2004166666666667,32.275,0.0,0.0,6.583333333333333,73.16666666666667,26.59166666666667,0.0,0.08333333333333333,1006.4916666666667,1006.3916666666668,19.375,180.20833333333334,35.199999999999996,0.2783333333333334,0.0,89.02310434279529,High Risk
2024-04-29,0.171875,32.266666666666666,0.0,0.0,30.583333333333332,72.875,26.520833333333332,0.0,0.875,1007.0875,1006.9875000000001,18.679166666666667,182.66666666666666,34.34583333333333,0.275,0.0,88.86330552600637,High Risk
2024-04-30,0.1638888888888889,32.6875,0.0,0.0,55.833333333333336,68.45833333333333,25.604166666666668,0.0,1.7083333333333333,1004.9291666666667,1004.8291666666668,16.945833333333333,181.5,32.1,0.2975,0.0,88.81859296169804,High Risk
2024-05-01,0.16395833333333332,32.84583333333333,0.0,0.0,58.125,64.5,24.825,0.0,1.7916666666666667,1003.9875000000001,1003.8874999999999,16.0,179.125,30.3625,0.29916666666666664,0.19645833333333332,88.81898176660508,High Risk
2024-05-02,0.19763888888888892,32.395833333333336,0.0,0.0,72.08333333333333,70.0,25.9875,0.0,2.2916666666666665,1005.1083333333332,1005.0083333333333,17.504166666666666,177.45833333333334,32.574999999999996,0.285,25.887291666666666,89.00755214651413,High Risk
2024-05-03,0.10986111111111112,32.75416666666667,0.0,0.0,29.041666666666668,67.91666666666667,25.604166666666668,0.0,0.8333333333333334,1006.4375,1006.3375,16.037499999999998,180.45833333333334,30.458333333333332,0.28750000000000003,84.37604166666667,88.51610274402951,High Risk
2024-05-04,0.14645833333333333,32.675000000000004,0.004166666666666667,0.0,37.125,68.66666666666667,25.870833333333334,0.004166666666666667,3.125,1006.3333333333334,1006.2333333333332,15.15,181.95833333333334,29.979166666666668,0.26708333333333334,125.68916666666667,88.72100293003378,High Risk
2024-05-05,0.14847222222222223,33.17916666666667,0.016666666666666666,0.0,39.291666666666664,65.25,25.22083333333333,0.016666666666666666,3.25,1005.75,1005.65,13.570833333333333,184.20833333333334,26.75,0.28125,151.5510416666667,88.73227827233762,High Risk
2024-05-06,0.2626388888888889,32.50416666666667,0.1375,0.0,35.708333333333336,70.33333333333333,26.212500000000002,0.1375,7.666666666666667,1007.4499999999999,1007.35,17.033333333333335,173.16666666666666,31.962500000000002,0.27291666666666664,192.8585416666667,89.37147353949324,High Risk
2024-05-07,0.2788888888888889,29.099999999999998,0.4791666666666667,0.0,78.45833333333333,82.375,25.758333333333336,0.4791666666666667,17.458333333333332,1010.0124999999999,1009.9125,11.820833333333333,142.5,23.020833333333332,0.09666666666666666,188.79791666666665,89.46245388773801,High Risk
2024-05-08,0.17208333333333334,30.658333333333335,0.0,0.0,51.5,68.95833333333333,23.599999999999998,0.0,1.5416666666666667,1008.9541666666668,1008.8541666666666,7.2375,102.83333333333333,16.420833333333334,0.24958333333333335,169.33083333333335,88.86447194072747,High Risk
2024-05-09,0.3116319444444445,30.770833333333332,1.3625,0.0,92.625,74.66666666666667,25.570833333333336,1.3625,21.083333333333332,1008.3375,1008.2375000000001,7.925,191.25,18.845833333333335,0.21125000000000002,189.1604166666667,89.64577540140218,High Risk
2024-05-10,0.32645833333333335,30.287499999999998,0.012500000000000002,0.0,84.91666666666667,75.41666666666667,25.05,0.012500000000000002,6.5,1009.15,1009.0500000000001,8.625,214.20833333333334,19.395833333333332,0.22708333333333333,217.145625,89.72878524905286,High Risk
2024-05-11,0.15562499999999999,28.6875,0.5916666666666667,0.0,98.875,82.375,25.28333333333333,0.5916666666666667,16.166666666666668,1010.3125,1010.2125,4.991666666666666,168.0,13.783333333333333,0.13875,245.13312499999998,88.7723251777616,High Risk
2024-05-12,0.10319444444444448,30.920833333333334,0.020833333333333332,0.0,61.458333333333336,73.83333333333333,25.2625,0.020833333333333332,3.9583333333333335,1008.9541666666668,1008.8541666666666,5.883333333333333,246.66666666666666,14.308333333333332,0.23916666666666667,256.1897916666667,88.47877747295472,High Risk
2024-05-13,0.24711805555555555,29.604166666666668,0.9958333333333335,0.0,73.29166666666667,81.5,26.02916666666667,0.9958333333333335,15.708333333333334,1008.3708333333334,1008.2708333333334,9.433333333333334,199.79166666666666,20.5375,0.13,281.7452083333333,89.28457564277227,High Risk
2024-05-14,0.12319444444444444,29.883333333333336,0.0,0.0,78.25,76.79166666666667,25.008333333333336,0.0,2.3333333333333335,1008.4666666666667,1008.3666666666667,6.141666666666667,160.29166666666666,14.049999999999999,0.22416666666666665,345.818125,88.59075328617905,High Risk
2024-05-15,0.22583333333333333,31.058333333333334,0.04583333333333334,0.0,99.25,70.54166666666667,24.675,0.04583333333333334,9.083333333333334,1008.6166666666667,1008.5166666666668,6.9125000000000005,166.33333333333334,14.579166666666666,0.20958333333333334,428.7091666666667,89.16540693876789,High Risk
2024-05-16,0.17399305555555555,30.2375,0.18333333333333335,0.0,95.66666666666667,79.08333333333333,26.041666666666668,0.18333333333333335,17.375,1008.775,1008.6750000000001,7.941666666666666,149.5,18.120833333333334,0.20166666666666666,471.01979166666666,88.87516407567077,High Risk
2024-05-17,0.20576388888888889,29.954166666666666,0.1375,0.0,99.875,79.58333333333333,25.891666666666666,0.1375,23.5,1008.225,1008.125,9.9375,200.625,20.645833333333332,0.20916666666666664,484.4789583333333,89.05304232063651,High Risk
2024-05-18,0.12812500000000002,30.71666666666667,0.041666666666666664,0.0,99.125,76.08333333333333,25.933333333333334,0.041666666666666664,13.0,1006.375,1006.275,10.529166666666667,180.04166666666666,20.366666666666667,0.20375,487.1227083333333,88.61835843457813,High Risk
2024-05-19,0.2697916666666667,29.65416666666667,1.5250000000000001,0.0,99.91666666666667,81.08333333333333,25.933333333333334,1.5250000000000001,34.833333333333336,1005.3708333333334,1005.2708333333334,10.970833333333333,194.70833333333334,23.275000000000002,0.18125,467.681875,89.41152044491723,High Risk
2024-05-20,0.2345138888888889,29.84166666666667,0.2708333333333333,0.0,97.91666666666667,81.58333333333333,26.2,0.2708333333333333,23.833333333333332,1004.9791666666666,1004.8791666666666,6.8999999999999995,180.375,15.2875,0.20458333333333334,463.87437500000004,89.21400755214651,High Risk
2024-05-21,0.2959027777777778,28.979166666666668,1.8958333333333333,0.0,99.95833333333333,84.375,25.974999999999998,1.8958333333333333,39.25,1006.15,1006.0500000000001,7.166666666666667,208.875,17.004166666666666,0.14333333333333334,482.2347916666667,89.55771108996012,High Risk
2024-05-22,0.14399305555555555,28.27916666666667,0.2333333333333333,0.0,93.45833333333333,84.70833333333333,25.34166666666667,0.2333333333333333,31.125,1006.9291666666667,1006.8291666666668,8.445833333333333,136.125,17.229166666666668,0.16583333333333333,528.94,88.70720035583423,High Risk
2024-05-23,0.24562499999999998,28.191666666666666,0.5583333333333333,0.0,100.0,86.375,25.641666666666666,0.5583333333333333,50.583333333333336,1006.35,1006.25,12.049999999999999,159.79166666666666,22.912499999999998,0.11958333333333333,570.2458333333334,89.27621633727114,High Risk
2024-05-24,0.26791666666666664,28.429166666666664,0.3875,0.0,100.0,83.375,25.291666666666668,0.3875,36.166666666666664,1006.5958333333333,1006.4958333333334,12.854166666666666,170.875,23.974999999999998,0.13208333333333333,578.3745833333334,89.40102271242743,High Risk
2024-05-25,0.2745138888888889,29.47083333333333,0.1375,0.0,99.95833333333333,81.41666666666667,25.8875,0.1375,17.5,1007.1625,1007.0625,11.525,178.5,22.162499999999998,0.17875,608.0164583333334,89.4379591785952,High Risk
2024-05-26,0.23243055555555556,29.741666666666664,0.12916666666666668,0.0,97.875,78.66666666666667,25.545833333333334,0.12916666666666668,13.541666666666666,1008.0416666666666,1007.9416666666666,12.0875,178.375,23.1875,0.20208333333333336,648.045,89.20234340493563,High Risk
2024-05-27,0.14125,30.650000000000002,0.008333333333333333,0.0,94.70833333333333,75.5,25.633333333333336,0.008333333333333333,6.916666666666667,1006.7583333333333,1006.6583333333333,11.370833333333332,198.58333333333334,21.337500000000002,0.23625,675.348125,88.6918425620066,High Risk
2024-05-28,0.18125,30.462500000000002,0.012500000000000002,0.0,95.70833333333333,74.33333333333333,25.191666666666666,0.012500000000000002,8.958333333333334,1006.6666666666666,1006.5666666666666,9.512500000000001,227.70833333333334,18.349999999999998,0.225,721.9745833333333,88.9157941884553,High Risk
2024-05-29,0.0689236111111111,30.191666666666666,0.2833333333333334,0.0,96.79166666666667,75.375,25.229166666666668,0.2833333333333334,16.041666666666668,1006.3000000000001,1006.1999999999999,9.583333333333334,222.33333333333334,20.020833333333332,0.20666666666666667,772.8683333333333,88.28690225133593,High Risk
2024-05-30,0.13336805555555556,29.412499999999998,1.075,0.0,85.70833333333333,79.79166666666667,25.329166666666666,1.075,32.083333333333336,1006.1416666666668,1006.0416666666666,8.570833333333333,230.08333333333334,18.170833333333334,0.20458333333333334,787.3352083333333,88.6477132050588,High Risk
2024-05-31,0.09625,28.8625,0.5375,0.0,99.79166666666667,83.95833333333333,25.78333333333333,0.5375,41.083333333333336,1006.3000000000001,1006.1999999999999,8.375,214.83333333333334,18.01666666666667,0.16416666666666666,777.1145833333334,88.43989698225182,High Risk
2024-06-01,0.18729166666666666,28.454166666666666,0.46249999999999997,0.0,99.58333333333333,85.41666666666667,25.741666666666664,0.46249999999999997,44.583333333333336,1008.6333333333333,1008.5333333333333,12.995833333333332,199.08333333333334,24.7375,0.10291666666666667,777.8279166666666,88.9496202153668,High Risk
2024-06-02,0.09847222222222222,29.65416666666667,0.02916666666666667,0.0,98.95833333333333,75.41666666666667,24.599999999999998,0.02916666666666667,9.0,1010.0666666666666,1009.9666666666667,9.145833333333334,209.29166666666666,17.958333333333332,0.21708333333333332,758.0516666666666,88.45233873927675,High Risk
2024-06-03,0.13319444444444445,29.69583333333333,0.004166666666666667,0.0,98.16666666666667,72.41666666666667,24.0625,0.004166666666666667,5.0,1009.0833333333334,1008.9833333333332,9.983333333333333,247.375,19.412499999999998,0.18083333333333332,717.6735416666667,88.64674119279124,High Risk
2024-06-04,0.23777777777777778,29.383333333333336,0.19999999999999998,0.0,85.08333333333333,75.95833333333333,24.570833333333336,0.19999999999999998,35.416666666666664,1008.2291666666666,1008.1291666666666,8.529166666666667,240.08333333333334,17.608333333333334,0.19083333333333333,708.2847916666666,89.23228138277686,High Risk
2024-06-05,0.20631944444444442,29.912499999999998,0.1875,0.0,93.20833333333333,77.04166666666667,25.329166666666666,0.1875,13.541666666666666,1008.375,1008.275,11.754166666666668,215.20833333333334,23.47083333333333,0.2125,707.4175,89.05615275989275,High Risk
2024-06-06,0.07618055555555554,29.3125,0.19166666666666668,0.0,99.83333333333333,75.70833333333333,24.495833333333334,0.19166666666666668,17.5,1009.0041666666666,1008.9041666666667,11.775,222.16666666666666,22.625,0.21208333333333332,683.645625,88.32753236412046,High Risk
2024-06-07,0.05624999999999999,29.5125,0.13333333333333333,0.0,90.83333333333333,75.79166666666667,24.675,0.13333333333333333,13.375,1007.6875,1007.5875,10.058333333333334,231.29166666666666,20.508333333333333,0.18416666666666667,659.4164583333333,88.21594535580314,High Risk
2024-06-08,0.09166666666666667,29.579166666666666,0.0375,0.0,99.45833333333333,73.83333333333333,24.304166666666664,0.0375,17.0,1006.0833333333334,1005.9833333333332,12.316666666666668,237.91666666666666,24.287499999999998,0.20083333333333334,638.5547916666666,88.41423585838791,High Risk
2024-06-09,0.10243055555555554,28.920833333333334,0.30416666666666664,0.0,100.0,76.29166666666667,24.224999999999998,0.30416666666666664,22.0,1005.4833333333332,1005.3833333333333,12.270833333333334,223.54166666666666,25.1125,0.19041666666666668,623.6147916666666,88.4745006189774,High Risk
2024-06-10,0.11527777777777776,28.883333333333336,0.1625,0.0,100.0,76.29166666666667,24.2375,0.1625,25.25,1006.5541666666667,1006.4541666666668,15.804166666666667,223.08333333333334,29.099999999999998,0.16874999999999998,621.9304166666667,88.54642952677776,High Risk
2024-06-11,0.12791666666666668,28.820833333333336,0.32083333333333336,0.0,100.0,77.33333333333333,24.383333333333336,0.32083333333333336,21.833333333333332,1008.3958333333334,1008.2958333333332,15.741666666666667,208.25,29.391666666666666,0.18875,653.0733333333334,88.61719201985704,High Risk
2024-06-12,0.0661111111111111,29.120833333333334,0.06666666666666667,0.0,98.95833333333333,78.66666666666667,24.941666666666666,0.06666666666666667,19.083333333333332,1009.6791666666667,1009.5791666666668,11.3125,204.20833333333334,22.6125,0.20541666666666666,730.5570833333333,88.27115565260125,High Risk
2024-06-13,-0.024444444444444463,29.6375,0.029166666666666664,0.0,93.54166666666667,76.58333333333333,24.9875,0.029166666666666664,10.958333333333334,1008.6,1008.5,11.012500000000001,213.04166666666666,20.400000000000002,0.205,824.3970833333333,87.76415405383547,High Risk
2024-06-14,-0.04881944444444445,29.958333333333332,0.03333333333333333,0.0,93.45833333333333,77.0,25.358333333333334,0.03333333333333333,8.875,1006.6166666666667,1006.5166666666668,10.3375,217.70833333333334,20.641666666666666,0.2275,913.384375,87.62768353146832,High Risk
2024-06-15,0.10520982475764355,29.912499999999998,0.008333333333333333,0.0,75.0,74.375,24.704166666666666,0.008333333333333333,6.333333333333333,1005.8708333333334,1005.7708333333334,9.866666666666667,224.375,19.875,0.23625,966.9483333333333,88.49006116543107,High Risk
2024-06-16,0.2258125,30.170833333333334,0.14166666666666666,0.0,97.375,72.5,24.508333333333336,0.14166666666666666,7.833333333333333,1006.5083333333333,1006.4083333333333,11.104166666666666,231.875,22.15416666666667,0.24250000000000002,960.34125,89.16529029729577,High Risk
2024-06-17,0.13073611111111114,29.179166666666664,0.08750000000000001,0.0,92.375,79.45833333333333,25.108333333333334,0.08750000000000001,13.25,1007.2541666666666,1007.1541666666667,9.049999999999999,188.625,19.733333333333334,0.18583333333333332,923.696875,88.63297749908241,High Risk
2024-06-18,-0.027500000000000007,29.666666666666668,0.020833333333333332,0.0,95.95833333333333,74.66666666666667,24.579166666666666,0.020833333333333332,5.0,1006.5749999999999,1006.475,9.395833333333334,218.20833333333334,19.495833333333334,0.21875,885.069375,87.7470466379262,High Risk
2024-06-19,0.04784722222222223,29.570833333333336,0.23750000000000002,0.0,76.83333333333333,75.58333333333333,24.59166666666667,0.23750000000000002,14.958333333333334,1005.9083333333333,1005.8083333333334,10.845833333333333,219.16666666666666,22.208333333333332,0.23083333333333333,841.8195833333334,88.16889996205262,High Risk
2024-06-20,-0.11291666666666667,29.366666666666664,0.13749999999999998,0.0,66.79166666666667,75.04166666666667,24.258333333333336,0.13749999999999998,4.583333333333333,1005.6416666666668,1005.5416666666666,9.829166666666667,229.58333333333334,21.425,0.20541666666666666,791.1520833333334,87.26881660228057,High Risk
2024-06-21,-0.14104166666666668,29.02916666666667,0.3458333333333334,0.0,96.41666666666667,77.08333333333333,24.412499999999998,0.3458333333333334,14.291666666666666,1004.8583333333332,1004.7583333333333,10.679166666666667,245.25,22.575,0.1925,749.7027083333334,87.11135061493384,High Risk
2024-06-22,-0.0871527777777778,28.866666666666664,0.7625000000000001,0.0,100.0,75.08333333333333,23.90416666666667,0.7625000000000001,20.666666666666668,1004.2458333333334,1004.1458333333334,11.854166666666666,235.875,24.870833333333334,0.18000000000000002,728.6847916666667,87.41306322278831,High Risk
2024-06-23,-0.026944444444444455,28.6375,0.3416666666666666,0.0,100.0,75.25,23.770833333333332,0.3416666666666666,13.666666666666666,1005.0916666666667,1004.9916666666667,11.370833333333332,229.66666666666666,23.150000000000002,0.14291666666666666,721.844375,87.75015707718244,High Risk
2024-06-24,0.12388888888888888,28.462500000000002,0.21666666666666667,0.0,99.95833333333333,78.41666666666667,24.28333333333333,0.21666666666666667,25.75,1005.1750000000001,1005.0749999999999,13.316666666666668,212.91666666666666,25.47083333333333,0.1525,698.533125,88.59464133524936,High Risk
2024-06-25,0.14590277777777777,28.170833333333334,0.9833333333333334,0.0,100.0,80.70833333333333,24.458333333333332,0.9833333333333334,29.833333333333332,1005.0791666666668,1004.9791666666666,13.362499999999999,206.41666666666666,27.608333333333334,0.16375,695.8614583333334,88.71789249077754,High Risk
2024-06-26,0.18524305555555554,27.7625,0.6749999999999999,0.0,99.83333333333333,82.95833333333333,24.545833333333334,0.6749999999999999,35.833333333333336,1006.7041666666668,1006.6041666666666,12.679166666666667,188.0,25.3125,0.11708333333333333,737.1997916666668,88.93815047060946,High Risk
2024-06-27,0.06325000000000001,28.97083333333333,0.025000000000000005,0.0,91.91666666666667,75.91666666666667,24.183333333333334,0.025000000000000005,8.833333333333334,1008.4,1008.3000000000001,10.858333333333334,189.375,20.116666666666667,0.14791666666666667,822.138125,88.25513689043166,High Risk
2024-06-28,0.15225694444444446,29.320833333333336,0.10833333333333334,0.0,97.41666666666667,77.875,24.925,0.10833333333333334,13.208333333333334,1007.9,1007.8000000000001,8.3125,209.91666666666666,18.579166666666666,0.2020833333333333,989.6622916666666,88.75346813977069,High Risk
2024-06-29,0.3678819444444445,28.633333333333336,0.4458333333333333,0.0,99.54166666666667,81.375,25.045833333333334,0.4458333333333333,34.333333333333336,1008.2083333333334,1008.1083333333332,10.945833333333333,186.54166666666666,21.97083333333333,0.14416666666666667,1165.040625,89.96070737609566,High Risk
2024-06-30,0.20600694444444445,28.429166666666664,0.36666666666666664,0.0,99.91666666666667,81.5,24.787499999999998,0.36666666666666664,29.583333333333332,1009.3458333333333,1009.2458333333334,8.266666666666667,206.0,18.333333333333332,0.2025,1277.3589583333335,89.05440313781111,High Risk
2024-07-01,-0.044805555555555564,28.079166666666666,0.06666666666666667,0.0,100.0,79.91666666666667,24.233333333333334,0.06666666666666667,17.083333333333332,1008.3083333333334,1008.2083333333334,7.3,257.25,16.329166666666666,0.12333333333333334,1323.1010416666666,87.65015645509459,High Risk
2024-07-02,0.08437500000000002,28.641666666666666,0.5416666666666666,0.0,98.08333333333333,77.70833333333333,24.116666666666664,0.5416666666666666,28.583333333333332,1006.8375,1006.7375000000001,6.783333333333334,235.16666666666666,15.058333333333332,0.19499999999999998,1309.2291666666667,88.37341134314987,High Risk
2024-07-03,0.2374305555555555,29.183333333333334,0.08333333333333333,0.0,99.95833333333333,79.04166666666667,25.045833333333334,0.08333333333333333,17.166666666666668,1007.2833333333333,1007.1833333333334,9.370833333333334,175.375,18.1125,0.19166666666666665,1264.9208333333333,89.23033735824171,High Risk
2024-07-04,0.3739722222222222,27.358333333333334,0.5375,0.0,100.0,85.45833333333333,24.641666666666666,0.5375,32.583333333333336,1009.3541666666666,1009.2541666666666,8.975,182.0,17.883333333333333,0.12958333333333333,1233.8410416666668,89.99480556644208,High Risk
2024-07-05,0.10513888888888889,27.5625,0.6541666666666667,0.0,85.70833333333333,83.75,24.46666666666667,0.6541666666666667,32.5,1007.4958333333334,1007.3958333333334,8.7875,180.20833333333334,18.916666666666668,0.18333333333333335,1180.9,88.48966401035153,High Risk
2024-07-06,0.055347222222222235,27.995833333333334,0.225,0.0,89.91666666666667,80.83333333333333,24.245833333333334,0.225,15.333333333333334,1005.9041666666667,1005.8041666666667,8.329166666666667,251.875,16.575,0.18333333333333335,1104.6002083333335,88.21089089201176,High Risk
2024-07-07,0.13647222222222224,28.808333333333334,0.09999999999999999,0.0,92.79166666666667,77.125,24.15833333333333,0.09999999999999999,9.166666666666666,1006.0124999999999,1005.9125,8.341666666666667,207.29166666666666,16.904166666666665,0.22666666666666666,1101.0239583333334,88.66509278440302,High Risk
2024-07-08,0.1659027777777778,28.795833333333334,0.15,0.0,76.29166666666667,80.70833333333333,25.03333333333333,0.15,19.125,1006.5,1006.4,9.658333333333333,160.125,20.07916666666667,0.21208333333333332,1120.1414583333333,88.82986830400188,High Risk
2024-07-09,0.18256944444444445,28.1125,0.25833333333333336,0.0,100.0,80.5,24.270833333333332,0.25833333333333336,12.0,1007.85,1007.75,6.733333333333333,232.70833333333334,16.087500000000002,0.17916666666666667,1119.3885416666667,88.92318148168884,High Risk
2024-07-10,0.121,27.662499999999998,1.1166666666666667,0.0,98.5,85.5,24.974999999999998,1.1166666666666667,28.083333333333332,1008.85,1008.75,10.012500000000001,196.45833333333334,21.120833333333334,0.11125,1140.1322916666666,88.57846705111695,High Risk
2024-07-11,0.03354166666666668,27.3875,0.29583333333333334,0.0,99.95833333333333,85.08333333333333,24.558333333333334,0.29583333333333334,33.833333333333336,1007.8291666666668,1007.7291666666666,6.991666666666667,227.79166666666666,16.179166666666667,0.11791666666666667,1171.8754166666668,88.08880615120466,High Risk
2024-07-12,0.008305555555555552,27.712500000000002,0.32083333333333336,0.0,93.83333333333333,81.08333333333333,24.066666666666666,0.32083333333333336,27.583333333333332,1006.2375000000001,1006.1374999999999,9.595833333333333,229.41666666666666,20.058333333333334,0.14375000000000002,1189.05125,87.94751444799034,High Risk
2024-07-13,-0.04326388888888887,28.554166666666664,0.375,0.0,99.625,76.41666666666667,23.816666666666666,0.375,26.333333333333332,1004.7541666666666,1004.6541666666667,13.420833333333334,237.5,26.662499999999998,0.19416666666666668,1190.0264583333333,87.65878792403062,High Risk
2024-07-14,0.068125,28.329166666666666,0.39999999999999997,0.0,88.16666666666667,78.875,24.15416666666667,0.39999999999999997,23.541666666666668,1005.1833333333334,1005.0833333333334,10.225,233.54166666666666,21.400000000000002,0.18041666666666667,1182.6875,88.2824309949051,High Risk
2024-07-15,-0.020624999999999994,27.15416666666667,0.42916666666666664,0.0,99.375,86.58333333333333,24.666666666666668,0.42916666666666664,34.166666666666664,1005.9166666666666,1005.8166666666666,7.820833333333333,259.5416666666667,16.925,0.09000000000000001,1142.0452083333332,87.78553832372207,High Risk
2024-07-16,0.08097222222222221,26.945833333333336,0.6833333333333335,0.0,100.0,86.91666666666667,24.512500000000003,0.6833333333333335,43.416666666666664,1004.9458333333333,1004.8458333333333,10.158333333333333,247.66666666666666,20.866666666666667,0.08916666666666667,1076.5091666666665,88.35435990270545,High Risk
2024-07-17,0.12554166666666666,27.833333333333332,0.9333333333333332,0.0,99.29166666666667,81.29166666666667,24.21666666666667,0.9333333333333332,25.083333333333332,1004.4250000000001,1004.3249999999999,10.679166666666667,251.83333333333334,22.712500000000002,0.1729166666666667,1010.8849999999999,88.60389489203665,High Risk
2024-07-18,0.1328472222222222,27.695833333333336,0.25,0.0,97.375,84.29166666666667,24.745833333333334,0.25,33.75,1005.7083333333334,1005.6083333333332,9.9625,219.54166666666666,23.77916666666667,0.13875,970.15875,88.64479716825609,High Risk
2024-07-19,0.1979861111111111,27.879166666666666,0.3666666666666667,0.0,96.29166666666667,84.70833333333333,24.995833333333334,0.3666666666666667,38.166666666666664,1005.9499999999999,1005.85,11.075000000000001,197.25,23.683333333333334,0.13166666666666668,1033.9347916666668,89.00949617104928,High Risk
2024-07-20,0.1861111111111111,27.724999999999998,0.25,0.0,100.0,85.25,24.962500000000002,0.25,24.083333333333332,1007.1166666666667,1007.0166666666668,11.016666666666666,189.20833333333334,21.84583333333333,0.11208333333333333,1160.7839583333332,88.94301053194732,High Risk
2024-07-21,0.17479166666666665,27.962500000000002,0.5916666666666667,0.0,99.375,85.16666666666667,25.15416666666667,0.5916666666666667,29.0,1007.3791666666666,1007.2791666666667,9.004166666666666,205.875,18.441666666666666,0.1475,1225.7706249999999,88.87963533210159,High Risk
2024-07-22,0.1836805555555556,28.020833333333332,0.10833333333333334,0.0,92.29166666666667,83.375,24.829166666666666,0.10833333333333334,15.333333333333334,1007.6875,1007.5875,7.879166666666666,247.58333333333334,16.579166666666666,0.12916666666666668,1265.9635416666667,88.92940236020131,High Risk
2024-07-23,0.27020833333333333,28.016666666666666,0.3541666666666667,0.0,99.95833333333333,82.41666666666667,24.65833333333333,0.3541666666666667,20.333333333333332,1006.9833333333332,1006.8833333333333,10.608333333333333,214.125,21.883333333333336,0.15041666666666667,1316.3402083333333,89.41385327435938,High Risk
2024-07-24,0.1775972222222222,27.766666666666666,0.08333333333333333,0.0,99.375,83.08333333333333,24.608333333333334,0.08333333333333333,19.166666666666668,1004.5666666666666,1004.4666666666667,14.641666666666666,210.95833333333334,25.724999999999998,0.11416666666666668,1386.2597916666666,88.89534305034556,High Risk
2024-07-25,0.28256944444444443,27.491666666666664,0.23750000000000002,0.0,99.625,84.33333333333333,24.608333333333334,0.23750000000000002,33.416666666666664,1003.4708333333333,1003.3708333333334,12.1625,223.79166666666666,22.241666666666664,0.11499999999999999,1473.4875,89.48306054781055,High Risk
2024-07-26,0.3102777777777778,27.52916666666667,0.2708333333333333,0.0,99.5,86.16666666666667,24.9875,0.2708333333333333,31.833333333333332,1004.5875,1004.4875000000001,10.887500000000001,211.875,19.520833333333332,0.08833333333333333,1526.4233333333332,89.63819370571511,High Risk
2024-07-27,0.3500138888888889,27.791666666666668,0.6124999999999999,0.0,99.79166666666667,85.625,25.133333333333336,0.6124999999999999,29.166666666666668,1006.3000000000001,1006.1999999999999,12.075000000000001,203.125,23.895833333333332,0.13791666666666666,1559.3766666666668,89.86066787351709,High Risk
2024-07-28,0.3530277777777778,27.170833333333334,0.8666666666666667,0.0,100.0,86.95833333333333,24.7625,0.8666666666666667,39.166666666666664,1006.3708333333334,1006.2708333333334,11.420833333333334,206.95833333333334,22.566666666666666,0.08666666666666667,1676.45375,89.87754200648216,High Risk
2024-07-29,0.33888888888888885,27.354166666666668,1.5374999999999999,0.0,100.0,86.83333333333333,24.891666666666666,1.5374999999999999,45.083333333333336,1006.25,1006.15,12.745833333333332,212.83333333333334,26.233333333333334,0.13541666666666666,1876.994375,89.79838132741105,High Risk
2024-07-30,0.2550694444444444,27.804166666666664,0.12916666666666668,0.0,99.875,84.5,24.870833333333334,0.12916666666666668,35.0,1007.5541666666667,1007.4541666666668,10.8375,195.54166666666666,20.0125,0.13999999999999999,2086.4995833333337,89.32909380462708,High Risk
2024-07-31,0.3182638888888889,28.162499999999998,0.08750000000000001,0.0,100.0,82.875,24.925,0.08750000000000001,29.0,1008.7916666666666,1008.6916666666666,12.950000000000001,199.45833333333334,22.65833333333333,0.11666666666666665,2238.696875,89.68290627002345,High Risk
2024-08-01,0.2942361111111111,27.991666666666664,0.5041666666666667,0.0,100.0,83.41666666666667,24.849999999999998,0.5041666666666667,17.75,1009.5583333333334,1009.4583333333334,10.737499999999999,210.0,20.145833333333332,0.11375,2265.16375,89.54837977219142,High Risk
2024-08-02,0.23138888888888887,27.900000000000002,0.05000000000000001,0.0,96.25,84.45833333333333,24.941666666666666,0.05000000000000001,18.875,1008.9499999999999,1008.85,7.145833333333333,217.83333333333334,14.470833333333333,0.16375,2237.5102083333336,89.1965113313302,High Risk
2024-08-03,0.30583333333333335,27.729166666666668,0.24166666666666667,0.0,96.79166666666667,84.54166666666667,24.758333333333336,0.24166666666666667,25.958333333333332,1009.1708333333332,1009.0708333333333,6.75,207.875,15.4375,0.15791666666666668,2301.3575,89.61331019166525,High Risk
2024-08-04,0.28226388888888887,27.708333333333332,0.2625,0.0,91.95833333333333,84.08333333333333,24.65833333333333,0.2625,31.833333333333332,1009.2458333333334,1009.1458333333334,7.375,204.95833333333334,15.733333333333334,0.18166666666666667,2391.326875,89.48134980621963,High Risk
2024-08-05,0.18444444444444444,27.579166666666666,0.32916666666666666,0.0,91.875,84.08333333333333,24.541666666666668,0.32916666666666666,24.333333333333332,1008.3583333333332,1008.2583333333333,7.741666666666667,197.0,16.212500000000002,0.17708333333333334,2505.8631250000003,88.93367921417862,High Risk
2024-08-06,0.29006944444444444,27.833333333333332,0.20416666666666664,0.0,93.91666666666667,82.91666666666667,24.504166666666666,0.20416666666666664,19.5,1007.5208333333334,1007.4208333333332,7.9125000000000005,249.125,17.383333333333333,0.19541666666666668,2777.1752083333336,89.5250514777697,High Risk
2024-08-07,0.3504861111111111,27.45,0.19999999999999998,0.0,96.79166666666667,84.54166666666667,24.516666666666666,0.19999999999999998,19.708333333333332,1008.1625,1008.0625,5.983333333333333,224.33333333333334,14.745833333333332,0.18666666666666665,3048.112916666667,89.86331174688488,High Risk
2024-08-08,0.3091319444444445,28.354166666666668,0.004166666666666667,0.0,97.875,81.29166666666667,24.6875,0.004166666666666667,4.958333333333333,1009.025,1008.9250000000001,6.1875,235.79166666666666,12.612499999999999,0.1775,3121.954375,89.63177842474914,High Risk
2024-08-09,0.3909722222222222,29.604166666666668,0.016666666666666666,0.0,63.208333333333336,77.66666666666667,25.070833333333336,0.016666666666666666,8.041666666666666,1008.3041666666667,1008.2041666666668,8.420833333333333,227.91666666666666,16.391666666666666,0.21833333333333335,3060.1008333333334,90.08998500768277,High Risk
2024-08-10,0.3303611111111111,29.383333333333336,0.19999999999999998,0.0,65.20833333333333,77.58333333333333,24.912499999999998,0.19999999999999998,15.041666666666666,1006.9583333333334,1006.8583333333332,10.391666666666667,236.66666666666666,20.395833333333332,0.22124999999999997,2959.3866666666668,89.75063608482789,High Risk
2024-08-11,0.30368055555555556,29.516666666666666,0.24583333333333332,0.0,88.20833333333333,77.70833333333333,24.974999999999998,0.24583333333333332,11.375,1005.1666666666666,1005.0666666666666,12.479166666666666,246.79166666666666,24.0,0.22124999999999997,2862.36875,89.60125723954737,High Risk
2024-08-12,0.3363611111111111,28.7,0.25833333333333336,0.0,100.0,81.33333333333333,25.03333333333333,0.25833333333333336,10.0,1005.5041666666666,1005.4041666666667,7.670833333333333,215.41666666666666,17.6875,0.17166666666666666,2768.1583333333333,89.7842288287952,High Risk
2024-08-13,0.32381944444444444,28.675,0.03333333333333333,0.0,91.625,81.79166666666667,25.1125,0.03333333333333333,10.958333333333334,1006.8125,1006.7125,8.725,204.20833333333334,17.941666666666666,0.20625000000000002,2680.314375,89.71401066258578,High Risk
2024-08-14,0.30822222222222223,29.0,0.19166666666666668,0.0,93.95833333333333,80.16666666666667,25.020833333333332,0.19166666666666668,11.416666666666666,1007.0916666666667,1006.9916666666667,7.175,237.58333333333334,15.85,0.2091666666666667,2553.7327083333334,89.62668508046706,High Risk
2024-08-15,0.31106944444444445,29.483333333333334,0.0375,0.0,72.79166666666667,78.04166666666667,25.0625,0.0375,12.625,1006.3458333333333,1006.2458333333334,8.370833333333334,228.20833333333334,17.849999999999998,0.21791666666666668,2411.8572916666667,89.64262608165525,High Risk
2024-08-16,0.324375,29.462500000000002,0.1416666666666667,0.0,93.29166666666667,77.75,25.0,0.1416666666666667,9.416666666666666,1006.0458333333332,1005.9458333333333,8.295833333333333,239.04166666666666,18.683333333333334,0.21583333333333332,2318.2514583333336,89.717121101842,High Risk
2024-08-17,0.3277083333333333,28.983333333333334,0.020833333333333332,0.0,98.41666666666667,77.54166666666667,24.59583333333333,0.020833333333333332,11.0,1007.475,1007.375,9.291666666666666,228.70833333333334,18.620833333333334,0.18166666666666667,2264.346875,89.73578373737938,High Risk
2024-08-18,0.33545833333333336,29.3875,0.016666666666666666,0.0,96.29166666666667,77.20833333333333,24.833333333333332,0.016666666666666666,8.916666666666666,1008.0500000000001,1007.9499999999999,7.508333333333333,212.75,16.341666666666665,0.22291666666666665,2230.8191666666667,89.77917436500381,High Risk
2024-08-19,0.32434722222222223,29.3,0.0625,0.0,97.375,77.125,24.704166666666666,0.0625,13.125,1007.6208333333334,1007.5208333333334,7.708333333333333,227.16666666666666,17.620833333333334,0.22041666666666668,2202.3725,89.71696557987919,High Risk
2024-08-20,0.34144444444444444,28.708333333333332,0.26666666666666666,0.0,100.0,81.41666666666667,25.041666666666668,0.26666666666666666,15.916666666666666,1008.525,1008.4250000000001,6.558333333333334,228.375,14.674999999999999,0.17916666666666667,2184.5745833333335,89.81268934798972,High Risk
2024-08-21,0.25569444444444445,28.666666666666668,0.1875,0.0,100.0,80.33333333333333,24.75,0.1875,11.583333333333334,1009.0916666666667,1008.9916666666667,6.229166666666667,223.70833333333334,13.733333333333333,0.17875,2193.6629166666667,89.33259304879034,High Risk
2024-08-22,0.33,29.583333333333332,0.020833333333333332,0.0,93.58333333333333,75.16666666666667,24.520833333333332,0.020833333333333332,10.833333333333334,1008.875,1008.775,9.529166666666667,211.83333333333334,18.508333333333333,0.22666666666666668,2216.9870833333334,89.74861429931134,High Risk
2024-08-23,0.42868055555555556,29.820833333333336,0.004166666666666667,0.0,99.95833333333333,74.08333333333333,24.491666666666664,0.004166666666666667,5.0,1009.85,1009.75,7.4624999999999995,226.0,16.983333333333334,0.22375,2229.6939583333333,90.30110607219952,High Risk
2024-08-24,0.3216805555555555,28.925,0.44166666666666665,0.0,94.83333333333333,79.91666666666667,25.004166666666666,0.44166666666666665,30.375,1009.6041666666666,1009.5041666666666,7.283333333333334,211.75,16.829166666666666,0.18958333333333333,2325.076875,89.70203547144926,High Risk
2024-08-25,0.34166666666666673,28.1125,0.37083333333333335,0.0,99.75,81.41666666666667,24.445833333333336,0.37083333333333335,16.333333333333332,1008.7041666666668,1008.6041666666666,6.354166666666667,262.9583333333333,14.9625,0.17166666666666666,2438.880416666667,89.8139335236922,High Risk
2024-08-26,0.2692361111111111,28.791666666666668,0.15,0.0,93.25,76.45833333333333,23.891666666666666,0.15,23.25,1007.525,1007.4250000000001,7.666666666666667,243.41666666666666,15.945833333333333,0.2225,2473.021458333333,89.40841000566098,High Risk
2024-08-27,0.3573611111111111,28.254166666666666,0.004166666666666667,0.0,72.25,77.875,23.791666666666668,0.004166666666666667,4.208333333333333,1007.725,1007.625,8.220833333333333,234.0,18.379166666666666,0.21625000000000003,2493.365625,89.90180343268075,High Risk
2024-08-28,0.35625,27.5625,0.5083333333333333,0.0,96.75,84.125,24.53333333333333,0.5083333333333333,28.375,1007.3416666666667,1007.2416666666667,7.191666666666666,196.83333333333334,17.129166666666666,0.15541666666666668,2507.6539583333333,89.89558255416829,High Risk
2024-08-29,0.25631944444444443,27.6375,0.5,0.0,99.58333333333333,82.04166666666667,24.191666666666666,0.5,32.583333333333336,1007.5625,1007.4625,9.025,212.875,19.55,0.125,2525.041458333333,89.33609229295361,High Risk
2024-08-30,0.3727638888888889,28.47083333333333,0.11249999999999999,0.0,75.20833333333333,76.33333333333333,23.816666666666666,0.11249999999999999,18.875,1008.15,1008.0500000000001,9.8375,249.95833333333334,20.954166666666666,0.19499999999999998,2597.250625,89.9880403610598,High Risk
2024-08-31,0.3021388888888889,28.441666666666666,0.05833333333333334,0.0,81.29166666666667,75.16666666666667,23.495833333333334,0.05833333333333334,8.708333333333334,1008.0541666666667,1007.9541666666668,9.799999999999999,262.5,20.3375,0.1925,2744.697291666667,89.5926257706113,High Risk
2024-09-01,0.2683333333333333,28.045833333333334,0.7833333333333333,0.0,59.541666666666664,78.04166666666667,23.7,0.7833333333333333,21.291666666666668,1006.5958333333333,1006.4958333333334,10.141666666666667,276.125,20.808333333333334,0.19125,2808.6981250000003,89.40335554186962,High Risk
2024-09-02,0.4905972222222222,27.22083333333333,0.9500000000000001,0.0,97.45833333333333,86.29166666666667,24.604166666666668,0.9500000000000001,40.416666666666664,1006.3541666666666,1006.2541666666666,7.425,263.375,16.770833333333332,0.1525,2794.372708333333,90.64776452730655,High Risk
2024-09-03,0.524125,26.825,0.39166666666666666,0.0,99.875,87.83333333333333,24.579166666666666,0.39166666666666666,38.333333333333336,1007.4875000000001,1007.3874999999999,8.070833333333333,244.58333333333334,16.841666666666665,0.13958333333333334,2838.915625,90.83547953642014,High Risk
2024-09-04,0.3611388888888889,27.391666666666666,0.35833333333333334,0.0,99.75,85.25,24.59583333333333,0.35833333333333334,38.25,1006.475,1006.375,7.395833333333333,225.16666666666666,16.075,0.11333333333333334,2873.2279166666667,89.92295441962312,High Risk
2024-09-05,0.3509027777777778,28.233333333333334,0.4583333333333333,0.0,84.83333333333333,77.45833333333333,23.84166666666667,0.4583333333333333,19.875,1005.0458333333332,1004.9458333333333,10.191666666666666,255.54166666666666,20.55,0.20333333333333334,2854.0345833333336,89.86564457632707,High Risk
2024-09-06,0.35659722222222223,28.191666666666666,1.3541666666666667,0.0,94.79166666666667,78.45833333333333,23.9875,1.3541666666666667,20.083333333333332,1005.0416666666666,1004.9416666666666,10.016666666666667,259.9583333333333,22.604166666666668,0.16749999999999998,2843.197083333333,89.89752657870345,High Risk
2024-09-07,0.46729166666666666,28.97083333333333,0.09166666666666667,0.0,89.95833333333333,74.125,23.8125,0.09166666666666667,17.0,1006.3625000000001,1006.2624999999999,12.745833333333332,241.83333333333334,24.395833333333332,0.20333333333333334,2782.538958333333,90.51728160050763,High Risk
2024-09-08,0.4666666666666666,29.041666666666668,0.07083333333333333,0.0,100.0,75.16666666666667,24.09583333333333,0.07083333333333333,21.0,1007.4541666666668,1007.3541666666666,12.308333333333332,228.79166666666666,23.108333333333334,0.17416666666666666,2653.601875,90.51378235634434,High Risk
2024-09-09,0.3669027777777778,28.275000000000002,0.3041666666666667,0.0,100.0,79.58333333333333,24.358333333333334,0.3041666666666667,23.916666666666668,1006.8416666666667,1006.7416666666667,11.237499999999999,215.875,22.712500000000002,0.14375000000000002,2529.0627083333334,89.95522522690653,High Risk
2024-09-10,0.4463333333333333,28.179166666666664,0.2416666666666667,0.0,99.08333333333333,79.91666666666667,24.295833333333334,0.2416666666666667,17.916666666666668,1006.2708333333334,1006.1708333333332,10.0875,223.54166666666666,21.616666666666664,0.1708333333333333,2421.9710416666667,90.39994027956627,High Risk
2024-09-11,0.3708611111111111,27.9375,0.2916666666666667,0.0,99.79166666666667,83.5,24.829166666666666,0.2916666666666667,21.833333333333332,1007.7083333333334,1007.6083333333332,8.35,238.08333333333334,16.825,0.13041666666666665,2391.8808333333336,89.97738710660718,High Risk
2024-09-12,0.35709722222222223,27.875,0.3833333333333333,0.0,81.75,84.54166666666667,24.891666666666666,0.3833333333333333,24.0,1008.1291666666666,1008.0291666666667,7.058333333333334,258.0416666666667,15.725,0.18416666666666667,2427.4860416666666,89.90032597403405,High Risk
2024-09-13,0.3384027777777778,28.041666666666668,0.2041666666666667,0.0,96.125,83.625,24.8625,0.2041666666666667,25.666666666666668,1006.7083333333334,1006.6083333333332,7.6625000000000005,253.20833333333334,15.174999999999999,0.15,2500.6635416666663,89.79565969306184,High Risk
2024-09-14,0.26340277777777776,27.7625,0.7625000000000001,0.0,96.25,83.75,24.633333333333336,0.7625000000000001,22.291666666666668,1005.375,1005.275,9.516666666666667,250.45833333333334,20.095833333333335,0.15625,2565.8641666666667,89.37575039347055,High Risk
2024-09-15,0.24493055555555557,27.47083333333333,0.8624999999999999,0.0,99.75,84.20833333333333,24.458333333333332,0.8624999999999999,35.416666666666664,1004.9083333333333,1004.8083333333334,10.470833333333333,254.79166666666666,20.8125,0.15625,2627.6960416666666,89.27232828820085,High Risk
2024-09-16,0.17722222222222225,28.287499999999998,0.5333333333333333,0.0,81.625,78.20833333333333,23.962500000000002,0.5333333333333333,11.958333333333334,1004.5833333333334,1004.4833333333332,11.987499999999999,264.0,24.316666666666666,0.2091666666666667,2729.416875,88.89324350384761,High Risk
2024-09-17,0.17270833333333332,28.47083333333333,0.2875,0.0,99.58333333333333,78.54166666666667,24.28333333333333,0.2875,19.833333333333332,1003.6458333333334,1003.5458333333332,12.741666666666667,294.75,24.47083333333333,0.19833333333333333,2794.372708333333,88.86797118489072,High Risk
2024-09-18,0.21116666666666664,27.22083333333333,0.46249999999999997,0.0,99.95833333333333,84.375,24.304166666666664,0.46249999999999997,38.583333333333336,1003.0166666666668,1002.9166666666666,10.141666666666667,267.2083333333333,20.675,0.13916666666666666,2761.788958333333,89.08329134240337,High Risk
2024-09-19,0.3042361111111111,27.3625,0.16666666666666666,0.0,95.83333333333333,85.04166666666667,24.4875,0.16666666666666666,15.416666666666666,1002.8625000000001,1002.7624999999999,6.608333333333333,260.7083333333333,14.833333333333334,0.1575,2671.25125,89.6043676788036,High Risk
2024-09-20,0.4748611111111111,27.079166666666666,0.49583333333333335,0.0,99.91666666666667,86.79166666666667,24.570833333333336,0.49583333333333335,16.583333333333332,1002.8625000000001,1002.7624999999999,7.104166666666667,227.83333333333334,16.1125,0.13791666666666666,2586.1372916666664,90.55966133537376,High Risk
2024-09-21,0.535625,27.400000000000002,0.725,0.0,92.79166666666667,87.5,25.05,0.725,26.625,1003.8583333333332,1003.7583333333333,7.708333333333333,207.83333333333334,18.145833333333332,0.15375,2571.3839583333333,90.89986562902412,High Risk
2024-09-22,0.5777083333333334,27.625,0.5666666666666667,0.0,98.5,85.58333333333333,24.900000000000002,0.5666666666666667,36.5,1005.3125,1005.2125,10.779166666666667,211.66666666666666,20.779166666666665,0.125,2634.0672916666667,91.13548140268368,High Risk
2024-09-23,0.6205555555555555,28.245833333333334,0.09583333333333333,0.0,95.33333333333333,81.91666666666667,24.724999999999998,0.09583333333333333,21.041666666666668,1008.0791666666668,1007.9791666666666,8.766666666666667,200.58333333333334,17.6125,0.18333333333333335,2744.781041666667,91.37537403032056,High Risk
2024-09-24,0.5909722222222222,27.358333333333334,0.2041666666666667,0.0,99.875,84.625,24.504166666666666,0.2041666666666667,29.5,1009.6166666666667,1009.5166666666668,6.095833333333334,178.16666666666666,13.116666666666667,0.08083333333333333,2868.2268750000003,91.20974313992622,High Risk
2024-09-25,0.5063194444444444,27.358333333333334,0.24166666666666667,0.0,96.45833333333333,87.125,24.90416666666667,0.24166666666666667,31.916666666666668,1010.4083333333333,1010.3083333333334,4.441666666666666,84.95833333333333,11.079166666666666,0.1575,2995.8566666666666,90.7357899582579,High Risk
2024-09-26,0.4985972222222222,27.583333333333332,0.29583333333333334,0.0,95.0,83.58333333333333,24.416666666666668,0.29583333333333334,19.916666666666668,1010.1875,1010.0875,5.070833333333334,91.625,13.179166666666667,0.18041666666666667,3155.382708333333,90.69255485259629,High Risk
2024-09-27,0.4728472222222222,27.599999999999998,0.1875,0.0,79.75,86.16666666666667,24.9875,0.1875,17.375,1009.8958333333334,1009.7958333333332,5.358333333333333,237.125,14.758333333333333,0.17416666666666666,3357.347916666667,90.54838599306993,High Risk
2024-09-28,0.5628333333333333,28.516666666666666,0.05833333333333333,0.0,76.95833333333333,82.625,25.133333333333336,0.05833333333333333,12.583333333333334,1009.3125,1009.2125,7.55,204.08333333333334,15.308333333333332,0.19166666666666665,3597.709375,91.05219939159808,High Risk
2024-09-29,0.5391666666666667,29.304166666666664,0.07916666666666666,0.0,91.875,78.91666666666667,25.204166666666666,0.07916666666666666,17.041666666666668,1008.5208333333334,1008.4208333333332,8.700000000000001,192.20833333333334,16.9375,0.18916666666666668,3743.2772916666668,90.9196946792826,High Risk
2024-09-30,0.5250833333333333,28.829166666666666,0.9208333333333334,0.0,98.125,80.58333333333333,24.9875,0.9208333333333334,16.75,1007.3000000000001,1007.1999999999999,8.433333333333334,248.375,18.058333333333334,0.19041666666666668,3709.2802083333336,90.84084504413713,High Risk
2024-10-01,0.5722916666666666,27.816666666666666,0.3458333333333334,0.0,99.45833333333333,84.66666666666667,24.829166666666666,0.3458333333333334,32.333333333333336,1006.6374999999999,1006.5375,6.5249999999999995,153.625,15.637500000000001,0.16916666666666666,3571.210416666667,91.10515461993542,High Risk
2024-10-02,0.632361111111111,27.945833333333336,0.125,0.0,96.75,84.08333333333333,24.866666666666664,0.125,29.0,1008.4375,1008.3375,9.0,139.45833333333334,17.816666666666666,0.15541666666666668,3464.060208333333,91.44147086451548,High Risk
2024-10-03,0.7235,26.608333333333334,1.1083333333333334,0.0,99.79166666666667,87.95833333333333,24.366666666666664,1.1083333333333334,46.166666666666664,1010.0500000000001,1009.9499999999999,8.954166666666667,142.54166666666666,18.983333333333334,0.09625,3464.9366666666665,91.9517384245003,High Risk
2024-10-04,0.7610416666666667,26.712500000000002,1.4458333333333335,0.0,95.20833333333333,86.54166666666667,24.170833333333334,1.4458333333333335,40.708333333333336,1010.7958333333332,1010.6958333333333,8.191666666666666,65.08333333333333,18.895833333333332,0.14833333333333334,3672.9154166666667,92.16192635724016,High Risk
2024-10-05,0.8290416666666666,28.016666666666666,0.012500000000000002,0.0,80.08333333333333,79.79166666666667,23.895833333333332,0.012500000000000002,6.5,1010.0,1009.9,6.983333333333333,106.0,14.029166666666667,0.19083333333333333,4151.989375,92.54264412220292,High Risk
2024-10-06,0.8490277777777778,28.349999999999998,0.0,0.0,90.70833333333333,74.83333333333333,23.079166666666666,0.0,2.7916666666666665,1010.6625,1010.5625,8.120833333333334,131.66666666666666,16.42083333333333,0.21041666666666667,4661.53875,92.65454217444587,High Risk
2024-10-07,0.7804861111111111,28.5625,0.016666666666666666,0.0,70.66666666666667,74.875,23.45,0.016666666666666666,8.083333333333334,1011.3458333333333,1011.2458333333334,7.0125,120.45833333333333,14.470833333333333,0.19499999999999998,5093.822291666666,92.27079173120826,High Risk
2024-10-08,0.8766666666666666,28.224999999999998,0.1416666666666667,0.0,76.125,78.20833333333333,23.900000000000002,0.1416666666666667,12.75,1010.8208333333333,1010.7208333333333,7.070833333333333,183.54166666666666,15.708333333333334,0.18666666666666665,5130.045208333334,92.80928652744339,High Risk
2024-10-09,0.7404583333333333,27.229166666666668,0.48333333333333334,0.0,98.625,85.79166666666667,24.508333333333336,0.48333333333333334,22.166666666666668,1009.9916666666667,1009.8916666666668,5.720833333333334,145.54166666666666,15.145833333333334,0.155,4685.3672916666665,92.04668458279677,High Risk
2024-10-10,0.7248749999999999,27.170833333333334,0.8166666666666665,0.0,89.91666666666667,85.08333333333333,24.212500000000002,0.8166666666666665,19.875,1009.3666666666667,1009.2666666666668,7.7250000000000005,177.41666666666666,17.462500000000002,0.17,4326.84625,91.95943676165948,High Risk
2024-10-11,0.7735555555555554,27.833333333333332,0.0,0.0,73.54166666666667,81.83333333333333,24.133333333333336,0.0,2.2916666666666665,1009.3208333333333,1009.2208333333333,5.970833333333334,168.45833333333334,13.308333333333332,0.18666666666666668,4065.9791666666665,92.2319890014868,High Risk
2024-10-12,0.634375,27.979166666666668,0.2583333333333333,0.0,92.08333333333333,81.29166666666667,24.22083333333333,0.2583333333333333,9.291666666666666,1009.8583333333332,1009.7583333333333,8.095833333333333,177.125,17.537499999999998,0.1775,3837.2291666666665,91.45274620681931,High Risk
2024-10-13,0.6274722222222222,27.641666666666666,0.1875,0.0,90.5,84.875,24.72083333333333,0.1875,15.291666666666666,1009.9958333333334,1009.8958333333334,6.304166666666667,195.79166666666666,15.3375,0.16375,3651.0047916666667,91.41409899906064,High Risk
2024-10-14,0.6502777777777778,27.870833333333334,0.2541666666666667,0.0,77.04166666666667,84.625,24.875,0.2541666666666667,15.458333333333334,1009.4333333333334,1009.3333333333334,5.183333333333334,189.41666666666666,13.283333333333333,0.18458333333333332,3513.14,91.54178253052895,High Risk
2024-10-15,0.5699861111111111,28.641666666666666,0.0,0.0,54.75,78.95833333333333,24.3625,0.0,1.7083333333333333,1009.4458333333333,1009.3458333333333,5.0249999999999995,212.04166666666666,11.920833333333334,0.1925,3398.431875,91.09224629702204,High Risk
2024-10-16,0.5604166666666667,28.133333333333336,0.11666666666666668,0.0,92.54166666666667,82.95833333333333,24.829166666666666,0.11666666666666668,13.333333333333334,1009.8833333333333,1009.7833333333333,5.220833333333333,150.70833333333334,13.575000000000001,0.16874999999999998,3296.896041666667,91.03866898083346,High Risk
2024-10-17,0.5976666666666667,28.420833333333334,0.02916666666666667,0.0,54.791666666666664,79.375,24.304166666666664,0.02916666666666667,9.791666666666666,1009.6,1009.5,5.0,129.29166666666666,11.8375,0.18375,3221.8302083333333,91.24722393296379,High Risk
2024-10-18,0.7322222222222222,26.7375,0.4666666666666666,0.0,99.58333333333333,87.45833333333333,24.40416666666667,0.4666666666666666,34.25,1009.5958333333333,1009.4958333333334,5.9624999999999995,160.25,15.512500000000001,0.13833333333333334,3141.6179166666666,92.00057232082315,High Risk
2024-10-19,0.6111805555555555,26.212500000000002,1.5291666666666668,0.0,99.875,89.20833333333333,24.21666666666667,1.5291666666666668,38.833333333333336,1009.875,1009.775,6.983333333333333,121.54166666666667,17.329166666666666,0.12625,2913.867083333333,91.32288536787165,High Risk
2024-10-20,0.7603472222222223,26.287499999999998,0.7041666666666666,0.0,98.29166666666667,88.33333333333333,24.104166666666668,0.7041666666666666,40.166666666666664,1011.0583333333334,1010.9583333333334,11.416666666666666,112.41666666666667,22.920833333333334,0.13708333333333333,2761.18125,92.15803830816988,High Risk
2024-10-21,0.6908333333333333,27.7,0.05833333333333333,0.0,85.5,83.33333333333333,24.458333333333332,0.05833333333333333,10.791666666666666,1010.7916666666666,1010.6916666666666,5.2625,140.75,12.75,0.17666666666666667,2982.283541666667,91.76884459623388,High Risk
2024-10-22,0.6326388888888889,27.483333333333334,0.11666666666666668,0.0,60.875,82.91666666666667,24.1375,0.11666666666666668,14.416666666666666,1010.3416666666667,1010.2416666666667,8.033333333333333,230.58333333333334,17.770833333333332,0.18166666666666667,3196.8025,91.44302608414358,High Risk
2024-10-23,0.569861111111111,26.641666666666666,0.2833333333333333,0.0,63.75,85.58333333333333,23.933333333333334,0.2833333333333333,18.958333333333332,1010.7708333333334,1010.6708333333332,6.445833333333333,293.875,17.525000000000002,0.15916666666666665,3270.830625,91.09154644818942,High Risk
2024-10-24,0.6645833333333333,27.979166666666668,0.0,0.0,30.5,77.08333333333333,23.129166666666666,0.0,0.875,1010.0875,1009.9875000000001,6.566666666666666,170.16666666666666,13.920833333333334,0.19499999999999998,3381.429583333333,91.62187634137692,High Risk
2024-10-25,0.6458333333333334,28.133333333333336,0.008333333333333333,0.0,92.66666666666667,78.70833333333333,23.916666666666668,0.008333333333333333,6.916666666666667,1008.8208333333333,1008.7208333333333,8.145833333333334,307.25,16.004166666666666,0.18041666666666667,3284.226666666667,91.51689901647909,High Risk
2024-10-26,0.33555555555555555,29.075,0.008333333333333333,0.0,66.5,75.45833333333333,24.083333333333332,0.008333333333333333,4.0,1006.6,1006.5,9.958333333333334,290.0833333333333,18.304166666666667,0.20125,3030.0797916666666,89.77971869187365,High Risk
2024-10-27,0.3595833333333333,28.925,0.2875,0.0,92.66666666666667,77.95833333333333,24.575,0.2875,15.541666666666666,1004.9333333333334,1004.8333333333334,10.558333333333334,255.625,20.358333333333334,0.18208333333333335,2883.457291666667,89.91424518970568,High Risk
2024-10-28,0.5163888888888889,27.125,0.7124999999999999,0.0,82.33333333333333,85.08333333333333,24.325,0.7124999999999999,30.625,1006.0,1005.9,7.241666666666667,159.91666666666666,18.904166666666665,0.13375,2777.2002083333336,90.7921666697771,High Risk
2024-10-29,0.5180138888888889,27.2625,0.25833333333333336,0.0,60.25,82.08333333333333,23.679166666666664,0.25833333333333336,18.708333333333332,1007.8166666666666,1007.7166666666667,4.929166666666666,232.625,13.362499999999999,0.17625000000000002,2716.5972916666665,90.80126470460156,High Risk
2024-10-30,0.6104166666666667,26.7625,0.09583333333333333,0.0,57.416666666666664,85.16666666666667,23.954166666666666,0.09583333333333333,20.416666666666668,1009.7416666666667,1009.6416666666668,5.5125,206.875,14.1625,0.16291666666666668,2615.5935416666666,91.31860851389432,High Risk
2024-10-31,0.49501388888888886,27.72083333333333,0.0625,0.0,88.125,81.08333333333333,23.9375,0.0625,11.0,1009.525,1009.4250000000001,5.291666666666667,261.5416666666667,12.987499999999999,0.18125,2501.024375,90.67249251939357,High Risk
2024-11-01,0.5046527777777777,27.795833333333334,0.5125,0.0,76.16666666666667,81.66666666666667,24.162499999999998,0.5125,15.541666666666666,1009.5500000000001,1009.4499999999999,5.325,235.95833333333334,12.345833333333333,0.17833333333333334,2430.195,90.7264586404892,High Risk
2024-11-02,0.520625,27.858333333333334,0.016666666666666666,0.0,90.79166666666667,73.29166666666667,22.083333333333332,0.016666666666666666,6.791666666666667,1010.4791666666666,1010.3791666666666,10.5625,99.54166666666667,19.729166666666668,0.20875,2363.6370833333335,90.81588376910587,High Risk
2024-11-03,0.6634722222222222,27.4375,0.0,0.0,70.04166666666667,68.45833333333333,20.95,0.0,2.1666666666666665,1011.0708333333333,1010.9708333333333,8.591666666666667,40.0,16.45,0.19499999999999998,2301.985,91.61565546286445,High Risk
2024-11-04,0.7688194444444444,27.570833333333336,0.041666666666666664,0.0,73.95833333333333,72.41666666666667,21.995833333333334,0.041666666666666664,10.416666666666666,1010.7624999999999,1010.6625,9.754166666666666,59.375,18.204166666666666,0.18999999999999997,2231.9402083333334,92.2054725068274,High Risk
2024-11-05,0.6062638888888889,26.320833333333336,0.03333333333333333,0.0,95.58333333333333,81.16666666666667,22.662499999999998,0.03333333333333333,10.916666666666666,1011.5958333333333,1011.4958333333334,10.933333333333332,102.45833333333333,21.7,0.12791666666666665,2160.822291666667,91.295357980454,High Risk
2024-11-06,0.6779444444444445,26.7375,0.05000000000000001,0.0,88.5,78.625,22.59166666666667,0.05000000000000001,16.791666666666668,1012.3166666666666,1012.2166666666667,10.049999999999999,169.75,20.116666666666667,0.12916666666666668,2101.6339583333333,91.6966824054893,High Risk
2024-11-07,0.7131944444444445,27.329166666666666,0.07083333333333333,0.0,70.54166666666667,77.25,22.820833333333336,0.07083333333333333,12.583333333333334,1012.0458333333332,1011.9458333333333,8.6875,152.16666666666666,18.945833333333333,0.15958333333333333,2058.0160416666663,91.8940397762972,High Risk
2024-11-08,0.7224305555555556,27.445833333333336,0.0375,0.0,72.08333333333333,75.375,22.40416666666667,0.0375,12.458333333333334,1011.6791666666667,1011.5791666666668,8.475,103.875,16.912499999999998,0.17541666666666667,1994.5579166666666,91.94575082893205,High Risk
2024-11-09,0.6237638888888889,27.53333333333333,0.0,0.0,59.25,72.5,21.8625,0.0,1.6666666666666667,1011.3666666666667,1011.2666666666668,7.879166666666666,170.08333333333334,15.716666666666667,0.18625,1912.7158333333334,91.39333681702529,High Risk
2024-11-10,0.6181805555555556,27.516666666666666,0.0,0.0,31.958333333333332,66.58333333333333,20.379166666666666,0.0,0.9583333333333334,1011.3958333333334,1011.2958333333332,7.579166666666667,187.25,15.620833333333332,0.19999999999999998,1853.7770833333334,91.36207690250015,High Risk
2024-11-11,0.5229166666666667,27.679166666666664,0.0,0.0,45.125,66.625,20.479166666666668,0.0,1.2916666666666667,1010.6041666666666,1010.5041666666666,7.091666666666666,194.0,14.145833333333334,0.19999999999999998,1805.1925,90.82871433103783,High Risk
2024-11-12,0.5090972222222222,28.412499999999998,0.0,0.0,70.66666666666667,67.20833333333333,21.433333333333334,0.0,2.25,1009.5875,1009.4875000000001,8.020833333333334,158.08333333333334,15.991666666666667,0.1925,1756.195,90.75134215453906,High Risk
2024-11-13,0.43612500000000004,29.52916666666667,0.0,0.0,37.833333333333336,67.45833333333333,22.554166666666664,0.0,1.0416666666666667,1008.4375,1008.3375,5.425,236.66666666666666,14.266666666666666,0.18333333333333332,1702.5233333333333,90.34278595823302,High Risk
2024-11-14,0.5469444444444445,29.2625,0.46249999999999997,0.0,64.33333333333333,73.95833333333333,23.983333333333334,0.46249999999999997,27.916666666666668,1008.8125,1008.7125,3.8333333333333335,123.625,13.016666666666666,0.1625,1648.4818750000002,90.96324082886986,High Risk
2024-11-15,0.6652083333333333,27.879166666666666,0.19583333333333333,0.0,99.66666666666667,85.08333333333333,24.995833333333334,0.19583333333333333,21.75,1009.15,1009.0500000000001,3.4958333333333336,222.45833333333334,11.674999999999999,0.13958333333333334,1597.8914583333333,91.62537558554018,High Risk
2024-11-16,0.6088888888888889,28.925,0.03333333333333333,0.0,43.416666666666664,81.375,25.191666666666666,0.03333333333333333,7.333333333333333,1008.6166666666667,1008.5166666666668,2.9583333333333335,210.04166666666666,9.845833333333333,0.1679166666666667,1555.8114583333333,91.31005480593969,High Risk
2024-11-17,0.654375,28.0625,0.9041666666666667,0.0,59.375,81.375,24.383333333333336,0.9041666666666667,27.125,1009.1708333333332,1009.0708333333333,4.541666666666667,104.41666666666667,15.200000000000001,0.15583333333333335,1518.7212500000003,91.56472202004367,High Risk
2024-11-18,0.6992222222222222,27.795833333333334,0.016666666666666666,0.0,34.041666666666664,75.45833333333333,22.541666666666668,0.016666666666666666,7.0,1010.1374999999999,1010.0375,6.954166666666667,169.25,17.054166666666667,0.18291666666666664,1502.0058333333334,91.81581222900297,High Risk
2024-11-19,0.7065694444444444,28.15833333333333,0.0,0.0,26.708333333333332,71.25,22.141666666666666,0.0,0.6666666666666666,1010.8166666666666,1010.7166666666667,5.3500000000000005,126.45833333333333,13.679166666666667,0.1758333333333333,1495.7056249999998,91.85694778816664,High Risk
2024-11-20,0.5172222222222222,28.170833333333334,0.0,0.0,73.91666666666667,71.625,22.258333333333336,0.0,2.2916666666666665,1010.4625,1010.3625000000001,5.7749999999999995,134.08333333333334,14.825000000000001,0.17666666666666667,1476.789375,90.79683232866145,High Risk
2024-11-21,0.5444861111111111,28.420833333333334,0.0,0.0,40.125,68.58333333333333,21.837500000000002,0.0,1.25,1010.2083333333334,1010.1083333333332,5.3500000000000005,131.04166666666666,13.887500000000001,0.17958333333333332,1458.2700000000002,90.94947713516103,High Risk
2024-11-22,0.6481944444444444,28.28333333333333,0.004166666666666667,0.0,66.20833333333333,69.33333333333333,21.879166666666666,0.004166666666666667,4.0,1010.2583333333333,1010.1583333333333,5.216666666666667,51.416666666666664,13.345833333333333,0.1775,1428.8525,91.5301183833181,High Risk
2024-11-23,0.5469444444444445,28.308333333333334,0.0,0.0,72.45833333333333,70.08333333333333,22.133333333333336,0.0,2.2916666666666665,1010.8416666666667,1010.7416666666667,5.883333333333333,69.33333333333333,15.100000000000001,0.17125,1385.3618749999998,90.96324082886986,High Risk
2024-11-24,0.5355694444444444,28.295833333333334,0.012500000000000002,0.0,86.79166666666667,70.70833333333333,22.291666666666668,0.012500000000000002,6.625,1010.7416666666667,1010.6416666666668,6.195833333333333,56.333333333333336,15.558333333333332,0.17458333333333334,1341.20625,90.8995545850985,High Risk
2024-11-25,0.486875,28.541666666666668,0.008333333333333333,0.0,84.5,73.29166666666667,23.05,0.008333333333333333,6.708333333333333,1010.0583333333334,1009.9583333333334,5.825,73.58333333333333,14.845833333333333,0.17166666666666666,1301.626875,90.6269245842898,High Risk
2024-11-26,0.5042361111111111,28.766666666666666,0.0,0.0,71.33333333333333,72.25,23.02916666666667,0.0,2.2083333333333335,1009.9083333333333,1009.8083333333334,6.666666666666667,79.375,16.629166666666666,0.17500000000000002,1265.963125,90.72412581104703,High Risk
2024-11-27,0.5777083333333334,28.46666666666667,0.008333333333333333,0.0,77.83333333333333,71.125,22.579166666666666,0.008333333333333333,6.333333333333333,1010.3958333333334,1010.2958333333332,7.6875,57.75,18.779166666666665,0.17208333333333334,1235.6229166666667,91.13548140268368,High Risk
2024-11-28,0.5520833333333334,27.724999999999998,0.0,0.0,51.666666666666664,64.25,20.191666666666666,0.0,1.5416666666666667,1011.9166666666666,1011.8166666666666,10.295833333333333,59.625,24.495833333333334,0.2041666666666667,1208.7920833333333,90.99201239198999,High Risk
2024-11-29,0.48290277777777774,26.05,0.0,0.0,50.458333333333336,62.541666666666664,18.183333333333334,0.0,1.4583333333333333,1012.7416666666667,1012.6416666666668,7.691666666666666,70.45833333333333,19.479166666666668,0.18499999999999997,1183.98125,90.60468494360772,High Risk
2024-11-30,0.5002083333333334,25.537499999999998,0.0,0.0,49.291666666666664,64.125,17.870833333333334,0.0,1.5416666666666667,1011.3708333333334,1011.2708333333334,4.120833333333334,168.75,12.170833333333334,0.17375,1160.9458333333334,90.70157512643935,High Risk
2024-12-01,0.37194444444444447,26.320833333333336,0.0,0.0,44.75,64.91666666666667,18.791666666666668,0.0,1.3333333333333333,1009.7041666666668,1009.6041666666666,5.029166666666667,300.3333333333333,14.466666666666667,0.17625,1139.7375,89.98345246315684,High Risk
2024-12-02,0.38548611111111114,27.433333333333334,0.0,0.0,75.625,64.66666666666667,19.658333333333335,0.0,2.375,1009.1125000000001,1009.0124999999999,4.1499999999999995,291.5416666666667,12.658333333333333,0.1775,1120.1414583333333,90.05926942002748,High Risk
2024-12-03,0.38645833333333335,29.083333333333332,0.0,0.0,46.0,58.916666666666664,19.658333333333335,0.0,1.375,1009.3083333333334,1009.2083333333334,5.3125,195.25,15.195833333333333,0.19125,1102.2152083333333,90.0647126887259,High Risk
2024-12-04,0.34865277777777776,29.825,0.0,0.0,32.625,55.583333333333336,19.291666666666668,0.0,0.9583333333333334,1009.15,1009.0500000000001,6.454166666666667,161.5,17.379166666666666,0.2054166666666667,1085.7677083333335,89.85304729733933,High Risk
2024-12-05,0.288125,29.916666666666668,0.0,0.0,84.08333333333333,55.5,19.5,0.0,2.5,1009.0625,1008.9625,4.233333333333333,96.08333333333333,12.883333333333333,0.1775,1070.8535416666666,89.51416494037288,High Risk
2024-12-06,0.2838333333333333,30.329166666666666,0.0,0.0,62.208333333333336,48.083333333333336,17.570833333333333,0.0,1.875,1009.0416666666666,1008.9416666666666,5.558333333333334,89.95833333333333,16.108333333333334,0.19874999999999998,1057.30375,89.49013679711848,High Risk
2024-12-07,0.2936111111111111,30.037499999999998,0.04583333333333334,0.0,72.41666666666667,58.0,20.462500000000002,0.04583333333333334,10.25,1009.5375,1009.4375,6.429166666666667,100.16666666666667,18.10833333333333,0.19083333333333333,1044.045625,89.54488052802816,High Risk
2024-12-08,0.32034722222222217,30.15833333333333,0.012500000000000002,0.0,71.54166666666667,59.041666666666664,20.925,0.012500000000000002,8.458333333333334,1010.4541666666668,1010.3541666666666,6.691666666666666,60.791666666666664,18.616666666666667,0.18208333333333335,1030.8375,89.6945704172343,High Risk
2024-12-09,0.35097222222222224,28.816666666666666,0.0,0.0,77.125,59.083333333333336,19.7625,0.0,2.375,1010.4958333333334,1010.3958333333334,6.129166666666666,180.875,17.870833333333334,0.17833333333333334,1020.1458333333334,89.86603338123409,High Risk
2024-12-10,0.26569444444444446,29.075,0.0,0.0,74.08333333333333,58.875,19.470833333333335,0.0,2.25,1009.4541666666668,1009.3541666666666,3.275,252.66666666666666,11.7125,0.17833333333333334,1009.6772916666667,89.3885809554025,High Risk
2024-12-11,0.12104166666666666,29.974999999999998,0.0,0.0,85.75,53.0,18.854166666666668,0.0,2.5416666666666665,1008.5375,1008.4375,7.9750000000000005,182.20833333333334,21.2,0.2004166666666667,999.206875,88.57870033406117,High Risk
2024-12-12,0.28173611111111113,30.058333333333334,0.0,0.0,97.66666666666667,57.083333333333336,20.55,0.0,2.9166666666666665,1008.2708333333334,1008.1708333333332,7.8125,89.70833333333333,20.916666666666668,0.16041666666666668,990.0352083333333,89.47839488892622,High Risk
2024-12-13,0.4681944444444444,27.849999999999998,0.03333333333333333,0.0,94.20833333333333,71.29166666666667,22.058333333333334,0.03333333333333333,14.833333333333334,1009.75,1009.65,7.675,74.875,21.541666666666668,0.10375000000000001,983.109375,90.522336064299,High Risk
2024-12-14,0.3900694444444444,27.162499999999998,0.0,0.0,87.875,68.91666666666667,20.729166666666668,0.0,2.7083333333333335,1011.9208333333332,1011.8208333333333,8.079166666666667,88.20833333333333,20.758333333333333,0.14458333333333334,980.75,90.0849305438914,High Risk
2024-12-15,0.4451666666666667,26.25,0.0,0.0,79.04166666666667,60.208333333333336,17.654166666666665,0.0,2.5,1013.75,1013.65,7.175,72.54166666666667,18.854166666666668,0.16041666666666668,980.75,90.39340835712818,High Risk
2024-12-16,0.42651388888888886,26.804166666666664,0.0,0.0,50.125,55.791666666666664,16.837500000000002,0.0,1.4583333333333333,1014.125,1014.025,5.1875,91.91666666666667,15.129166666666668,0.17625,987.2954166666667,90.28897535910019,High Risk
2024-12-17,0.4825,27.03333333333333,0.0,0.0,23.583333333333332,54.625,16.633333333333333,0.0,0.6666666666666666,1013.0333333333333,1012.9333333333334,3.2541666666666664,99.16666666666667,11.945833333333333,0.16625,991.1229166666667,90.60242987514697,High Risk
2024-12-18,0.43333333333333335,27.72083333333333,0.0,0.0,28.416666666666668,52.916666666666664,16.891666666666666,0.0,0.8333333333333334,1012.3166666666666,1012.2166666666667,8.4,107.91666666666667,22.008333333333336,0.20875,983.2087499999999,90.32715600097046,High Risk
2024-12-19,0.43368055555555557,27.258333333333336,0.0,0.0,36.958333333333336,52.25,16.325,0.0,1.0833333333333333,1012.875,1012.775,8.279166666666667,68.91666666666667,22.420833333333334,0.21125000000000002,975.2604166666666,90.32910002550558,High Risk
2024-12-20,0.5095972222222223,26.370833333333334,0.0,0.0,58.5,50.291666666666664,14.7125,0.0,1.75,1012.4333333333334,1012.3333333333334,4.4125000000000005,122.91666666666667,15.225,0.18041666666666667,967.4758333333334,90.75414154986966,High Risk
2024-12-21,0.4272222222222222,26.59166666666667,0.0,0.0,74.5,51.458333333333336,15.070833333333333,0.0,2.2916666666666665,1012.3666666666667,1012.2666666666668,5.508333333333333,150.70833333333334,16.150000000000002,0.18375,958.5941666666668,90.2929411691519,High Risk
2024-12-22,0.2760416666666667,25.954166666666666,0.0,0.0,63.708333333333336,48.291666666666664,13.820833333333333,0.0,1.9166666666666667,1012.6041666666666,1012.5041666666666,8.516666666666667,56.958333333333336,22.9875,0.2091666666666667,949.7972916666668,89.44651288654983,High Risk
2024-12-23,0.2750694444444444,25.6125,0.0,0.0,51.833333333333336,47.916666666666664,13.341666666666667,0.0,1.5,1012.0958333333333,1011.9958333333334,6.066666666666666,74.66666666666667,18.354166666666668,0.19166666666666665,942.1158333333333,89.44106961785143,High Risk
2024-12-24,0.15708333333333332,27.0625,0.0,0.0,24.791666666666668,51.541666666666664,15.929166666666667,0.0,0.7083333333333334,1012.3416666666667,1012.2416666666667,7.216666666666666,165.45833333333334,20.291666666666668,0.19791666666666666,935.6197916666666,88.7804900808092,High Risk
2024-12-25,0.1797777777777778,27.65416666666667,0.0,0.0,68.66666666666667,50.458333333333336,16.091666666666665,0.0,2.0,1013.0791666666668,1012.9791666666666,5.083333333333333,142.20833333333334,16.670833333333334,0.18666666666666665,929.17375,88.90755152442628,High Risk
2024-12-26,0.2725,28.291666666666668,0.0,0.0,68.20833333333333,49.166666666666664,16.441666666666666,0.0,1.9583333333333333,1013.9083333333333,1013.8083333333334,6.766666666666667,163.95833333333334,18.320833333333333,0.1625,922.7729166666667,89.42668383629136,High Risk
2024-12-27,0.37916666666666665,29.95,0.0,0.0,54.208333333333336,54.625,19.595833333333335,0.0,1.625,1013.6875,1013.5875,6.783333333333334,137.41666666666666,19.145833333333332,0.19541666666666666,917.4231250000001,90.02388817348785,High Risk
2024-12-28,0.38556944444444446,28.829166666666666,0.0,0.0,65.0,55.375,18.849999999999998,0.0,1.875,1014.2125,1014.1125000000001,11.158333333333333,64.79166666666667,26.7375,0.21458333333333335,913.2027083333334,90.05973598591594,High Risk
2024-12-29,0.482625,27.325,0.0,0.0,21.041666666666668,53.083333333333336,16.7,0.0,0.5416666666666666,1014.1791666666667,1014.0791666666668,7.133333333333333,69.08333333333333,19.754166666666666,0.18875,908.0008333333334,90.6031297239796,High Risk
2024-12-30,0.5616666666666666,26.995833333333334,0.0,0.0,12.708333333333334,56.458333333333336,17.358333333333334,0.0,0.3333333333333333,1013.7125,1013.6125000000001,5.1499999999999995,122.08333333333333,15.179166666666667,0.18166666666666667,902.7366666666667,91.04566746916,High Risk
2024-12-31,0.3349166666666667,26.741666666666664,0.0,0.0,54.666666666666664,55.333333333333336,16.233333333333334,0.0,1.5833333333333333,1013.0916666666667,1012.9916666666667,3.2125,167.79166666666666,12.254166666666668,0.17,899.578125,89.776141686729,High Risk
2025-01-01,0.2679861111111111,27.570833333333336,0.0,0.0,34.125,50.75,16.058333333333334,0.0,0.9583333333333334,1011.5166666666668,1011.4166666666666,4.666666666666667,130.375,15.358333333333334,0.18583333333333332,896.51625,89.40141151733447,High Risk
2025-01-02,0.4265277777777778,27.7625,0.0,0.0,36.958333333333336,49.541666666666664,15.533333333333333,0.0,1.1666666666666667,1011.5208333333334,1011.4208333333332,3.7125,243.20833333333334,13.825000000000001,0.18375,892.390625,90.2890531200816,High Risk
2025-01-03,0.34247222222222223,28.183333333333334,0.0,0.0,38.916666666666664,47.458333333333336,15.608333333333334,0.0,1.2083333333333333,1011.9958333333334,1011.8958333333334,6.2749999999999995,114.41666666666667,17.6,0.18375,888.2902083333333,89.81844366061375,High Risk
2025-01-04,0.35426388888888893,28.0125,0.0,0.0,65.91666666666667,49.041666666666664,15.741666666666667,0.0,2.0416666666666665,1011.6541666666667,1011.5541666666667,5.820833333333333,92.45833333333333,17.241666666666667,0.1975,884.2049999999999,89.88446273382725,High Risk
2025-01-05,0.4216666666666667,27.3875,0.0,0.0,78.08333333333333,42.458333333333336,13.054166666666667,0.0,2.4583333333333335,1013.2333333333332,1013.1333333333333,6.25,88.375,18.520833333333332,0.2041666666666667,789.6775000000001,90.26183677658959,High Risk
2025-01-06,0.25604166666666667,26.308333333333334,0.0,0.0,73.25,46.958333333333336,13.633333333333333,0.0,2.2916666666666665,1012.7708333333334,1012.6708333333332,3.9125,202.16666666666666,14.270833333333334,0.18125,548.3841666666666,89.33453707332548,High Risk
2025-01-07,0.3315277777777778,27.224999999999998,0.0,0.0,34.166666666666664,44.416666666666664,13.4,0.0,1.0416666666666667,1012.2666666666668,1012.1666666666666,4.295833333333333,164.125,14.266666666666666,0.18625,279.10125,89.75716800726599,High Risk
2025-01-08,0.2435138888888889,28.3875,0.0,0.0,14.0,45.791666666666664,15.045833333333334,0.0,0.3333333333333333,1011.725,1011.625,4.341666666666667,157.125,14.404166666666667,0.18833333333333335,89.55083333333333,89.26439666809746,High Risk
2025-01-09,0.35694444444444445,29.141666666666666,0.0,0.0,26.666666666666668,44.125,15.283333333333333,0.0,0.8333333333333334,1012.7041666666668,1012.6041666666666,7.6000000000000005,67.20833333333333,20.716666666666665,0.21250000000000002,10.822916666666666,89.89947060323858,High Risk
2025-01-10,0.2892361111111111,27.754166666666666,0.0,0.0,42.125,48.833333333333336,15.799999999999999,0.0,1.25,1015.2375000000001,1015.1374999999999,10.120833333333334,59.041666666666664,25.7375,0.225,0.0,89.52038581888533,High Risk
2025-01-11,0.5346527777777778,25.9375,0.0,0.0,74.91666666666667,48.083333333333336,13.733333333333334,0.0,2.2916666666666665,1016.6708333333332,1016.5708333333333,13.362499999999999,61.458333333333336,32.449999999999996,0.2404166666666667,0.0,90.89442236032572,High Risk
2025-01-12,0.4477083333333333,23.90833333333333,0.0,0.0,42.416666666666664,46.375,11.295833333333334,0.0,1.2916666666666667,1017.1458333333334,1017.0458333333332,7.720833333333334,35.583333333333336,22.4375,0.20125,0.0,90.40763861672545,High Risk
2025-01-13,0.481875,23.895833333333332,0.0,0.0,40.458333333333336,42.375,9.679166666666665,0.0,1.1666666666666667,1014.9791666666666,1014.8791666666666,3.716666666666667,176.41666666666666,14.012500000000001,0.18000000000000002,0.0,90.5989306309837,High Risk
2025-01-14,0.43194444444444446,25.2625,0.0,0.0,87.54166666666667,42.375,10.708333333333334,0.0,2.6666666666666665,1014.375,1014.275,5.9750000000000005,196.04166666666666,17.0,0.20041666666666666,0.0,90.31937990282987,High Risk
2025-01-15,0.2596527777777778,27.141666666666666,0.0,0.0,12.791666666666666,45.708333333333336,14.029166666666667,0.0,0.2916666666666667,1013.9083333333333,1013.8083333333334,10.5625,188.08333333333334,26.470833333333335,0.2383333333333333,0.0,89.35475492849099,High Risk
2025-01-16,0.4491666666666667,28.391666666666666,0.0,0.0,56.166666666666664,48.541666666666664,16.341666666666665,0.0,1.75,1014.0458333333332,1013.9458333333333,9.2875,63.958333333333336,24.28333333333333,0.20125,0.0,90.41580351977305,High Risk
2025-01-17,0.5301388888888888,27.34166666666667,0.0,0.0,38.458333333333336,45.791666666666664,14.254166666666668,0.0,1.125,1013.375,1013.275,7.7875000000000005,62.875,22.3625,0.21541666666666667,0.0,90.86915004136883,High Risk
2025-01-18,0.47119444444444447,27.395833333333332,0.0,0.0,36.166666666666664,40.416666666666664,12.104166666666666,0.0,1.0833333333333333,1012.2791666666667,1012.1791666666667,5.833333333333333,118.70833333333333,17.220833333333335,0.21083333333333334,0.0,90.53913243628266,High Risk
2025-01-19,0.2603611111111111,27.375,0.0,0.0,52.333333333333336,40.708333333333336,12.208333333333334,0.0,1.5416666666666667,1011.1083333333332,1011.0083333333333,4.670833333333333,122.83333333333333,15.108333333333334,0.20291666666666666,0.0,89.35872073854269,High Risk
2025-01-20,0.370625,27.52916666666667,0.0,0.0,92.58333333333333,40.875,12.566666666666668,0.0,2.8333333333333335,1010.1833333333334,1010.0833333333334,4.8125,159.25,15.216666666666667,0.2025,0.0,89.97606516992329,High Risk
2025-01-21,0.3220138888888889,27.46666666666667,0.0,0.0,61.333333333333336,43.625,13.391666666666666,0.0,1.875,1010.3208333333333,1010.2208333333333,4.3875,149.875,15.049999999999999,0.2004166666666667,0.0,89.70390173500302,High Risk
2025-01-22,0.302875,27.695833333333336,0.0,0.0,80.33333333333333,46.166666666666664,14.066666666666668,0.0,2.4583333333333335,1010.6458333333334,1010.5458333333332,4.2250000000000005,150.79166666666666,13.887500000000001,0.20291666666666666,0.0,89.59674710262583,High Risk
2025-01-23,0.22668055555555555,27.745833333333334,0.0,0.0,85.625,48.666666666666664,15.183333333333332,0.0,2.5833333333333335,1010.8583333333332,1010.7583333333333,4.325,188.20833333333334,14.541666666666666,0.20083333333333334,0.0,89.17015035863363,High Risk
2025-01-24,0.19269444444444442,28.020833333333332,0.0,0.0,78.25,53.083333333333336,16.808333333333334,0.0,2.375,1009.5749999999999,1009.475,4.575,189.08333333333334,14.820833333333333,0.2020833333333333,0.0,88.97986923713367,High Risk
2025-01-25,0.3377777777777778,27.766666666666666,0.0,0.0,64.91666666666667,61.208333333333336,18.916666666666668,0.0,2.0,1009.1833333333334,1009.0833333333334,5.479166666666667,197.70833333333334,17.033333333333335,0.20166666666666666,0.0,89.79216044889858,High Risk
2025-01-26,0.23830555555555558,28.1875,0.0,0.0,28.958333333333332,71.45833333333333,21.558333333333334,0.0,0.8333333333333334,1009.5625,1009.4625,5.883333333333333,180.20833333333334,17.408333333333335,0.19625,0.0,89.23523630007028,High Risk
2025-01-27,0.39868055555555554,26.104166666666668,0.008333333333333333,0.0,36.666666666666664,58.041666666666664,16.508333333333333,0.008333333333333333,3.0416666666666665,1011.3416666666667,1011.2416666666667,10.191666666666666,70.20833333333333,26.333333333333332,0.15333333333333335,0.0,90.13314235236298,High Risk
2025-01-28,0.6029861111111111,26.224999999999998,0.0,0.0,56.708333333333336,45.541666666666664,13.3125,0.0,1.75,1013.9375,1013.8375,8.083333333333334,59.958333333333336,21.558333333333334,0.20291666666666666,0.0,91.27700638884222,High Risk
2025-01-29,0.41375,26.425,0.0,0.0,72.16666666666667,44.291666666666664,12.979166666666666,0.0,2.2083333333333335,1015.15,1015.0500000000001,8.225,59.333333333333336,22.3,0.22375,0.0,90.21751301718828,High Risk
2025-01-30,0.36166666666666664,26.995833333333334,0.0,0.0,50.166666666666664,48.625,14.641666666666666,0.0,1.4583333333333333,1012.1708333333332,1012.0708333333333,4.579166666666667,131.79166666666666,14.5375,0.19583333333333333,0.0,89.92590933691656,High Risk
2025-01-31,0.3799305555555556,27.28333333333333,0.0,0.0,30.333333333333332,56.125,16.870833333333334,0.0,0.9166666666666666,1010.75,1010.65,4.816666666666666,177.16666666666666,15.649999999999999,0.20041666666666666,0.0,90.02816502746518,High Risk
2025-02-01,0.2914722222222222,27.90833333333333,0.0,0.0,38.5,56.583333333333336,17.720833333333335,0.0,1.125,1009.2583333333333,1009.1583333333333,5.45,202.0,17.016666666666666,0.20625000000000002,0.0,89.53290533689167,High Risk
2025-02-02,0.29501388888888885,28.108333333333334,0.0,0.0,41.083333333333336,64.33333333333333,19.962500000000002,0.0,1.25,1008.85,1008.75,6.629166666666666,162.16666666666666,19.0,0.20833333333333334,0.0,89.55273438715014,High Risk
2025-02-03,0.2396527777777778,28.333333333333332,0.0,0.0,3.625,67.16666666666667,21.008333333333333,0.0,0.125,1009.2333333333332,1009.1333333333333,7.104166666666667,175.125,19.95,0.20458333333333334,0.0,89.24277911526664,High Risk
2025-02-04,0.36916666666666664,28.900000000000002,0.05416666666666667,0.0,31.125,64.29166666666667,20.441666666666666,0.05416666666666667,7.166666666666667,1011.2041666666668,1011.1041666666666,8.095833333333333,129.125,22.525000000000002,0.17916666666666667,0.0,89.96790026687569,High Risk
2025-02-05,0.4442361111111111,28.42916666666667,0.0,0.0,24.166666666666668,63.333333333333336,20.075,0.0,0.7083333333333334,1010.5375,1010.4375,6.6000000000000005,152.16666666666666,19.091666666666665,0.1991666666666667,0.0,90.38819837137399,High Risk
2025-02-06,0.29409722222222223,28.125,0.0,0.0,36.083333333333336,70.16666666666667,21.52916666666667,0.0,1.0833333333333333,1009.8958333333334,1009.7958333333332,7.0249999999999995,176.33333333333334,19.7625,0.18958333333333333,0.0,89.54760216237736,High Risk
2025-02-07,0.27520833333333333,28.22083333333333,0.020833333333333332,0.0,49.291666666666664,72.70833333333333,22.3875,0.020833333333333332,9.708333333333334,1010.7375000000001,1010.6374999999999,5.820833333333333,181.375,17.475,0.17416666666666666,0.0,89.44184722766548,High Risk
2025-02-08,0.35590277777777773,29.52916666666667,0.0,0.0,14.291666666666666,56.5,18.712500000000002,0.0,0.3333333333333333,1011.2791666666667,1011.1791666666667,9.095833333333333,91.04166666666667,23.6125,0.23750000000000002,0.0,89.89363852963315,High Risk
2025-02-09,0.453125,27.9875,0.0,0.0,29.25,44.666666666666664,14.516666666666666,0.0,0.7916666666666666,1012.3041666666667,1012.2041666666668,10.366666666666667,69.83333333333333,27.333333333333332,0.24750000000000003,0.0,90.43796539947371,High Risk
2025-02-10,0.43930555555555556,27.8125,0.0,0.0,52.333333333333336,44.333333333333336,14.195833333333333,0.0,1.5833333333333333,1012.625,1012.525,6.05,130.41666666666666,18.454166666666666,0.22416666666666665,0.0,90.36059322297496,High Risk
2025-02-11,0.34618055555555555,28.78333333333333,0.0,0.0,68.95833333333333,45.166666666666664,15.116666666666667,0.0,2.2083333333333335,1011.9291666666667,1011.8291666666668,4.504166666666666,200.875,15.258333333333333,0.21583333333333335,0.0,89.8392058426491,High Risk
2025-02-12,0.31430555555555556,29.77916666666667,0.0,0.0,80.70833333333333,43.291666666666664,15.375,0.0,2.4583333333333335,1011.2458333333334,1011.1458333333334,5.145833333333333,229.75,16.508333333333333,0.22166666666666668,0.0,89.6607443903228,High Risk
2025-02-13,0.31930555555555556,29.620833333333334,0.0,0.0,30.875,52.5,18.425,0.0,0.9583333333333334,1010.8583333333332,1010.7583333333333,5.779166666666666,183.0,17.875,0.22041666666666668,0.0,89.68873834362888,High Risk
2025-02-14,0.30069444444444443,28.8625,0.008333333333333333,0.0,8.666666666666666,70.875,22.47083333333333,0.008333333333333333,4.375,1010.5041666666666,1010.4041666666667,7.233333333333333,163.75,20.354166666666668,0.19458333333333333,0.0,89.58453862854512,High Risk
2025-02-15,0.22169444444444444,29.8,0.0,0.0,31.583333333333332,61.791666666666664,20.341666666666665,0.0,0.9166666666666666,1009.2166666666667,1009.1166666666667,6.620833333333334,209.04166666666666,19.3625,0.21958333333333335,0.0,89.14223416630897,High Risk
2025-02-16,0.269375,29.625,0.0,0.0,36.75,60.958333333333336,20.220833333333335,0.0,1.0833333333333333,1009.8375,1009.7375000000001,7.425,229.33333333333334,20.825,0.22458333333333333,0.0,89.40918761547505,High Risk
2025-02-17,0.38023611111111116,28.575,0.09583333333333333,0.0,18.458333333333332,77.125,23.95,0.09583333333333333,7.041666666666667,1011.7458333333334,1011.6458333333334,10.170833333333333,174.33333333333334,26.266666666666666,0.1725,0.0,90.02987576905609,High Risk
2025-02-18,0.39465277777777774,27.483333333333334,0.3666666666666667,0.0,44.625,78.54166666666667,23.2375,0.3666666666666667,33.708333333333336,1012.6041666666666,1012.5041666666666,7.8125,161.29166666666666,22.21666666666667,0.15958333333333333,0.009583333333333333,90.11059166775533,High Risk
2025-02-19,0.3136805555555556,26.829166666666666,0.9791666666666666,0.0,45.0,81.75,23.204166666666666,0.9791666666666666,21.125,1012.2583333333333,1012.1583333333333,5.195833333333334,138.45833333333334,16.991666666666667,0.1708333333333333,0.091875,89.65724514615954,High Risk
2025-02-20,0.3300138888888889,27.349999999999998,0.15416666666666667,0.0,51.541666666666664,79.16666666666667,23.083333333333332,0.15416666666666667,10.208333333333334,1012.1166666666667,1012.0166666666668,3.983333333333333,83.54166666666667,14.0,0.1758333333333333,0.2658333333333333,89.74869206029274,High Risk
2025-02-21,0.33084722222222224,27.483333333333334,0.15833333333333333,0.0,75.125,80.83333333333333,23.795833333333334,0.15833333333333333,13.083333333333334,1012.5625,1012.4625,5.1625000000000005,209.45833333333334,16.341666666666665,0.15458333333333332,0.28854166666666664,89.75335771917709,High Risk
2025-02-22,0.2787222222222222,27.816666666666666,0.2791666666666666,0.0,50.291666666666664,75.5,22.479166666666668,0.2791666666666666,12.458333333333334,1012.8166666666666,1012.7166666666667,4.508333333333334,108.16666666666667,15.979166666666666,0.18791666666666665,0.14729166666666668,89.46152075596116,High Risk
2025-02-23,0.32236111111111115,29.254166666666666,0.0375,0.0,89.16666666666667,68.54166666666667,22.15833333333333,0.0375,8.791666666666666,1013.3583333333332,1013.2583333333333,7.066666666666666,111.625,21.770833333333332,0.20291666666666666,0.075625,89.70584575953815,High Risk
2025-02-24,0.42030555555555554,25.579166666666666,1.0333333333333334,0.0,97.875,80.58333333333333,21.90833333333333,1.0333333333333334,33.916666666666664,1015.4875000000001,1015.3874999999999,8.529166666666667,69.0,23.2,0.0825,0.17979166666666666,90.2542162004118,High Risk
2025-02-25,0.4549722222222223,25.266666666666666,0.0625,0.0,99.54166666666667,74.875,20.325,0.0625,11.083333333333334,1016.5625,1016.4625,8.354166666666666,256.4166666666667,20.55,0.12666666666666668,0.9233333333333333,90.44830761000067,High Risk
2025-02-26,0.2889583333333334,27.02916666666667,0.0,0.0,55.833333333333336,65.45833333333333,19.620833333333334,0.0,1.7083333333333333,1015.2333333333332,1015.1333333333333,8.295833333333333,173.70833333333334,22.366666666666664,0.20750000000000002,1.6666666666666667,89.51883059925721,High Risk
2025-02-27,0.47125,29.208333333333332,0.008333333333333333,0.0,55.916666666666664,63.25,20.920833333333334,0.008333333333333333,3.6666666666666665,1012.6166666666667,1012.5166666666668,3.704166666666667,188.08333333333334,13.279166666666667,0.18958333333333333,1.0025,90.53944348020828,High Risk
2025-02-28,0.50975,29.616666666666664,0.08750000000000001,0.0,36.25,67.33333333333333,22.55,0.08750000000000001,3.5416666666666665,1011.5041666666666,1011.4041666666667,5.770833333333333,202.75,18.370833333333334,0.2004166666666667,0.14208333333333334,90.75499692066514,High Risk
2025-03-01,0.466875,29.337500000000002,0.0,0.0,71.25,76.70833333333333,24.545833333333334,0.0,2.25,1010.3916666666668,1010.2916666666666,8.5375,192.29166666666666,22.88333333333333,0.19375,0.075625,90.51494877106545,High Risk
2025-03-02,0.3785416666666666,29.895833333333332,0.0,0.0,66.625,73.5,24.25,0.0,2.0833333333333335,1008.5333333333333,1008.4333333333334,9.575000000000001,182.45833333333334,24.820833333333336,0.21625000000000003,0.045625,90.0203889293246,High Risk
2025-03-03,0.33395833333333336,29.808333333333334,0.0,0.0,74.91666666666667,75.125,24.6375,0.0,2.375,1008.3708333333334,1008.2708333333334,11.487499999999999,179.125,28.825,0.21625000000000003,0.015625,89.77077617901197,High Risk
2025-03-04,0.26713888888888887,29.854166666666668,0.0,0.0,42.208333333333336,71.95833333333333,23.8125,0.0,1.1666666666666667,1007.8541666666666,1007.7541666666666,11.895833333333334,180.625,29.583333333333332,0.22416666666666665,0.0,89.3966680974687,High Risk
2025-03-05,0.2056111111111111,29.854166666666668,0.0,0.0,38.625,74.16666666666667,24.454166666666666,0.0,1.2083333333333333,1007.4666666666667,1007.3666666666667,10.3375,181.20833333333334,26.38333333333333,0.2075,0.0,89.05218694984104,High Risk
2025-03-06,0.27270833333333333,29.71666666666667,0.0,0.0,10.458333333333334,74.20833333333333,24.15833333333333,0.0,0.25,1008.7583333333333,1008.6583333333333,9.950000000000001,174.0,25.90416666666667,0.20791666666666667,0.0,89.42785025101244,High Risk
2025-03-07,0.23194444444444443,28.079166666666666,0.2708333333333333,0.0,86.33333333333333,79.83333333333333,24.075,0.2708333333333333,17.458333333333332,1009.5708333333333,1009.4708333333333,8.904166666666667,124.95833333333333,24.145833333333332,0.14958333333333332,0.057499999999999996,89.19962177058643,High Risk
2025-03-08,0.34791666666666665,27.962500000000002,0.016666666666666666,0.0,69.29166666666667,69.625,21.3125,0.016666666666666666,6.125,1010.9708333333333,1010.8708333333334,8.729166666666666,70.83333333333333,23.579166666666666,0.20625000000000002,0.25895833333333335,89.84892596532481,High Risk
2025-03-09,0.4354861111111111,29.1875,0.0,0.0,46.125,61.666666666666664,20.404166666666665,0.0,1.2916666666666667,1011.9875000000001,1011.8874999999999,4.979166666666667,93.41666666666667,16.224999999999998,0.2041666666666667,0.25666666666666665,90.33920895308835,High Risk
2025-03-10,0.44,31.7625,0.0,0.0,16.791666666666668,51.25,19.8125,0.0,0.4166666666666667,1011.75,1011.65,7.258333333333333,90.625,20.425,0.25083333333333335,0.06125,90.36448127204524,High Risk
2025-03-11,0.5018888888888889,31.179166666666664,0.10000000000000002,0.0,52.833333333333336,62.541666666666664,22.616666666666664,0.10000000000000002,10.125,1010.7624999999999,1010.6625,6.833333333333333,139.58333333333334,19.695833333333333,0.20583333333333334,0.015625,90.71098420518945,High Risk
2025-03-12,0.42124999999999996,30.229166666666668,0.041666666666666664,0.0,74.5,70.54166666666667,24.02916666666667,0.041666666666666664,10.5,1009.3125,1009.2125,8.295833333333333,214.54166666666666,23.195833333333336,0.21291666666666667,0.014374999999999999,90.25950394714741,High Risk
2025-03-13,0.4259027777777778,29.945833333333336,0.016666666666666666,0.0,83.91666666666667,71.5,24.03333333333333,0.016666666666666666,8.625,1009.4583333333334,1009.3583333333332,9.108333333333333,179.08333333333334,24.545833333333334,0.19333333333333333,0.03,90.28555387591835,High Risk
2025-03-14,0.3129027777777778,29.96666666666667,0.004166666666666667,0.0,90.70833333333333,72.375,24.104166666666668,0.004166666666666667,4.791666666666667,1010.4291666666667,1010.3291666666668,7.058333333333334,194.20833333333334,19.558333333333334,0.205,0.07312500000000001,89.65289053120081,High Risk
2025-03-15,0.3211111111111111,30.604166666666668,0.004166666666666667,0.0,49.0,69.66666666666667,24.0625,0.004166666666666667,3.5833333333333335,1010.4833333333332,1010.3833333333333,8.816666666666666,192.0,23.65833333333333,0.2175,0.15354166666666666,89.69884727121163,High Risk
2025-03-16,0.23012500000000002,30.804166666666664,0.012500000000000002,0.0,36.791666666666664,70.04166666666667,24.291666666666668,0.012500000000000002,5.208333333333333,1009.6666666666666,1009.5666666666666,7.608333333333333,177.83333333333334,21.445833333333336,0.20666666666666667,0.09895833333333333,89.18943508202227,High Risk
2025-03-17,0.2622638888888889,29.733333333333334,0.225,0.0,53.875,74.79166666666667,24.53333333333333,0.225,14.875,1010.4166666666666,1010.3166666666666,9.308333333333334,155.66666666666666,24.7625,0.19041666666666668,0.0,89.36937399299528,High Risk
2025-03-18,0.41909722222222223,30.058333333333334,0.11666666666666665,0.0,55.0,71.875,24.070833333333336,0.11666666666666665,16.625,1011.4666666666667,1011.3666666666667,6.266666666666667,126.91666666666667,19.354166666666668,0.19541666666666668,0.043125000000000004,90.24745099502952,High Risk
2025-03-19,0.4838611111111111,30.133333333333336,0.008333333333333333,0.0,69.33333333333333,51.291666666666664,18.3,0.008333333333333333,4.125,1014.3458333333333,1014.2458333333334,10.9125,84.25,28.05,0.2708333333333333,0.09000000000000001,90.61005045132472,High Risk
2025-03-20,0.4249305555555556,28.479166666666668,0.0,0.0,78.16666666666667,48.5,16.054166666666667,0.0,2.3333333333333335,1015.6875,1015.5875,6.920833333333333,74.79166666666667,19.208333333333332,0.24125,0.06125,90.28011060721994,High Risk
2025-03-21,0.38143055555555555,28.15416666666667,0.0,0.0,72.125,48.791666666666664,15.924999999999999,0.0,2.2083333333333335,1015.3541666666666,1015.2541666666666,6.945833333333333,98.16666666666667,18.770833333333332,0.22875,0.015625,90.03656321345701,High Risk
2025-03-22,0.3911805555555556,29.254166666666666,0.0,0.0,38.041666666666664,52.291666666666664,17.729166666666668,0.0,1.0833333333333333,1013.4499999999999,1013.35,5.566666666666666,106.29166666666667,16.258333333333333,0.24,0.0,90.09115142240385,High Risk
2025-03-23,0.45673611111111106,30.7,0.0,0.0,22.541666666666668,52.25,18.658333333333335,0.0,0.5416666666666666,1012.2541666666666,1012.1541666666667,4.5874999999999995,213.66666666666666,15.508333333333333,0.24291666666666667,0.0,90.45818325463922,High Risk
2025-03-24,0.34298611111111116,30.479166666666668,0.07083333333333333,0.0,36.25,63.583333333333336,22.233333333333334,0.07083333333333333,9.666666666666666,1009.8583333333332,1009.7583333333333,6.570833333333333,196.375,18.8625,0.22999999999999998,0.0,89.82132081692575,High Risk
2025-03-25,0.36236111111111113,30.495833333333334,0.0,0.0,8.375,72.29166666666667,24.354166666666668,0.0,0.16666666666666666,1006.8916666666668,1006.7916666666666,8.691666666666666,178.75,23.054166666666664,0.23124999999999998,0.0,89.92979738598683,High Risk
2025-03-26,0.34944444444444445,30.554166666666664,0.029166666666666664,0.0,55.041666666666664,72.875,24.787499999999998,0.029166666666666664,5.958333333333333,1005.7125,1005.6125000000001,11.275,178.66666666666666,28.662499999999998,0.22958333333333333,0.0,89.85747967327946,High Risk
2025-03-27,0.3028472222222222,30.666666666666668,0.0375,0.0,47.583333333333336,70.66666666666667,24.116666666666664,0.0375,7.791666666666667,1004.9833333333332,1004.8833333333333,9.770833333333334,177.875,25.6125,0.22958333333333333,0.0,89.59659158066302,High Risk
2025-03-28,0.23097222222222225,31.412499999999998,0.029166666666666664,0.0,49.875,58.291666666666664,20.6875,0.029166666666666664,5.75,1005.7458333333334,1005.6458333333334,8.725,224.08333333333334,24.204166666666666,0.26625,0.0,89.19417850188803,High Risk
2025-03-29,0.23666666666666666,31.108333333333334,0.004166666666666667,0.0,72.66666666666667,64.41666666666667,22.974999999999998,0.004166666666666667,4.291666666666667,1007.0208333333334,1006.9208333333332,9.104166666666666,175.20833333333334,24.804166666666664,0.24708333333333332,0.0,89.22606050426441,High Risk
2025-03-30,0.33022222222222225,29.754166666666666,0.325,0.0,84.625,74.5,24.46666666666667,0.325,17.25,1009.7125,1009.6125000000001,10.058333333333334,157.25,26.90416666666667,0.18458333333333332,0.0,89.74985847501384,High Risk
2025-03-31,0.29291666666666666,26.84583333333333,1.5833333333333333,0.0,99.375,86.79166666666667,24.375,1.5833333333333333,33.0,1010.8000000000001,1010.6999999999999,5.45,112.83333333333333,17.125,0.15208333333333332,1.6770833333333333,89.54099247895788,High Risk
2025-04-01,0.2947222222222222,28.479166666666668,0.075,0.0,98.25,82.375,24.96666666666667,0.075,15.166666666666666,1009.8333333333334,1009.7333333333332,3.8208333333333333,116.0,13.520833333333334,0.18000000000000002,3.9168749999999997,89.55110140654064,High Risk
2025-04-02,0.4086111111111111,28.320833333333336,0.020833333333333332,0.0,94.125,79.29166666666667,24.09166666666667,0.020833333333333332,4.958333333333333,1010.5791666666668,1010.4791666666666,5.270833333333333,211.625,15.316666666666668,0.14541666666666667,3.1002083333333332,90.18874145406814,High Risk
2025-04-03,0.6359027777777778,29.104166666666668,0.025000000000000005,0.0,93.125,78.125,24.65416666666667,0.025000000000000005,12.875,1011.35,1011.25,6.429166666666667,156.95833333333334,18.841666666666665,0.18041666666666667,1.0731249999999999,91.46129991477395,High Risk
2025-04-04,0.5805555555555556,29.087500000000002,0.17916666666666667,0.0,59.666666666666664,76.625,24.395833333333332,0.17916666666666667,12.875,1010.5791666666668,1010.4791666666666,7.7749999999999995,212.33333333333334,19.979166666666668,0.20083333333333334,0.23583333333333334,91.15142240387188,High Risk
2025-04-05,0.46316666666666667,29.633333333333336,0.0,0.0,78.70833333333333,73.95833333333333,24.320833333333336,0.0,2.4166666666666665,1009.8916666666668,1009.7916666666666,10.208333333333334,184.83333333333334,25.708333333333332,0.22291666666666665,0.06125,90.4941865890301,High Risk
2025-04-06,0.31673611111111116,30.287499999999998,0.0,0.0,84.125,69.91666666666667,23.7375,0.0,2.625,1009.6166666666667,1009.5166666666668,9.433333333333334,181.25,24.650000000000002,0.23583333333333334,0.015625,89.67435256206882,High Risk
2025-04-07,0.45375000000000004,29.495833333333334,0.0375,0.0,52.458333333333336,73.54166666666667,23.979166666666668,0.0375,7.75,1011.2708333333334,1011.1708333333332,9.25,160.29166666666666,25.508333333333336,0.21708333333333332,0.0,90.44146464363696,High Risk
2025-04-08,0.400625,29.433333333333334,0.07916666666666666,0.0,55.75,77.54166666666667,24.875,0.07916666666666666,14.083333333333334,1011.9166666666666,1011.8166666666666,6.541666666666667,196.125,20.445833333333333,0.20541666666666666,0.028749999999999998,90.14402888975981,High Risk
2025-04-09,0.30236111111111114,29.879166666666666,0.0,0.0,64.125,74.54166666666667,24.620833333333334,0.0,1.9583333333333333,1010.0166666666668,1009.9166666666666,8.591666666666667,189.125,21.837500000000002,0.22541666666666668,0.08875,89.5938699463138,High Risk
2025-04-10,0.21145833333333333,28.15416666666667,0.2791666666666667,0.0,99.91666666666667,82.29166666666667,24.729166666666668,0.2791666666666667,16.083333333333332,1008.4166666666666,1008.3166666666666,7.2749999999999995,155.58333333333334,20.3875,0.16041666666666668,0.12,89.08492432301288,High Risk
2025-04-11,0.23444444444444446,29.145833333333332,0.3333333333333333,0.0,79.54166666666667,78.79166666666667,24.941666666666666,0.3333333333333333,13.458333333333334,1007.3083333333334,1007.2083333333334,7.104166666666667,181.125,19.920833333333334,0.19666666666666666,0.10562500000000001,89.21361874723948,High Risk
2025-04-12,0.17347222222222222,29.9375,0.0,0.0,94.79166666666667,69.91666666666667,23.5,0.0,2.8333333333333335,1008.1166666666667,1008.0166666666668,7.591666666666666,205.125,21.295833333333334,0.23124999999999998,0.19541666666666666,88.87224803886804,High Risk
2025-04-13,0.16506944444444444,31.5,0.09166666666666667,0.0,46.875,67.54166666666667,24.291666666666668,0.09166666666666667,20.125,1008.4916666666667,1008.3916666666668,6.125,151.83333333333334,19.570833333333333,0.23083333333333333,0.26687500000000003,88.82520264511754,High Risk
2025-04-14,0.20340277777777774,28.516666666666666,0.3,0.0,94.625,78.5,24.27916666666667,0.3,15.875,1010.2166666666667,1010.1166666666667,7.366666666666667,96.625,21.53333333333333,0.15791666666666668,0.3685416666666667,89.03982295379753,High Risk
2025-04-15,0.28305555555555556,29.349999999999998,0.4583333333333334,0.0,96.875,74.91666666666667,23.974999999999998,0.4583333333333334,22.5,1009.9333333333334,1009.8333333333334,5.558333333333334,150.25,17.675,0.19458333333333333,1.0666666666666667,89.48578218215975,High Risk
2025-04-16,0.35479166666666667,28.037499999999998,0.1958333333333333,0.0,99.875,86.41666666666667,25.474999999999998,0.1958333333333333,21.666666666666668,1009.8083333333334,1009.7083333333334,4.7124999999999995,213.91666666666666,13.204166666666666,0.13083333333333333,1.88,89.88741765112069,High Risk
2025-04-17,0.12590277777777775,29.3625,0.17916666666666667,0.0,87.83333333333333,78.875,25.037499999999998,0.17916666666666667,7.125,1008.7375000000001,1008.6374999999999,5.008333333333334,208.5,14.237499999999999,0.21,3.5531249999999996,88.6059166775532,High Risk
2025-04-18,0.16673611111111108,28.945833333333336,0.2625,0.0,82.91666666666667,78.20833333333333,24.52916666666667,0.2625,7.583333333333333,1008.1999999999999,1008.1,5.166666666666667,225.33333333333334,15.754166666666668,0.20958333333333334,5.085624999999999,88.83453396288623,High Risk
2025-04-19,0.16513888888888892,29.387500000000003,0.2041666666666667,0.0,89.70833333333333,78.58333333333333,25.0625,0.2041666666666667,11.708333333333334,1007.5375,1007.4375,5.6000000000000005,187.33333333333334,16.650000000000002,0.1975,3.4647916666666667,88.82559145002456,High Risk
2025-04-20,0.2008888888888889,30.883333333333336,0.004166666666666667,0.0,36.958333333333336,70.29166666666667,24.516666666666666,0.004166666666666667,3.1666666666666665,1008.0958333333333,1007.9958333333334,9.308333333333334,187.95833333333334,23.895833333333332,0.24333333333333332,1.1497916666666665,89.02574821616308,High Risk
2025-04-21,0.16937499999999997,31.59583333333333,0.0,0.0,67.41666666666667,62.375,23.291666666666668,0.0,2.0833333333333335,1009.7708333333334,1009.6708333333332,9.858333333333333,187.66666666666666,26.224999999999998,0.25666666666666665,0.31916666666666665,88.84930854935334,High Risk
2025-04-22,0.21493055555555554,31.462500000000002,0.004166666666666667,0.0,73.04166666666667,64.375,23.604166666666668,0.004166666666666667,4.25,1010.0583333333334,1009.9583333333334,10.404166666666667,189.125,26.775000000000002,0.2575,0.046875,89.10436456836433,High Risk
2025-04-23,0.06833333333333334,31.629166666666666,0.049999999999999996,0.0,72.08333333333333,63.875,23.570833333333336,0.049999999999999996,6.541666666666667,1008.4499999999999,1008.35,8.825000000000001,212.0,24.066666666666666,0.24083333333333334,0.0,88.28359740962618,High Risk
2025-04-24,0.13297222222222221,31.566666666666666,0.0,0.0,59.541666666666664,66.29166666666667,24.254166666666666,0.0,1.7916666666666667,1008.1208333333334,1008.0208333333334,12.1,186.79166666666666,29.97083333333333,0.26291666666666663,0.0,88.64549701708874,High Risk
2025-04-25,0.11645833333333334,32.18333333333333,0.0,0.0,67.08333333333333,63.416666666666664,23.854166666666668,0.0,1.9583333333333333,1007.9166666666666,1007.8166666666666,8.35,218.66666666666666,23.525000000000002,0.23375,0.0,88.55303921019726,High Risk
2025-04-26,0.2365972222222222,31.008333333333336,0.04583333333333334,0.0,74.41666666666667,70.45833333333333,24.895833333333332,0.04583333333333334,4.333333333333333,1008.9416666666666,1008.8416666666667,10.924999999999999,177.25,28.808333333333334,0.21625000000000003,0.0,89.22567169935738,High Risk
2025-04-27,0.19762500000000002,29.683333333333334,0.3125,0.0,99.95833333333333,76.58333333333333,25.087500000000002,0.3125,15.583333333333334,1009.5583333333334,1009.4583333333334,7.954166666666667,175.875,21.683333333333334,0.14208333333333334,0.0,89.00747438553272,High Risk
2025-04-28,0.19943055555555556,29.991666666666664,0.016666666666666666,0.0,89.375,71.04166666666667,23.795833333333334,0.016666666666666666,8.75,1008.8874999999999,1008.7875,5.95,208.41666666666666,18.429166666666667,0.20875,0.21083333333333334,89.01758331311547,High Risk
2025-04-29,0.17456944444444444,29.829166666666666,0.11666666666666665,0.0,71.70833333333333,70.0,23.337500000000002,0.11666666666666665,6.625,1009.0500000000001,1008.9499999999999,5.633333333333333,119.54166666666667,17.254166666666666,0.17333333333333334,2.7304166666666663,88.87839115639909,High Risk
2025-04-30,0.21845833333333334,31.316666666666666,0.024999999999999998,0.0,60.0,64.625,23.429166666666664,0.024999999999999998,3.875,1008.6,1008.5,6.175,151.16666666666666,18.566666666666666,0.24333333333333332,109.26625,89.1241158576414,High Risk
2025-05-01,0.3154166666666667,29.22083333333333,1.1958333333333335,0.0,87.25,79.79166666666667,25.066666666666666,1.1958333333333335,18.541666666666668,1009.7166666666667,1009.6166666666667,5.116666666666666,143.08333333333334,16.708333333333332,0.20458333333333334,283.01770833333336,89.66696526883527,High Risk
2025-05-02,0.2202777777777778,29.4375,0.3458333333333334,0.0,77.45833333333333,78.29166666666667,25.025000000000002,0.3458333333333334,15.791666666666666,1008.75,1008.65,4.495833333333334,153.91666666666666,13.979166666666666,0.19999999999999998,373.34916666666663,89.13430254620557,High Risk
2025-05-03,0.26541666666666663,28.358333333333334,0.11666666666666668,0.0,99.95833333333333,84.0,25.291666666666668,0.11666666666666668,17.416666666666668,1008.5333333333333,1008.4333333333334,4.5125,159.25,13.841666666666667,0.14541666666666667,391.2210416666667,89.3870257357744,High Risk
2025-05-04,0.20518055555555556,29.233333333333334,0.06666666666666667,0.0,91.125,79.04166666666667,25.075,0.06666666666666667,19.0,1007.3833333333333,1007.2833333333333,4.575,176.04166666666666,13.758333333333333,0.2125,386.0941666666667,89.04977635941746,High Risk
2025-05-05,0.18520833333333334,29.954166666666666,0.004166666666666667,0.0,98.79166666666667,75.16666666666667,24.941666666666666,0.004166666666666667,5.0,1006.9791666666666,1006.8791666666666,7.366666666666667,187.875,18.849999999999998,0.19999999999999998,388.5933333333333,88.93795606815594,High Risk
2025-05-06,0.127875,29.34583333333333,0.225,0.0,98.75,80.33333333333333,25.537499999999998,0.225,21.916666666666668,1006.9458333333333,1006.8458333333333,6.625,192.5,18.658333333333335,0.17458333333333334,400.44812499999995,88.61695873691282,High Risk
2025-05-07,0.160625,29.141666666666666,0.10416666666666667,0.0,99.91666666666667,80.625,25.358333333333334,0.10416666666666667,15.5,1006.0666666666666,1005.9666666666667,7.325,170.875,19.383333333333333,0.17666666666666667,420.05312499999997,88.80031913106768,High Risk
2025-05-08,0.15125000000000002,30.3875,0.02916666666666667,0.0,99.375,75.45833333333333,25.325,0.02916666666666667,9.0,1006.0208333333334,1005.9208333333332,6.3,200.29166666666666,18.704166666666666,0.2070833333333333,426.96229166666666,88.74783046861877,High Risk
2025-05-09,0.1299861111111111,31.162499999999998,0.024999999999999998,0.0,95.70833333333333,72.5,25.325,0.024999999999999998,8.916666666666666,1006.0208333333334,1005.9208333333332,5.241666666666666,227.0,15.929166666666667,0.21458333333333332,429.53,88.6287784060865,High Risk
2025-05-10,0.13444444444444445,29.675,1.2041666666666666,0.0,100.0,76.29166666666667,24.579166666666666,1.2041666666666666,28.083333333333332,1006.8625000000001,1006.7624999999999,4.370833333333334,225.20833333333334,15.737499999999999,0.17541666666666667,430.004375,88.65373968111776,High Risk
2025-05-11,0.11756944444444445,27.791666666666668,0.17500000000000002,0.0,81.95833333333333,84.75,24.854166666666668,0.17500000000000002,27.083333333333332,1006.3041666666667,1006.2041666666668,4.783333333333333,150.0,15.904166666666667,0.15333333333333335,441.7660416666667,88.55926008870972,High Risk
2025-05-12,0.15436111111111112,27.391666666666666,0.4791666666666667,0.0,93.20833333333333,85.83333333333333,24.65833333333333,0.4791666666666667,30.708333333333332,1006.4416666666666,1006.3416666666667,5.425,81.625,16.841666666666665,0.16583333333333333,480.02791666666667,88.76524892845367,High Risk
2025-05-13,0.2195138888888889,27.3,0.2833333333333333,0.0,99.33333333333333,86.0,24.6375,0.2833333333333333,32.0,1007.5041666666666,1007.4041666666667,6.6000000000000005,128.83333333333334,16.95,0.13999999999999999,535.599375,89.13002569222826,High Risk
2025-05-14,0.32043055555555555,27.383333333333336,0.7083333333333334,0.0,99.45833333333333,86.66666666666667,24.875,0.7083333333333334,45.333333333333336,1008.775,1008.6750000000001,8.983333333333333,150.54166666666666,22.766666666666666,0.145,617.8716666666667,89.69503698312276,High Risk
2025-05-15,0.29812500000000003,27.45,0.38749999999999996,0.0,99.66666666666667,87.95833333333333,25.195833333333336,0.38749999999999996,36.166666666666664,1009.275,1009.1750000000001,6.325,134.83333333333334,18.662499999999998,0.1708333333333333,725.6560416666666,89.57015284698505,High Risk
2025-05-16,0.25645833333333334,27.925,0.25833333333333336,0.0,98.08333333333333,87.16666666666667,25.474999999999998,0.25833333333333336,18.083333333333332,1008.9499999999999,1008.85,3.954166666666667,120.33333333333333,13.575000000000001,0.16333333333333333,788.4691666666666,89.33686990276766,High Risk
2025-05-17,0.30430555555555555,28.099999999999998,0.6041666666666666,0.0,98.58333333333333,87.16666666666667,25.65833333333333,0.6041666666666666,36.083333333333336,1008.975,1008.875,3.9499999999999997,143.16666666666666,13.004166666666668,0.14833333333333334,781.4697916666668,89.60475648371062,High Risk
2025-05-18,0.23840277777777774,28.933333333333334,0.012500000000000002,0.0,89.5,83.125,25.570833333333336,0.012500000000000002,6.75,1008.3375,1008.2375000000001,4.266666666666667,138.41666666666666,12.858333333333334,0.19083333333333333,765.4433333333333,89.23578062694013,High Risk
2025-05-19,0.255,29.02916666666667,0.1708333333333333,0.0,93.08333333333333,83.79166666666667,25.933333333333334,0.1708333333333333,19.625,1007.8166666666666,1007.7166666666667,6.016666666666667,153.95833333333334,16.974999999999998,0.19083333333333333,770.6197916666666,89.32870499972006,High Risk
2025-05-20,0.18770833333333334,29.604166666666668,0.008333333333333333,0.0,96.75,78.16666666666667,25.27916666666667,0.008333333333333333,4.958333333333333,1007.2041666666668,1007.1041666666666,5.166666666666667,183.125,13.262500000000001,0.1675,751.2245833333333,88.95195304480899,High Risk
2025-05-21,0.18875,29.1875,0.14583333333333334,0.0,99.125,82.20833333333333,25.8,0.14583333333333334,15.5,1007.5208333333334,1007.4208333333332,5.425,186.875,15.608333333333334,0.12458333333333332,710.2127083333334,88.95778511841442,High Risk
2025-05-22,0.13589583333333333,29.204166666666666,0.05000000000000001,0.0,88.79166666666667,82.91666666666667,25.8875,0.05000000000000001,12.791666666666666,1006.1416666666668,1006.0416666666666,5.158333333333333,201.5,14.700000000000001,0.19541666666666668,694.02,88.66186570367466,High Risk
2025-05-23,0.14472222222222222,29.7375,0.07916666666666668,0.0,99.83333333333333,76.5,24.9875,0.07916666666666668,13.25,1004.2458333333334,1004.1458333333334,6.933333333333334,240.54166666666666,18.354166666666668,0.19875,707.316875,88.71128280735805,High Risk
2025-05-24,0.24854166666666666,28.525000000000002,0.2833333333333333,0.0,99.95833333333333,81.91666666666667,24.941666666666666,0.2833333333333333,19.75,1005.2416666666667,1005.1416666666668,5.745833333333334,143.875,16.283333333333335,0.18041666666666667,714.6687499999999,89.29254614336635,High Risk
2025-05-25,0.30319444444444443,27.583333333333332,0.7208333333333333,0.0,97.91666666666667,86.08333333333333,24.983333333333334,0.7208333333333333,45.916666666666664,1006.9916666666667,1006.8916666666668,9.129166666666666,125.0,22.754166666666666,0.1758333333333333,744.8520833333333,89.59853560519815,High Risk
2025-05-26,0.3270138888888889,27.3875,0.7041666666666666,0.0,98.29166666666667,86.875,24.95,0.7041666666666666,40.791666666666664,1007.5208333333334,1007.4208333333332,8.504166666666666,144.41666666666666,21.5125,0.14375000000000002,841.9208333333332,89.7318956883091,High Risk
2025-05-27,0.3363055555555556,27.8875,0.1708333333333333,0.0,98.66666666666667,84.58333333333333,25.025000000000002,0.1708333333333333,27.583333333333332,1007.2333333333332,1007.1333333333333,6.8999999999999995,163.45833333333334,17.454166666666666,0.12583333333333332,991.43,89.78391778486957,High Risk
2025-05-28,0.3479166666666667,29.108333333333334,0.19999999999999998,0.0,99.75,81.08333333333333,25.379166666666666,0.19999999999999998,23.583333333333332,1006.3708333333334,1006.2708333333334,4.841666666666667,186.375,14.120833333333332,0.1925,1108.759375,89.84892596532481,High Risk
2025-05-29,0.43168055555555557,29.054166666666664,0.09583333333333334,0.0,98.79166666666667,83.29166666666667,25.820833333333336,0.09583333333333334,15.25,1007.0,1006.9,5.533333333333334,182.91666666666666,15.258333333333333,0.15208333333333332,1175.5887500000001,90.31790244418316,High Risk
2025-05-30,0.48666666666666664,28.72083333333333,0.6333333333333333,0.0,100.0,83.875,25.683333333333334,0.6333333333333333,29.583333333333332,1008.5958333333333,1008.4958333333334,7.920833333333333,209.25,20.320833333333333,0.13999999999999999,1220.9222916666665,90.6257581695687,High Risk
2025-05-31,0.4822916666666666,28.208333333333332,0.7791666666666668,0.0,99.375,85.375,25.46666666666667,0.7791666666666668,30.75,1009.4250000000001,1009.3249999999999,8.554166666666667,194.08333333333334,19.658333333333335,0.11833333333333333,1217.99,90.60126346042587,High Risk
